version,variant,size,regime,protocol,config,n,positive_rate_mean,source_paths,auprc_mean,auprc_std,auprc_ci95_low,auprc_ci95_high,auroc_mean,auroc_std,auroc_ci95_low,auroc_ci95_high,f1_mean,f1_std,f1_ci95_low,f1_ci95_high,precision_mean,precision_std,precision_ci95_low,precision_ci95_high,recall_mean,recall_std,recall_ci95_low,recall_ci95_high,balanced_accuracy_mean,balanced_accuracy_std,balanced_accuracy_ci95_low,balanced_accuracy_ci95_high,runtime_seconds_mean,runtime_seconds_std,runtime_seconds_ci95_low,runtime_seconds_ci95_high,normalized_auprc,auprc_lift_above_prevalence,family,protocol_label,plot_y,context_label
V26,hi-small,small,hi,early_to_late_transfer,hist_gradient_boosting_edge_features,10,0.0015234617040716,results/v26_imported/ibm_aml/hi-small/V26_IBM_AML_HI_SMALL_SEEDS_1_2_T4_SINGLEGPU_SINGLEZIP/json/ibm_aml_hi_small__early_to_late_transfer__hist_gradient_boosting_edge_features__seed1.json;results/v26_imported/ibm_aml/hi-small/V26_IBM_AML_HI_SMALL_SEEDS_1_2_T4_SINGLEGPU_SINGLEZIP/json/ibm_aml_hi_small__early_to_late_transfer__hist_gradient_boosting_edge_features__seed2.json;results/v26_imported/ibm_aml/hi-small/V26_IBM_AML_HI_SMALL_SEEDS_3_4_T4_SINGLEGPU_SINGLEZIP/json/ibm_aml_hi_small__early_to_late_transfer__hist_gradient_boosting_edge_features__seed3.json;results/v26_imported/ibm_aml/hi-small/V26_IBM_AML_HI_SMALL_SEEDS_3_4_T4_SINGLEGPU_SINGLEZIP/json/ibm_aml_hi_small__early_to_late_transfer__hist_gradient_boosting_edge_features__seed4.json;results/v26_imported/ibm_aml/hi-small/V26_IBM_AML_HI_SMALL_SEEDS_5_6_T4_SINGLEGPU_SINGLEZIP/json/ibm_aml_hi_small__early_to_late_transfer__hist_gradient_boosting_edge_features__seed5.json;results/v26_imported/ibm_aml/hi-small/V26_IBM_AML_HI_SMALL_SEEDS_5_6_T4_SINGLEGPU_SINGLEZIP/json/ibm_aml_hi_small__early_to_late_transfer__hist_gradient_boosting_edge_features__seed6.json;results/v26_imported/ibm_aml/hi-small/V26_IBM_AML_HI_SMALL_SEEDS_7_8_T4_SINGLEGPU_SINGLEZIP/json/ibm_aml_hi_small__early_to_late_transfer__hist_gradient_boosting_edge_features__seed7.json;results/v26_imported/ibm_aml/hi-small/V26_IBM_AML_HI_SMALL_SEEDS_7_8_T4_SINGLEGPU_SINGLEZIP/json/ibm_aml_hi_small__early_to_late_transfer__hist_gradient_boosting_edge_features__seed8.json;results/v26_imported/ibm_aml/hi-small/V26_IBM_AML_HI_SMALL_SEEDS_9_10_T4_SINGLEGPU_SINGLEZIP/json/ibm_aml_hi_small__early_to_late_transfer__hist_gradient_boosting_edge_features__seed10.json;results/v26_imported/ibm_aml/hi-small/V26_IBM_AML_HI_SMALL_SEEDS_9_10_T4_SINGLEGPU_SINGLEZIP/json/ibm_aml_hi_small__early_to_late_transfer__hist_gradient_boosting_edge_features__seed9.json,0.0657445526069611,0.0097669174817157,0.0601916563804534,0.0715556475513127,0.9002810153303148,0.0140776257421488,0.8919091869120899,0.9085494471127284,0.0505358600150273,0.0300241381792556,0.0336467959208147,0.06935126164229,0.2501390035612129,0.0520169074994117,0.223304472351478,0.2836173307811528,0.0298147350280051,0.0201480864394059,0.0186115898319689,0.0423524342955622,0.5148315712422852,0.0100166362803161,0.509240392205332,0.5208250143962297,5.4402,0.5213991433313508,5.173792499999999,5.7782225,43.1547130008254,0.0642210909028895,HistGB,early,8.2,HI-S / early
V26,hi-small,small,hi,early_to_late_transfer,logistic_regression_edge_features,10,0.0015234617040716,results/v26_imported/ibm_aml/hi-small/V26_IBM_AML_HI_SMALL_SEEDS_1_2_T4_SINGLEGPU_SINGLEZIP/json/ibm_aml_hi_small__early_to_late_transfer__logistic_regression_edge_features__seed1.json;results/v26_imported/ibm_aml/hi-small/V26_IBM_AML_HI_SMALL_SEEDS_1_2_T4_SINGLEGPU_SINGLEZIP/json/ibm_aml_hi_small__early_to_late_transfer__logistic_regression_edge_features__seed2.json;results/v26_imported/ibm_aml/hi-small/V26_IBM_AML_HI_SMALL_SEEDS_3_4_T4_SINGLEGPU_SINGLEZIP/json/ibm_aml_hi_small__early_to_late_transfer__logistic_regression_edge_features__seed3.json;results/v26_imported/ibm_aml/hi-small/V26_IBM_AML_HI_SMALL_SEEDS_3_4_T4_SINGLEGPU_SINGLEZIP/json/ibm_aml_hi_small__early_to_late_transfer__logistic_regression_edge_features__seed4.json;results/v26_imported/ibm_aml/hi-small/V26_IBM_AML_HI_SMALL_SEEDS_5_6_T4_SINGLEGPU_SINGLEZIP/json/ibm_aml_hi_small__early_to_late_transfer__logistic_regression_edge_features__seed5.json;results/v26_imported/ibm_aml/hi-small/V26_IBM_AML_HI_SMALL_SEEDS_5_6_T4_SINGLEGPU_SINGLEZIP/json/ibm_aml_hi_small__early_to_late_transfer__logistic_regression_edge_features__seed6.json;results/v26_imported/ibm_aml/hi-small/V26_IBM_AML_HI_SMALL_SEEDS_7_8_T4_SINGLEGPU_SINGLEZIP/json/ibm_aml_hi_small__early_to_late_transfer__logistic_regression_edge_features__seed7.json;results/v26_imported/ibm_aml/hi-small/V26_IBM_AML_HI_SMALL_SEEDS_7_8_T4_SINGLEGPU_SINGLEZIP/json/ibm_aml_hi_small__early_to_late_transfer__logistic_regression_edge_features__seed8.json;results/v26_imported/ibm_aml/hi-small/V26_IBM_AML_HI_SMALL_SEEDS_9_10_T4_SINGLEGPU_SINGLEZIP/json/ibm_aml_hi_small__early_to_late_transfer__logistic_regression_edge_features__seed10.json;results/v26_imported/ibm_aml/hi-small/V26_IBM_AML_HI_SMALL_SEEDS_9_10_T4_SINGLEGPU_SINGLEZIP/json/ibm_aml_hi_small__early_to_late_transfer__logistic_regression_edge_features__seed9.json,0.0143881437296772,1.8285590982170323e-18,0.0143881437296772,0.0143881437296772,0.9138199058907628,1.1702778228589004e-16,0.9138199058907628,0.9138199058907628,0.016631526873108,0.0,0.016631526873108,0.016631526873108,0.008392240149618,1.8285590982170323e-18,0.008392240149618,0.008392240149618,0.9125376992675568,2.3405556457178013e-16,0.9125376992675568,0.9125376992675568,0.8740111594018998,0.0,0.8740111594018998,0.8740111594018998,7.3824999999999985,0.5138474157438828,7.071297499999999,7.667702500000001,9.44437506451454,0.0128646820256056,LogReg,early,8.0,HI-S / early
V26,hi-small,small,hi,early_to_late_transfer,graphsage_edge_minibatch_h32,10,0.0015234617040716,results/v26_imported/ibm_aml/hi-small/V26_IBM_AML_HI_SMALL_SEEDS_1_2_T4_SINGLEGPU_SINGLEZIP/json/ibm_aml_hi_small__early_to_late_transfer__graphsage_edge_minibatch_h32__seed1.json;results/v26_imported/ibm_aml/hi-small/V26_IBM_AML_HI_SMALL_SEEDS_1_2_T4_SINGLEGPU_SINGLEZIP/json/ibm_aml_hi_small__early_to_late_transfer__graphsage_edge_minibatch_h32__seed2.json;results/v26_imported/ibm_aml/hi-small/V26_IBM_AML_HI_SMALL_SEEDS_3_4_T4_SINGLEGPU_SINGLEZIP/json/ibm_aml_hi_small__early_to_late_transfer__graphsage_edge_minibatch_h32__seed3.json;results/v26_imported/ibm_aml/hi-small/V26_IBM_AML_HI_SMALL_SEEDS_3_4_T4_SINGLEGPU_SINGLEZIP/json/ibm_aml_hi_small__early_to_late_transfer__graphsage_edge_minibatch_h32__seed4.json;results/v26_imported/ibm_aml/hi-small/V26_IBM_AML_HI_SMALL_SEEDS_5_6_T4_SINGLEGPU_SINGLEZIP/json/ibm_aml_hi_small__early_to_late_transfer__graphsage_edge_minibatch_h32__seed5.json;results/v26_imported/ibm_aml/hi-small/V26_IBM_AML_HI_SMALL_SEEDS_5_6_T4_SINGLEGPU_SINGLEZIP/json/ibm_aml_hi_small__early_to_late_transfer__graphsage_edge_minibatch_h32__seed6.json;results/v26_imported/ibm_aml/hi-small/V26_IBM_AML_HI_SMALL_SEEDS_7_8_T4_SINGLEGPU_SINGLEZIP/json/ibm_aml_hi_small__early_to_late_transfer__graphsage_edge_minibatch_h32__seed7.json;results/v26_imported/ibm_aml/hi-small/V26_IBM_AML_HI_SMALL_SEEDS_7_8_T4_SINGLEGPU_SINGLEZIP/json/ibm_aml_hi_small__early_to_late_transfer__graphsage_edge_minibatch_h32__seed8.json;results/v26_imported/ibm_aml/hi-small/V26_IBM_AML_HI_SMALL_SEEDS_9_10_T4_SINGLEGPU_SINGLEZIP/json/ibm_aml_hi_small__early_to_late_transfer__graphsage_edge_minibatch_h32__seed10.json;results/v26_imported/ibm_aml/hi-small/V26_IBM_AML_HI_SMALL_SEEDS_9_10_T4_SINGLEGPU_SINGLEZIP/json/ibm_aml_hi_small__early_to_late_transfer__graphsage_edge_minibatch_h32__seed9.json,0.0038394563411477,0.001432022765233,0.0032183655240098,0.0047968761635881,0.7166268849766898,0.0362799398856332,0.6964116408006426,0.7385070421543867,0.0093699984322362,0.0026414490500117,0.0080820258625668,0.0112106835776429,0.0047244316603023,0.0013548880769357,0.0040598209293928,0.0056073618882016,0.6535975872468763,0.0803766190200562,0.6040919862128392,0.6978468332615253,0.7142116164067588,0.0203583417232167,0.7027802163082024,0.7265119912117378,24.4655,2.537349327765318,23.07778,26.079747500000003,2.5202184806393446,0.002315994637076,SAGE-h32,early,7.8,HI-S / early
V26,hi-small,small,hi,late_window_holdout,hist_gradient_boosting_edge_features,10,0.0017692771956218,results/v26_imported/ibm_aml/hi-small/V26_IBM_AML_HI_SMALL_SEEDS_1_2_T4_SINGLEGPU_SINGLEZIP/json/ibm_aml_hi_small__late_window_holdout__hist_gradient_boosting_edge_features__seed1.json;results/v26_imported/ibm_aml/hi-small/V26_IBM_AML_HI_SMALL_SEEDS_1_2_T4_SINGLEGPU_SINGLEZIP/json/ibm_aml_hi_small__late_window_holdout__hist_gradient_boosting_edge_features__seed2.json;results/v26_imported/ibm_aml/hi-small/V26_IBM_AML_HI_SMALL_SEEDS_3_4_T4_SINGLEGPU_SINGLEZIP/json/ibm_aml_hi_small__late_window_holdout__hist_gradient_boosting_edge_features__seed3.json;results/v26_imported/ibm_aml/hi-small/V26_IBM_AML_HI_SMALL_SEEDS_3_4_T4_SINGLEGPU_SINGLEZIP/json/ibm_aml_hi_small__late_window_holdout__hist_gradient_boosting_edge_features__seed4.json;results/v26_imported/ibm_aml/hi-small/V26_IBM_AML_HI_SMALL_SEEDS_5_6_T4_SINGLEGPU_SINGLEZIP/json/ibm_aml_hi_small__late_window_holdout__hist_gradient_boosting_edge_features__seed5.json;results/v26_imported/ibm_aml/hi-small/V26_IBM_AML_HI_SMALL_SEEDS_5_6_T4_SINGLEGPU_SINGLEZIP/json/ibm_aml_hi_small__late_window_holdout__hist_gradient_boosting_edge_features__seed6.json;results/v26_imported/ibm_aml/hi-small/V26_IBM_AML_HI_SMALL_SEEDS_7_8_T4_SINGLEGPU_SINGLEZIP/json/ibm_aml_hi_small__late_window_holdout__hist_gradient_boosting_edge_features__seed7.json;results/v26_imported/ibm_aml/hi-small/V26_IBM_AML_HI_SMALL_SEEDS_7_8_T4_SINGLEGPU_SINGLEZIP/json/ibm_aml_hi_small__late_window_holdout__hist_gradient_boosting_edge_features__seed8.json;results/v26_imported/ibm_aml/hi-small/V26_IBM_AML_HI_SMALL_SEEDS_9_10_T4_SINGLEGPU_SINGLEZIP/json/ibm_aml_hi_small__late_window_holdout__hist_gradient_boosting_edge_features__seed10.json;results/v26_imported/ibm_aml/hi-small/V26_IBM_AML_HI_SMALL_SEEDS_9_10_T4_SINGLEGPU_SINGLEZIP/json/ibm_aml_hi_small__late_window_holdout__hist_gradient_boosting_edge_features__seed9.json,0.096420226715745,0.0091031455787136,0.0914176018725061,0.1021527914474794,0.9136926432159131,0.0103897428678836,0.9073529977852572,0.9195536407676966,0.0670971601380574,0.0232679269004952,0.0540689227013795,0.0810481422686078,0.3255946794275837,0.1061769102593443,0.2730710373047129,0.3951407666314833,0.0385642737896494,0.0156719119177689,0.0298831385642737,0.0478575403450194,0.5192006177286973,0.0077912693547591,0.514845916055703,0.5239421749860997,6.955,2.5826872740530464,5.45859,8.598707500000002,54.49695895834952,0.0946509495201232,HistGB,late,7.2,HI-S / late
V26,hi-small,small,hi,late_window_holdout,logistic_regression_edge_features,10,0.0017692771956218,results/v26_imported/ibm_aml/hi-small/V26_IBM_AML_HI_SMALL_SEEDS_1_2_T4_SINGLEGPU_SINGLEZIP/json/ibm_aml_hi_small__late_window_holdout__logistic_regression_edge_features__seed1.json;results/v26_imported/ibm_aml/hi-small/V26_IBM_AML_HI_SMALL_SEEDS_1_2_T4_SINGLEGPU_SINGLEZIP/json/ibm_aml_hi_small__late_window_holdout__logistic_regression_edge_features__seed2.json;results/v26_imported/ibm_aml/hi-small/V26_IBM_AML_HI_SMALL_SEEDS_3_4_T4_SINGLEGPU_SINGLEZIP/json/ibm_aml_hi_small__late_window_holdout__logistic_regression_edge_features__seed3.json;results/v26_imported/ibm_aml/hi-small/V26_IBM_AML_HI_SMALL_SEEDS_3_4_T4_SINGLEGPU_SINGLEZIP/json/ibm_aml_hi_small__late_window_holdout__logistic_regression_edge_features__seed4.json;results/v26_imported/ibm_aml/hi-small/V26_IBM_AML_HI_SMALL_SEEDS_5_6_T4_SINGLEGPU_SINGLEZIP/json/ibm_aml_hi_small__late_window_holdout__logistic_regression_edge_features__seed5.json;results/v26_imported/ibm_aml/hi-small/V26_IBM_AML_HI_SMALL_SEEDS_5_6_T4_SINGLEGPU_SINGLEZIP/json/ibm_aml_hi_small__late_window_holdout__logistic_regression_edge_features__seed6.json;results/v26_imported/ibm_aml/hi-small/V26_IBM_AML_HI_SMALL_SEEDS_7_8_T4_SINGLEGPU_SINGLEZIP/json/ibm_aml_hi_small__late_window_holdout__logistic_regression_edge_features__seed7.json;results/v26_imported/ibm_aml/hi-small/V26_IBM_AML_HI_SMALL_SEEDS_7_8_T4_SINGLEGPU_SINGLEZIP/json/ibm_aml_hi_small__late_window_holdout__logistic_regression_edge_features__seed8.json;results/v26_imported/ibm_aml/hi-small/V26_IBM_AML_HI_SMALL_SEEDS_9_10_T4_SINGLEGPU_SINGLEZIP/json/ibm_aml_hi_small__late_window_holdout__logistic_regression_edge_features__seed10.json;results/v26_imported/ibm_aml/hi-small/V26_IBM_AML_HI_SMALL_SEEDS_9_10_T4_SINGLEGPU_SINGLEZIP/json/ibm_aml_hi_small__late_window_holdout__logistic_regression_edge_features__seed9.json,0.0172560641752141,3.6571181964340645e-18,0.0172560641752141,0.0172560641752141,0.9228935689370256,0.0,0.9228935689370256,0.9228935689370256,0.02040414239801,3.6571181964340645e-18,0.02040414239801,0.02040414239801,0.0103162102091258,0.0,0.0103162102091258,0.0103162102091258,0.9220923761825264,0.0,0.9220923761825264,0.9220923761825264,0.8826516767525538,0.0,0.8826516767525538,0.8826516767525538,9.3055,0.4684065779023841,9.041495000000005,9.587507500000005,9.75317164428244,0.0154867869795923,LogReg,late,7.0,HI-S / late
V26,hi-small,small,hi,late_window_holdout,graphsage_edge_minibatch_h32,10,0.0017692771956218,results/v26_imported/ibm_aml/hi-small/V26_IBM_AML_HI_SMALL_SEEDS_1_2_T4_SINGLEGPU_SINGLEZIP/json/ibm_aml_hi_small__late_window_holdout__graphsage_edge_minibatch_h32__seed1.json;results/v26_imported/ibm_aml/hi-small/V26_IBM_AML_HI_SMALL_SEEDS_1_2_T4_SINGLEGPU_SINGLEZIP/json/ibm_aml_hi_small__late_window_holdout__graphsage_edge_minibatch_h32__seed2.json;results/v26_imported/ibm_aml/hi-small/V26_IBM_AML_HI_SMALL_SEEDS_3_4_T4_SINGLEGPU_SINGLEZIP/json/ibm_aml_hi_small__late_window_holdout__graphsage_edge_minibatch_h32__seed3.json;results/v26_imported/ibm_aml/hi-small/V26_IBM_AML_HI_SMALL_SEEDS_3_4_T4_SINGLEGPU_SINGLEZIP/json/ibm_aml_hi_small__late_window_holdout__graphsage_edge_minibatch_h32__seed4.json;results/v26_imported/ibm_aml/hi-small/V26_IBM_AML_HI_SMALL_SEEDS_5_6_T4_SINGLEGPU_SINGLEZIP/json/ibm_aml_hi_small__late_window_holdout__graphsage_edge_minibatch_h32__seed5.json;results/v26_imported/ibm_aml/hi-small/V26_IBM_AML_HI_SMALL_SEEDS_5_6_T4_SINGLEGPU_SINGLEZIP/json/ibm_aml_hi_small__late_window_holdout__graphsage_edge_minibatch_h32__seed6.json;results/v26_imported/ibm_aml/hi-small/V26_IBM_AML_HI_SMALL_SEEDS_7_8_T4_SINGLEGPU_SINGLEZIP/json/ibm_aml_hi_small__late_window_holdout__graphsage_edge_minibatch_h32__seed7.json;results/v26_imported/ibm_aml/hi-small/V26_IBM_AML_HI_SMALL_SEEDS_7_8_T4_SINGLEGPU_SINGLEZIP/json/ibm_aml_hi_small__late_window_holdout__graphsage_edge_minibatch_h32__seed8.json;results/v26_imported/ibm_aml/hi-small/V26_IBM_AML_HI_SMALL_SEEDS_9_10_T4_SINGLEGPU_SINGLEZIP/json/ibm_aml_hi_small__late_window_holdout__graphsage_edge_minibatch_h32__seed10.json;results/v26_imported/ibm_aml/hi-small/V26_IBM_AML_HI_SMALL_SEEDS_9_10_T4_SINGLEGPU_SINGLEZIP/json/ibm_aml_hi_small__late_window_holdout__graphsage_edge_minibatch_h32__seed9.json,0.0071053603372913,0.0042086296693878,0.004761258357642,0.0097288585762761,0.7475885745273234,0.0457867026665564,0.7198500872146711,0.7735143394037687,0.0126430633506076,0.004107240377996,0.0103894117217016,0.0152091637823622,0.006388565698932,0.0021011317910155,0.0052438761855692,0.007680143583607,0.6810239287701725,0.0640064617998264,0.6445186421814135,0.7201446855870897,0.7371924131991376,0.0284403395346701,0.7203684637796584,0.7535245009689691,33.696099999999994,2.4895365231303597,32.288272500000005,35.2759275,4.015967851094246,0.0053360831416695,SAGE-h32,late,6.8,HI-S / late
V26,li-small,small,li,early_to_late_transfer,hist_gradient_boosting_edge_features,10,0.0006422060306708,results/v26_imported/ibm_aml/li-small/V26_IBM_AML_LI_SMALL_SEEDS_1_2_T4_SINGLEGPU_SINGLEZIP/json/ibm_aml_li_small__early_to_late_transfer__hist_gradient_boosting_edge_features__seed1.json;results/v26_imported/ibm_aml/li-small/V26_IBM_AML_LI_SMALL_SEEDS_1_2_T4_SINGLEGPU_SINGLEZIP/json/ibm_aml_li_small__early_to_late_transfer__hist_gradient_boosting_edge_features__seed2.json;results/v26_imported/ibm_aml/li-small/V26_IBM_AML_LI_SMALL_SEEDS_3_4_T4_SINGLEGPU_SINGLEZIP/json/ibm_aml_li_small__early_to_late_transfer__hist_gradient_boosting_edge_features__seed3.json;results/v26_imported/ibm_aml/li-small/V26_IBM_AML_LI_SMALL_SEEDS_3_4_T4_SINGLEGPU_SINGLEZIP/json/ibm_aml_li_small__early_to_late_transfer__hist_gradient_boosting_edge_features__seed4.json;results/v26_imported/ibm_aml/li-small/V26_IBM_AML_LI_SMALL_SEEDS_5_6_T4_SINGLEGPU_SINGLEZIP/json/ibm_aml_li_small__early_to_late_transfer__hist_gradient_boosting_edge_features__seed5.json;results/v26_imported/ibm_aml/li-small/V26_IBM_AML_LI_SMALL_SEEDS_5_6_T4_SINGLEGPU_SINGLEZIP/json/ibm_aml_li_small__early_to_late_transfer__hist_gradient_boosting_edge_features__seed6.json;results/v26_imported/ibm_aml/li-small/V26_IBM_AML_LI_SMALL_SEEDS_7_8_T4_SINGLEGPU_SINGLEZIP/json/ibm_aml_li_small__early_to_late_transfer__hist_gradient_boosting_edge_features__seed7.json;results/v26_imported/ibm_aml/li-small/V26_IBM_AML_LI_SMALL_SEEDS_7_8_T4_SINGLEGPU_SINGLEZIP/json/ibm_aml_li_small__early_to_late_transfer__hist_gradient_boosting_edge_features__seed8.json;results/v26_imported/ibm_aml/li-small/V26_IBM_AML_LI_SMALL_SEEDS_9_10_T4_SINGLEGPU_SINGLEZIP/json/ibm_aml_li_small__early_to_late_transfer__hist_gradient_boosting_edge_features__seed10.json;results/v26_imported/ibm_aml/li-small/V26_IBM_AML_LI_SMALL_SEEDS_9_10_T4_SINGLEGPU_SINGLEZIP/json/ibm_aml_li_small__early_to_late_transfer__hist_gradient_boosting_edge_features__seed9.json,0.0125761571644862,0.0022184261794595,0.0114180645004584,0.0140364300961656,0.8361207898510663,0.0048107293298415,0.8333293587549198,0.8389231184730486,0.0093834415624012,0.0053116326120527,0.0063843673748245,0.0126387956199358,0.0945023182700042,0.0681464447277628,0.0598221425328604,0.1380719266236179,0.0050974512743628,0.0029734082520027,0.0034482758620689,0.0069715142428785,0.5025264459400312,0.0014784021433542,0.5017055428140698,0.5034135472335974,8.2267,2.3109466578775795,7.2263825,9.71653,19.582745355643357,0.0119339511338153,HistGB,early,6.2,LI-S / early
V26,li-small,small,li,early_to_late_transfer,logistic_regression_edge_features,10,0.0006422060306708,results/v26_imported/ibm_aml/li-small/V26_IBM_AML_LI_SMALL_SEEDS_1_2_T4_SINGLEGPU_SINGLEZIP/json/ibm_aml_li_small__early_to_late_transfer__logistic_regression_edge_features__seed1.json;results/v26_imported/ibm_aml/li-small/V26_IBM_AML_LI_SMALL_SEEDS_1_2_T4_SINGLEGPU_SINGLEZIP/json/ibm_aml_li_small__early_to_late_transfer__logistic_regression_edge_features__seed2.json;results/v26_imported/ibm_aml/li-small/V26_IBM_AML_LI_SMALL_SEEDS_3_4_T4_SINGLEGPU_SINGLEZIP/json/ibm_aml_li_small__early_to_late_transfer__logistic_regression_edge_features__seed3.json;results/v26_imported/ibm_aml/li-small/V26_IBM_AML_LI_SMALL_SEEDS_3_4_T4_SINGLEGPU_SINGLEZIP/json/ibm_aml_li_small__early_to_late_transfer__logistic_regression_edge_features__seed4.json;results/v26_imported/ibm_aml/li-small/V26_IBM_AML_LI_SMALL_SEEDS_5_6_T4_SINGLEGPU_SINGLEZIP/json/ibm_aml_li_small__early_to_late_transfer__logistic_regression_edge_features__seed5.json;results/v26_imported/ibm_aml/li-small/V26_IBM_AML_LI_SMALL_SEEDS_5_6_T4_SINGLEGPU_SINGLEZIP/json/ibm_aml_li_small__early_to_late_transfer__logistic_regression_edge_features__seed6.json;results/v26_imported/ibm_aml/li-small/V26_IBM_AML_LI_SMALL_SEEDS_7_8_T4_SINGLEGPU_SINGLEZIP/json/ibm_aml_li_small__early_to_late_transfer__logistic_regression_edge_features__seed7.json;results/v26_imported/ibm_aml/li-small/V26_IBM_AML_LI_SMALL_SEEDS_7_8_T4_SINGLEGPU_SINGLEZIP/json/ibm_aml_li_small__early_to_late_transfer__logistic_regression_edge_features__seed8.json;results/v26_imported/ibm_aml/li-small/V26_IBM_AML_LI_SMALL_SEEDS_9_10_T4_SINGLEGPU_SINGLEZIP/json/ibm_aml_li_small__early_to_late_transfer__logistic_regression_edge_features__seed10.json;results/v26_imported/ibm_aml/li-small/V26_IBM_AML_LI_SMALL_SEEDS_9_10_T4_SINGLEGPU_SINGLEZIP/json/ibm_aml_li_small__early_to_late_transfer__logistic_regression_edge_features__seed9.json,0.0039170788481654,0.0,0.0039170788481654,0.0039170788481654,0.8433197709816929,0.0,0.8433197709816929,0.8433197709816929,0.0046623822365425,0.0,0.0046623822365425,0.0046623822365425,0.002338018150924,0.0,0.002338018150924,0.002338018150924,0.798350824587706,1.1702778228589004e-16,0.798350824587706,0.798350824587706,0.7897161032101436,1.1702778228589004e-16,0.7897161032101436,0.7897161032101436,10.194,0.4770294656634021,9.9227,10.4762,6.099411498944465,0.0032748728174945,LogReg,early,6.0,LI-S / early
V26,li-small,small,li,early_to_late_transfer,graphsage_edge_minibatch_h32,10,0.0006422060306708,results/v26_imported/ibm_aml/li-small/V26_IBM_AML_LI_SMALL_SEEDS_1_2_T4_SINGLEGPU_SINGLEZIP/json/ibm_aml_li_small__early_to_late_transfer__graphsage_edge_minibatch_h32__seed1.json;results/v26_imported/ibm_aml/li-small/V26_IBM_AML_LI_SMALL_SEEDS_1_2_T4_SINGLEGPU_SINGLEZIP/json/ibm_aml_li_small__early_to_late_transfer__graphsage_edge_minibatch_h32__seed2.json;results/v26_imported/ibm_aml/li-small/V26_IBM_AML_LI_SMALL_SEEDS_3_4_T4_SINGLEGPU_SINGLEZIP/json/ibm_aml_li_small__early_to_late_transfer__graphsage_edge_minibatch_h32__seed3.json;results/v26_imported/ibm_aml/li-small/V26_IBM_AML_LI_SMALL_SEEDS_3_4_T4_SINGLEGPU_SINGLEZIP/json/ibm_aml_li_small__early_to_late_transfer__graphsage_edge_minibatch_h32__seed4.json;results/v26_imported/ibm_aml/li-small/V26_IBM_AML_LI_SMALL_SEEDS_5_6_T4_SINGLEGPU_SINGLEZIP/json/ibm_aml_li_small__early_to_late_transfer__graphsage_edge_minibatch_h32__seed5.json;results/v26_imported/ibm_aml/li-small/V26_IBM_AML_LI_SMALL_SEEDS_5_6_T4_SINGLEGPU_SINGLEZIP/json/ibm_aml_li_small__early_to_late_transfer__graphsage_edge_minibatch_h32__seed6.json;results/v26_imported/ibm_aml/li-small/V26_IBM_AML_LI_SMALL_SEEDS_7_8_T4_SINGLEGPU_SINGLEZIP/json/ibm_aml_li_small__early_to_late_transfer__graphsage_edge_minibatch_h32__seed7.json;results/v26_imported/ibm_aml/li-small/V26_IBM_AML_LI_SMALL_SEEDS_7_8_T4_SINGLEGPU_SINGLEZIP/json/ibm_aml_li_small__early_to_late_transfer__graphsage_edge_minibatch_h32__seed8.json;results/v26_imported/ibm_aml/li-small/V26_IBM_AML_LI_SMALL_SEEDS_9_10_T4_SINGLEGPU_SINGLEZIP/json/ibm_aml_li_small__early_to_late_transfer__graphsage_edge_minibatch_h32__seed10.json;results/v26_imported/ibm_aml/li-small/V26_IBM_AML_LI_SMALL_SEEDS_9_10_T4_SINGLEGPU_SINGLEZIP/json/ibm_aml_li_small__early_to_late_transfer__graphsage_edge_minibatch_h32__seed9.json,0.002143420543287,0.0010482949226289,0.0016801610130177,0.0028273460538959,0.7797924818794824,0.0270851459912273,0.7642463029210119,0.7957434201396316,0.0046462713834569,0.0006199346650504,0.0042813978235678,0.0050298526576349,0.0023309780820725,0.0003119780883335,0.0021518128513527,0.002518890276659,0.702623688155922,0.0504946126499338,0.673688155922039,0.7324587706146927,0.753349171843859,0.0248379714223303,0.7396106358277671,0.7684515419524626,36.0084,0.5007077657343315,35.725395,36.3162075,3.337590182776615,0.0015012145126161,SAGE-h32,early,5.8,LI-S / early
V26,li-small,small,li,late_window_holdout,hist_gradient_boosting_edge_features,10,0.0006679616698319,results/v26_imported/ibm_aml/li-small/V26_IBM_AML_LI_SMALL_SEEDS_1_2_T4_SINGLEGPU_SINGLEZIP/json/ibm_aml_li_small__late_window_holdout__hist_gradient_boosting_edge_features__seed1.json;results/v26_imported/ibm_aml/li-small/V26_IBM_AML_LI_SMALL_SEEDS_1_2_T4_SINGLEGPU_SINGLEZIP/json/ibm_aml_li_small__late_window_holdout__hist_gradient_boosting_edge_features__seed2.json;results/v26_imported/ibm_aml/li-small/V26_IBM_AML_LI_SMALL_SEEDS_3_4_T4_SINGLEGPU_SINGLEZIP/json/ibm_aml_li_small__late_window_holdout__hist_gradient_boosting_edge_features__seed3.json;results/v26_imported/ibm_aml/li-small/V26_IBM_AML_LI_SMALL_SEEDS_3_4_T4_SINGLEGPU_SINGLEZIP/json/ibm_aml_li_small__late_window_holdout__hist_gradient_boosting_edge_features__seed4.json;results/v26_imported/ibm_aml/li-small/V26_IBM_AML_LI_SMALL_SEEDS_5_6_T4_SINGLEGPU_SINGLEZIP/json/ibm_aml_li_small__late_window_holdout__hist_gradient_boosting_edge_features__seed5.json;results/v26_imported/ibm_aml/li-small/V26_IBM_AML_LI_SMALL_SEEDS_5_6_T4_SINGLEGPU_SINGLEZIP/json/ibm_aml_li_small__late_window_holdout__hist_gradient_boosting_edge_features__seed6.json;results/v26_imported/ibm_aml/li-small/V26_IBM_AML_LI_SMALL_SEEDS_7_8_T4_SINGLEGPU_SINGLEZIP/json/ibm_aml_li_small__late_window_holdout__hist_gradient_boosting_edge_features__seed7.json;results/v26_imported/ibm_aml/li-small/V26_IBM_AML_LI_SMALL_SEEDS_7_8_T4_SINGLEGPU_SINGLEZIP/json/ibm_aml_li_small__late_window_holdout__hist_gradient_boosting_edge_features__seed8.json;results/v26_imported/ibm_aml/li-small/V26_IBM_AML_LI_SMALL_SEEDS_9_10_T4_SINGLEGPU_SINGLEZIP/json/ibm_aml_li_small__late_window_holdout__hist_gradient_boosting_edge_features__seed10.json;results/v26_imported/ibm_aml/li-small/V26_IBM_AML_LI_SMALL_SEEDS_9_10_T4_SINGLEGPU_SINGLEZIP/json/ibm_aml_li_small__late_window_holdout__hist_gradient_boosting_edge_features__seed9.json,0.0170776225207853,0.0022962668534619,0.0157118870807922,0.0184350280311608,0.8407703888455815,0.0114570860405792,0.8332981207712444,0.8465630146242233,0.0199540991021961,0.0140825212496523,0.012171422142464,0.0287500295803295,0.0977339207868535,0.0448797724305361,0.0710525665421243,0.1229149609448522,0.0115675675675675,0.0087390173634415,0.0067027027027027,0.0168648648648648,0.5057462806675568,0.0043532279760867,0.5033773629741339,0.5084934629293228,7.7803,1.436788629780549,7.1048,8.6742325,25.56677020865811,0.0164096608509533,HistGB,late,5.2,LI-S / late
V26,li-small,small,li,late_window_holdout,logistic_regression_edge_features,10,0.0006679616698319,results/v26_imported/ibm_aml/li-small/V26_IBM_AML_LI_SMALL_SEEDS_1_2_T4_SINGLEGPU_SINGLEZIP/json/ibm_aml_li_small__late_window_holdout__logistic_regression_edge_features__seed1.json;results/v26_imported/ibm_aml/li-small/V26_IBM_AML_LI_SMALL_SEEDS_1_2_T4_SINGLEGPU_SINGLEZIP/json/ibm_aml_li_small__late_window_holdout__logistic_regression_edge_features__seed2.json;results/v26_imported/ibm_aml/li-small/V26_IBM_AML_LI_SMALL_SEEDS_3_4_T4_SINGLEGPU_SINGLEZIP/json/ibm_aml_li_small__late_window_holdout__logistic_regression_edge_features__seed3.json;results/v26_imported/ibm_aml/li-small/V26_IBM_AML_LI_SMALL_SEEDS_3_4_T4_SINGLEGPU_SINGLEZIP/json/ibm_aml_li_small__late_window_holdout__logistic_regression_edge_features__seed4.json;results/v26_imported/ibm_aml/li-small/V26_IBM_AML_LI_SMALL_SEEDS_5_6_T4_SINGLEGPU_SINGLEZIP/json/ibm_aml_li_small__late_window_holdout__logistic_regression_edge_features__seed5.json;results/v26_imported/ibm_aml/li-small/V26_IBM_AML_LI_SMALL_SEEDS_5_6_T4_SINGLEGPU_SINGLEZIP/json/ibm_aml_li_small__late_window_holdout__logistic_regression_edge_features__seed6.json;results/v26_imported/ibm_aml/li-small/V26_IBM_AML_LI_SMALL_SEEDS_7_8_T4_SINGLEGPU_SINGLEZIP/json/ibm_aml_li_small__late_window_holdout__logistic_regression_edge_features__seed7.json;results/v26_imported/ibm_aml/li-small/V26_IBM_AML_LI_SMALL_SEEDS_7_8_T4_SINGLEGPU_SINGLEZIP/json/ibm_aml_li_small__late_window_holdout__logistic_regression_edge_features__seed8.json;results/v26_imported/ibm_aml/li-small/V26_IBM_AML_LI_SMALL_SEEDS_9_10_T4_SINGLEGPU_SINGLEZIP/json/ibm_aml_li_small__late_window_holdout__logistic_regression_edge_features__seed10.json;results/v26_imported/ibm_aml/li-small/V26_IBM_AML_LI_SMALL_SEEDS_9_10_T4_SINGLEGPU_SINGLEZIP/json/ibm_aml_li_small__late_window_holdout__logistic_regression_edge_features__seed9.json,0.004048826344092,9.142795491085161e-19,0.004048826344092,0.004048826344092,0.8501785418234548,1.1702778228589004e-16,0.8501785418234548,0.8501785418234548,0.0047531277221598,0.0,0.0047531277221598,0.0047531277221598,0.0023835223585792,0.0,0.0023835223585792,0.0023835223585792,0.814054054054054,1.1702778228589004e-16,0.814054054054054,0.814054054054054,0.793157016151846,0.0,0.793157016151846,0.793157016151846,11.5886,0.3683691385312052,11.3944925,11.8237,6.061465091418562,0.0033808646742601,LogReg,late,5.0,LI-S / late
V26,li-small,small,li,late_window_holdout,graphsage_edge_minibatch_h32,10,0.0006679616698319,results/v26_imported/ibm_aml/li-small/V26_IBM_AML_LI_SMALL_SEEDS_1_2_T4_SINGLEGPU_SINGLEZIP/json/ibm_aml_li_small__late_window_holdout__graphsage_edge_minibatch_h32__seed1.json;results/v26_imported/ibm_aml/li-small/V26_IBM_AML_LI_SMALL_SEEDS_1_2_T4_SINGLEGPU_SINGLEZIP/json/ibm_aml_li_small__late_window_holdout__graphsage_edge_minibatch_h32__seed2.json;results/v26_imported/ibm_aml/li-small/V26_IBM_AML_LI_SMALL_SEEDS_3_4_T4_SINGLEGPU_SINGLEZIP/json/ibm_aml_li_small__late_window_holdout__graphsage_edge_minibatch_h32__seed3.json;results/v26_imported/ibm_aml/li-small/V26_IBM_AML_LI_SMALL_SEEDS_3_4_T4_SINGLEGPU_SINGLEZIP/json/ibm_aml_li_small__late_window_holdout__graphsage_edge_minibatch_h32__seed4.json;results/v26_imported/ibm_aml/li-small/V26_IBM_AML_LI_SMALL_SEEDS_5_6_T4_SINGLEGPU_SINGLEZIP/json/ibm_aml_li_small__late_window_holdout__graphsage_edge_minibatch_h32__seed5.json;results/v26_imported/ibm_aml/li-small/V26_IBM_AML_LI_SMALL_SEEDS_5_6_T4_SINGLEGPU_SINGLEZIP/json/ibm_aml_li_small__late_window_holdout__graphsage_edge_minibatch_h32__seed6.json;results/v26_imported/ibm_aml/li-small/V26_IBM_AML_LI_SMALL_SEEDS_7_8_T4_SINGLEGPU_SINGLEZIP/json/ibm_aml_li_small__late_window_holdout__graphsage_edge_minibatch_h32__seed7.json;results/v26_imported/ibm_aml/li-small/V26_IBM_AML_LI_SMALL_SEEDS_7_8_T4_SINGLEGPU_SINGLEZIP/json/ibm_aml_li_small__late_window_holdout__graphsage_edge_minibatch_h32__seed8.json;results/v26_imported/ibm_aml/li-small/V26_IBM_AML_LI_SMALL_SEEDS_9_10_T4_SINGLEGPU_SINGLEZIP/json/ibm_aml_li_small__late_window_holdout__graphsage_edge_minibatch_h32__seed10.json;results/v26_imported/ibm_aml/li-small/V26_IBM_AML_LI_SMALL_SEEDS_9_10_T4_SINGLEGPU_SINGLEZIP/json/ibm_aml_li_small__late_window_holdout__graphsage_edge_minibatch_h32__seed9.json,0.0021930009637934,0.000860424245956,0.0017382206292326,0.0027457937365088,0.7877820314119603,0.0428533753508666,0.760421051889857,0.8103146608290076,0.0044158969266472,0.0010311338870243,0.0038106891913905,0.0050214327906031,0.0022151027282313,0.0005194443809384,0.0019199188170233,0.0025241488107022,0.7670270270270271,0.1161694158159059,0.6945945945945946,0.8313513513513513,0.7592230197224833,0.027014812956926,0.7419800192153915,0.7730380712143222,45.227,1.2139444431732087,44.522895000000005,45.9427,3.2831239618063077,0.0015250392939615,SAGE-h32,late,4.8,LI-S / late
V26,hi-medium,medium,hi,early_to_late_transfer,hist_gradient_boosting_edge_features,10,0.0014783469767193,results/v26_imported/ibm_aml/hi-medium/V26_IBM_AML_HI_MEDIUM_SEEDS_1_2_P100_SINGLEGPU_SINGLEZIP/json/ibm_aml_hi_medium__early_to_late_transfer__hist_gradient_boosting_edge_features__seed1.json;results/v26_imported/ibm_aml/hi-medium/V26_IBM_AML_HI_MEDIUM_SEEDS_1_2_P100_SINGLEGPU_SINGLEZIP/json/ibm_aml_hi_medium__early_to_late_transfer__hist_gradient_boosting_edge_features__seed2.json;results/v26_imported/ibm_aml/hi-medium/V26_IBM_AML_HI_MEDIUM_SEEDS_3_4_T4_SINGLEGPU_SINGLEZIP/json/ibm_aml_hi_medium__early_to_late_transfer__hist_gradient_boosting_edge_features__seed3.json;results/v26_imported/ibm_aml/hi-medium/V26_IBM_AML_HI_MEDIUM_SEEDS_3_4_T4_SINGLEGPU_SINGLEZIP/json/ibm_aml_hi_medium__early_to_late_transfer__hist_gradient_boosting_edge_features__seed4.json;results/v26_imported/ibm_aml/hi-medium/V26_IBM_AML_HI_MEDIUM_SEEDS_5_6_T4_SINGLEGPU_SINGLEZIP/json/ibm_aml_hi_medium__early_to_late_transfer__hist_gradient_boosting_edge_features__seed5.json;results/v26_imported/ibm_aml/hi-medium/V26_IBM_AML_HI_MEDIUM_SEEDS_5_6_T4_SINGLEGPU_SINGLEZIP/json/ibm_aml_hi_medium__early_to_late_transfer__hist_gradient_boosting_edge_features__seed6.json;results/v26_imported/ibm_aml/hi-medium/V26_IBM_AML_HI_MEDIUM_SEEDS_7_8_T4_SINGLEGPU_SINGLEZIP/json/ibm_aml_hi_medium__early_to_late_transfer__hist_gradient_boosting_edge_features__seed7.json;results/v26_imported/ibm_aml/hi-medium/V26_IBM_AML_HI_MEDIUM_SEEDS_7_8_T4_SINGLEGPU_SINGLEZIP/json/ibm_aml_hi_medium__early_to_late_transfer__hist_gradient_boosting_edge_features__seed8.json;results/v26_imported/ibm_aml/hi-medium/V26_IBM_AML_HI_MEDIUM_SEEDS_9_10_T4_SINGLEGPU_SINGLEZIP/json/ibm_aml_hi_medium__early_to_late_transfer__hist_gradient_boosting_edge_features__seed10.json;results/v26_imported/ibm_aml/hi-medium/V26_IBM_AML_HI_MEDIUM_SEEDS_9_10_T4_SINGLEGPU_SINGLEZIP/json/ibm_aml_hi_medium__early_to_late_transfer__hist_gradient_boosting_edge_features__seed9.json,0.088984572902127,0.0095351969251574,0.0834922987453582,0.0945960145699489,0.9023202696355404,0.0121212933699383,0.8953956977292244,0.9095828848674496,0.1195693985549462,0.0376578140805459,0.0945504932590367,0.1377363555810001,0.2048855658775445,0.0162220988503861,0.1951155319638197,0.2141823672600356,0.0871774934615112,0.0306547828418559,0.0670172121297801,0.1025379939209726,0.5433425855588437,0.0152489429598853,0.5335547789397967,0.5510132088923815,38.9871,2.2507700139186926,37.71359,40.34987,60.19194025721802,0.0875062259254077,HistGB,early,3.7,HI-M / early
V26,hi-medium,medium,hi,early_to_late_transfer,logistic_regression_edge_features,10,0.0014783469767193,results/v26_imported/ibm_aml/hi-medium/V26_IBM_AML_HI_MEDIUM_SEEDS_1_2_P100_SINGLEGPU_SINGLEZIP/json/ibm_aml_hi_medium__early_to_late_transfer__logistic_regression_edge_features__seed1.json;results/v26_imported/ibm_aml/hi-medium/V26_IBM_AML_HI_MEDIUM_SEEDS_1_2_P100_SINGLEGPU_SINGLEZIP/json/ibm_aml_hi_medium__early_to_late_transfer__logistic_regression_edge_features__seed2.json;results/v26_imported/ibm_aml/hi-medium/V26_IBM_AML_HI_MEDIUM_SEEDS_3_4_T4_SINGLEGPU_SINGLEZIP/json/ibm_aml_hi_medium__early_to_late_transfer__logistic_regression_edge_features__seed3.json;results/v26_imported/ibm_aml/hi-medium/V26_IBM_AML_HI_MEDIUM_SEEDS_3_4_T4_SINGLEGPU_SINGLEZIP/json/ibm_aml_hi_medium__early_to_late_transfer__logistic_regression_edge_features__seed4.json;results/v26_imported/ibm_aml/hi-medium/V26_IBM_AML_HI_MEDIUM_SEEDS_5_6_T4_SINGLEGPU_SINGLEZIP/json/ibm_aml_hi_medium__early_to_late_transfer__logistic_regression_edge_features__seed5.json;results/v26_imported/ibm_aml/hi-medium/V26_IBM_AML_HI_MEDIUM_SEEDS_5_6_T4_SINGLEGPU_SINGLEZIP/json/ibm_aml_hi_medium__early_to_late_transfer__logistic_regression_edge_features__seed6.json;results/v26_imported/ibm_aml/hi-medium/V26_IBM_AML_HI_MEDIUM_SEEDS_7_8_T4_SINGLEGPU_SINGLEZIP/json/ibm_aml_hi_medium__early_to_late_transfer__logistic_regression_edge_features__seed7.json;results/v26_imported/ibm_aml/hi-medium/V26_IBM_AML_HI_MEDIUM_SEEDS_7_8_T4_SINGLEGPU_SINGLEZIP/json/ibm_aml_hi_medium__early_to_late_transfer__logistic_regression_edge_features__seed8.json;results/v26_imported/ibm_aml/hi-medium/V26_IBM_AML_HI_MEDIUM_SEEDS_9_10_T4_SINGLEGPU_SINGLEZIP/json/ibm_aml_hi_medium__early_to_late_transfer__logistic_regression_edge_features__seed10.json;results/v26_imported/ibm_aml/hi-medium/V26_IBM_AML_HI_MEDIUM_SEEDS_9_10_T4_SINGLEGPU_SINGLEZIP/json/ibm_aml_hi_medium__early_to_late_transfer__logistic_regression_edge_features__seed9.json,0.0139303670903985,1.8285590982170323e-18,0.0139303670903985,0.0139303670903985,0.9126714767010468,2.3405556457178013e-16,0.9126714767010468,0.9126714767010468,0.0179594410210183,3.6571181964340645e-18,0.0179594410210183,0.0179594410210183,0.0090700127368253,1.8285590982170323e-18,0.0090700127368253,0.0090700127368253,0.9020286986640278,1.1702778228589004e-16,0.9020286986640278,0.9020286986640278,0.8780611530775693,0.0,0.8780611530775693,0.8780611530775693,47.4527,2.387802571868584,46.20427,48.988850000000006,9.422934743853162,0.0124520201136792,LogReg,early,3.5,HI-M / early
V26,hi-medium,medium,hi,early_to_late_transfer,graphsage_edge_minibatch_h32,10,0.0014783469767193,results/v26_imported/ibm_aml/hi-medium/V26_IBM_AML_HI_MEDIUM_SEEDS_1_2_P100_SINGLEGPU_SINGLEZIP/json/ibm_aml_hi_medium__early_to_late_transfer__graphsage_edge_minibatch_h32__seed1.json;results/v26_imported/ibm_aml/hi-medium/V26_IBM_AML_HI_MEDIUM_SEEDS_1_2_P100_SINGLEGPU_SINGLEZIP/json/ibm_aml_hi_medium__early_to_late_transfer__graphsage_edge_minibatch_h32__seed2.json;results/v26_imported/ibm_aml/hi-medium/V26_IBM_AML_HI_MEDIUM_SEEDS_3_4_T4_SINGLEGPU_SINGLEZIP/json/ibm_aml_hi_medium__early_to_late_transfer__graphsage_edge_minibatch_h32__seed3.json;results/v26_imported/ibm_aml/hi-medium/V26_IBM_AML_HI_MEDIUM_SEEDS_3_4_T4_SINGLEGPU_SINGLEZIP/json/ibm_aml_hi_medium__early_to_late_transfer__graphsage_edge_minibatch_h32__seed4.json;results/v26_imported/ibm_aml/hi-medium/V26_IBM_AML_HI_MEDIUM_SEEDS_5_6_T4_SINGLEGPU_SINGLEZIP/json/ibm_aml_hi_medium__early_to_late_transfer__graphsage_edge_minibatch_h32__seed5.json;results/v26_imported/ibm_aml/hi-medium/V26_IBM_AML_HI_MEDIUM_SEEDS_5_6_T4_SINGLEGPU_SINGLEZIP/json/ibm_aml_hi_medium__early_to_late_transfer__graphsage_edge_minibatch_h32__seed6.json;results/v26_imported/ibm_aml/hi-medium/V26_IBM_AML_HI_MEDIUM_SEEDS_7_8_T4_SINGLEGPU_SINGLEZIP/json/ibm_aml_hi_medium__early_to_late_transfer__graphsage_edge_minibatch_h32__seed7.json;results/v26_imported/ibm_aml/hi-medium/V26_IBM_AML_HI_MEDIUM_SEEDS_7_8_T4_SINGLEGPU_SINGLEZIP/json/ibm_aml_hi_medium__early_to_late_transfer__graphsage_edge_minibatch_h32__seed8.json;results/v26_imported/ibm_aml/hi-medium/V26_IBM_AML_HI_MEDIUM_SEEDS_9_10_T4_SINGLEGPU_SINGLEZIP/json/ibm_aml_hi_medium__early_to_late_transfer__graphsage_edge_minibatch_h32__seed10.json;results/v26_imported/ibm_aml/hi-medium/V26_IBM_AML_HI_MEDIUM_SEEDS_9_10_T4_SINGLEGPU_SINGLEZIP/json/ibm_aml_hi_medium__early_to_late_transfer__graphsage_edge_minibatch_h32__seed9.json,0.0248435205835876,0.0059586200866422,0.0212636792548573,0.0282683933772197,0.8818313457136522,0.018537263994869,0.8708658582467895,0.8928005362486647,0.0207862874606697,0.0053924201832986,0.0174965749144771,0.0237746669778414,0.010563558146929,0.002779924600074,0.0088528078319487,0.0121462247373584,0.6959143281261044,0.032837913475508,0.6762417827101153,0.7138195377111755,0.795066603040795,0.015556894325457,0.7854254497862068,0.8039314414255231,186.8332,9.734249418077049,181.1766675,192.5509425,16.80493211324422,0.0233651736068683,SAGE-h32,early,3.3,HI-M / early
V26,hi-medium,medium,hi,late_window_holdout,hist_gradient_boosting_edge_features,10,0.0016681171124174,results/v26_imported/ibm_aml/hi-medium/V26_IBM_AML_HI_MEDIUM_SEEDS_1_2_P100_SINGLEGPU_SINGLEZIP/json/ibm_aml_hi_medium__late_window_holdout__hist_gradient_boosting_edge_features__seed1.json;results/v26_imported/ibm_aml/hi-medium/V26_IBM_AML_HI_MEDIUM_SEEDS_1_2_P100_SINGLEGPU_SINGLEZIP/json/ibm_aml_hi_medium__late_window_holdout__hist_gradient_boosting_edge_features__seed2.json;results/v26_imported/ibm_aml/hi-medium/V26_IBM_AML_HI_MEDIUM_SEEDS_3_4_T4_SINGLEGPU_SINGLEZIP/json/ibm_aml_hi_medium__late_window_holdout__hist_gradient_boosting_edge_features__seed3.json;results/v26_imported/ibm_aml/hi-medium/V26_IBM_AML_HI_MEDIUM_SEEDS_3_4_T4_SINGLEGPU_SINGLEZIP/json/ibm_aml_hi_medium__late_window_holdout__hist_gradient_boosting_edge_features__seed4.json;results/v26_imported/ibm_aml/hi-medium/V26_IBM_AML_HI_MEDIUM_SEEDS_5_6_T4_SINGLEGPU_SINGLEZIP/json/ibm_aml_hi_medium__late_window_holdout__hist_gradient_boosting_edge_features__seed5.json;results/v26_imported/ibm_aml/hi-medium/V26_IBM_AML_HI_MEDIUM_SEEDS_5_6_T4_SINGLEGPU_SINGLEZIP/json/ibm_aml_hi_medium__late_window_holdout__hist_gradient_boosting_edge_features__seed6.json;results/v26_imported/ibm_aml/hi-medium/V26_IBM_AML_HI_MEDIUM_SEEDS_7_8_T4_SINGLEGPU_SINGLEZIP/json/ibm_aml_hi_medium__late_window_holdout__hist_gradient_boosting_edge_features__seed7.json;results/v26_imported/ibm_aml/hi-medium/V26_IBM_AML_HI_MEDIUM_SEEDS_7_8_T4_SINGLEGPU_SINGLEZIP/json/ibm_aml_hi_medium__late_window_holdout__hist_gradient_boosting_edge_features__seed8.json;results/v26_imported/ibm_aml/hi-medium/V26_IBM_AML_HI_MEDIUM_SEEDS_9_10_T4_SINGLEGPU_SINGLEZIP/json/ibm_aml_hi_medium__late_window_holdout__hist_gradient_boosting_edge_features__seed10.json;results/v26_imported/ibm_aml/hi-medium/V26_IBM_AML_HI_MEDIUM_SEEDS_9_10_T4_SINGLEGPU_SINGLEZIP/json/ibm_aml_hi_medium__late_window_holdout__hist_gradient_boosting_edge_features__seed9.json,0.1692809076517594,0.0108310090655477,0.162980793492945,0.1757815069782865,0.9369346122431962,0.0099032401484016,0.9302181460983208,0.9417833087250428,0.0054863228331212,0.0098449632030576,0.0011026344747498,0.0120019935364226,0.2663049012942698,0.2847247411635658,0.1114616948370305,0.4518316056522555,0.0027814320616425,0.0050126071759659,0.0005544070663409,0.0061644897575643,0.5013874659161253,0.0025067262973356,0.5002788912242603,0.5030560773070676,92.8902,25.708500703074847,77.70447,107.1885,101.48022965032249,0.1676127905393419,HistGB,late,2.7,HI-M / late
V26,hi-medium,medium,hi,late_window_holdout,logistic_regression_edge_features,10,0.0016681171124174,results/v26_imported/ibm_aml/hi-medium/V26_IBM_AML_HI_MEDIUM_SEEDS_1_2_P100_SINGLEGPU_SINGLEZIP/json/ibm_aml_hi_medium__late_window_holdout__logistic_regression_edge_features__seed1.json;results/v26_imported/ibm_aml/hi-medium/V26_IBM_AML_HI_MEDIUM_SEEDS_1_2_P100_SINGLEGPU_SINGLEZIP/json/ibm_aml_hi_medium__late_window_holdout__logistic_regression_edge_features__seed2.json;results/v26_imported/ibm_aml/hi-medium/V26_IBM_AML_HI_MEDIUM_SEEDS_3_4_T4_SINGLEGPU_SINGLEZIP/json/ibm_aml_hi_medium__late_window_holdout__logistic_regression_edge_features__seed3.json;results/v26_imported/ibm_aml/hi-medium/V26_IBM_AML_HI_MEDIUM_SEEDS_3_4_T4_SINGLEGPU_SINGLEZIP/json/ibm_aml_hi_medium__late_window_holdout__logistic_regression_edge_features__seed4.json;results/v26_imported/ibm_aml/hi-medium/V26_IBM_AML_HI_MEDIUM_SEEDS_5_6_T4_SINGLEGPU_SINGLEZIP/json/ibm_aml_hi_medium__late_window_holdout__logistic_regression_edge_features__seed5.json;results/v26_imported/ibm_aml/hi-medium/V26_IBM_AML_HI_MEDIUM_SEEDS_5_6_T4_SINGLEGPU_SINGLEZIP/json/ibm_aml_hi_medium__late_window_holdout__logistic_regression_edge_features__seed6.json;results/v26_imported/ibm_aml/hi-medium/V26_IBM_AML_HI_MEDIUM_SEEDS_7_8_T4_SINGLEGPU_SINGLEZIP/json/ibm_aml_hi_medium__late_window_holdout__logistic_regression_edge_features__seed7.json;results/v26_imported/ibm_aml/hi-medium/V26_IBM_AML_HI_MEDIUM_SEEDS_7_8_T4_SINGLEGPU_SINGLEZIP/json/ibm_aml_hi_medium__late_window_holdout__logistic_regression_edge_features__seed8.json;results/v26_imported/ibm_aml/hi-medium/V26_IBM_AML_HI_MEDIUM_SEEDS_9_10_T4_SINGLEGPU_SINGLEZIP/json/ibm_aml_hi_medium__late_window_holdout__logistic_regression_edge_features__seed10.json;results/v26_imported/ibm_aml/hi-medium/V26_IBM_AML_HI_MEDIUM_SEEDS_9_10_T4_SINGLEGPU_SINGLEZIP/json/ibm_aml_hi_medium__late_window_holdout__logistic_regression_edge_features__seed9.json,0.0157240648198414,3.6571181964340645e-18,0.0157240648198414,0.0157240648198414,0.916557566471002,1.1702778228589004e-16,0.916557566471002,0.916557566471002,0.0200977988026579,0.0,0.0200977988026579,0.0200977988026579,0.0101607813925459,1.8285590982170323e-18,0.0101607813925459,0.0101607813925459,0.9126104115767714,1.1702778228589004e-16,0.9126104115767714,0.9126104115767714,0.8820298793088689,1.1702778228589004e-16,0.8820298793088689,0.8820298793088689,51.0074,2.318484955501952,49.76086250000001,52.449845,9.426235545928549,0.0140559477074239,LogReg,late,2.5,HI-M / late
V26,hi-medium,medium,hi,late_window_holdout,graphsage_edge_minibatch_h32,10,0.0016681171124174,results/v26_imported/ibm_aml/hi-medium/V26_IBM_AML_HI_MEDIUM_SEEDS_1_2_P100_SINGLEGPU_SINGLEZIP/json/ibm_aml_hi_medium__late_window_holdout__graphsage_edge_minibatch_h32__seed1.json;results/v26_imported/ibm_aml/hi-medium/V26_IBM_AML_HI_MEDIUM_SEEDS_1_2_P100_SINGLEGPU_SINGLEZIP/json/ibm_aml_hi_medium__late_window_holdout__graphsage_edge_minibatch_h32__seed2.json;results/v26_imported/ibm_aml/hi-medium/V26_IBM_AML_HI_MEDIUM_SEEDS_3_4_T4_SINGLEGPU_SINGLEZIP/json/ibm_aml_hi_medium__late_window_holdout__graphsage_edge_minibatch_h32__seed3.json;results/v26_imported/ibm_aml/hi-medium/V26_IBM_AML_HI_MEDIUM_SEEDS_3_4_T4_SINGLEGPU_SINGLEZIP/json/ibm_aml_hi_medium__late_window_holdout__graphsage_edge_minibatch_h32__seed4.json;results/v26_imported/ibm_aml/hi-medium/V26_IBM_AML_HI_MEDIUM_SEEDS_5_6_T4_SINGLEGPU_SINGLEZIP/json/ibm_aml_hi_medium__late_window_holdout__graphsage_edge_minibatch_h32__seed5.json;results/v26_imported/ibm_aml/hi-medium/V26_IBM_AML_HI_MEDIUM_SEEDS_5_6_T4_SINGLEGPU_SINGLEZIP/json/ibm_aml_hi_medium__late_window_holdout__graphsage_edge_minibatch_h32__seed6.json;results/v26_imported/ibm_aml/hi-medium/V26_IBM_AML_HI_MEDIUM_SEEDS_7_8_T4_SINGLEGPU_SINGLEZIP/json/ibm_aml_hi_medium__late_window_holdout__graphsage_edge_minibatch_h32__seed7.json;results/v26_imported/ibm_aml/hi-medium/V26_IBM_AML_HI_MEDIUM_SEEDS_7_8_T4_SINGLEGPU_SINGLEZIP/json/ibm_aml_hi_medium__late_window_holdout__graphsage_edge_minibatch_h32__seed8.json;results/v26_imported/ibm_aml/hi-medium/V26_IBM_AML_HI_MEDIUM_SEEDS_9_10_T4_SINGLEGPU_SINGLEZIP/json/ibm_aml_hi_medium__late_window_holdout__graphsage_edge_minibatch_h32__seed10.json;results/v26_imported/ibm_aml/hi-medium/V26_IBM_AML_HI_MEDIUM_SEEDS_9_10_T4_SINGLEGPU_SINGLEZIP/json/ibm_aml_hi_medium__late_window_holdout__graphsage_edge_minibatch_h32__seed9.json,0.0371204257469639,0.0123852654699202,0.0297334001915363,0.043933908941289,0.907628034495113,0.0158758750546111,0.8977751732542684,0.916315910419866,0.0171149051269515,0.0080934279009611,0.0125250065834917,0.0219627185579732,0.0086792656932081,0.0041609510327932,0.0063765256233368,0.0112566947542935,0.8185773350873895,0.1116823308485026,0.7526106464950196,0.8830024901334336,0.8061557061365301,0.0182928436178259,0.7951894092213383,0.8167334067227829,220.9304,12.089859223516395,213.67255499999996,227.88796750000003,22.252889482782095,0.0354523086345464,SAGE-h32,late,2.3,HI-M / late
V26,li-medium,medium,li,early_to_late_transfer,hist_gradient_boosting_edge_features,10,0.0005751193676673,results/v26_imported/ibm_aml/li-medium/V26_IBM_AML_LI_MEDIUM_SEEDS_1_2_T4_SINGLEGPU_SINGLEZIP/json/ibm_aml_li_medium__early_to_late_transfer__hist_gradient_boosting_edge_features__seed1.json;results/v26_imported/ibm_aml/li-medium/V26_IBM_AML_LI_MEDIUM_SEEDS_1_2_T4_SINGLEGPU_SINGLEZIP/json/ibm_aml_li_medium__early_to_late_transfer__hist_gradient_boosting_edge_features__seed2.json;results/v26_imported/ibm_aml/li-medium/V26_IBM_AML_LI_MEDIUM_SEEDS_3_4_T4_SINGLEGPU_SINGLEZIP/json/ibm_aml_li_medium__early_to_late_transfer__hist_gradient_boosting_edge_features__seed3.json;results/v26_imported/ibm_aml/li-medium/V26_IBM_AML_LI_MEDIUM_SEEDS_3_4_T4_SINGLEGPU_SINGLEZIP/json/ibm_aml_li_medium__early_to_late_transfer__hist_gradient_boosting_edge_features__seed4.json;results/v26_imported/ibm_aml/li-medium/V26_IBM_AML_LI_MEDIUM_SEEDS_5_6_T4_SINGLEGPU_SINGLEZIP/json/ibm_aml_li_medium__early_to_late_transfer__hist_gradient_boosting_edge_features__seed5.json;results/v26_imported/ibm_aml/li-medium/V26_IBM_AML_LI_MEDIUM_SEEDS_5_6_T4_SINGLEGPU_SINGLEZIP/json/ibm_aml_li_medium__early_to_late_transfer__hist_gradient_boosting_edge_features__seed6.json;results/v26_imported/ibm_aml/li-medium/V26_IBM_AML_LI_MEDIUM_SEEDS_7_8_T4_SINGLEGPU_SINGLEZIP/json/ibm_aml_li_medium__early_to_late_transfer__hist_gradient_boosting_edge_features__seed7.json;results/v26_imported/ibm_aml/li-medium/V26_IBM_AML_LI_MEDIUM_SEEDS_7_8_T4_SINGLEGPU_SINGLEZIP/json/ibm_aml_li_medium__early_to_late_transfer__hist_gradient_boosting_edge_features__seed8.json;results/v26_imported/ibm_aml/li-medium/V26_IBM_AML_LI_MEDIUM_SEEDS_9_10_T4_SINGLEGPU_SINGLEZIP/json/ibm_aml_li_medium__early_to_late_transfer__hist_gradient_boosting_edge_features__seed10.json;results/v26_imported/ibm_aml/li-medium/V26_IBM_AML_LI_MEDIUM_SEEDS_9_10_T4_SINGLEGPU_SINGLEZIP/json/ibm_aml_li_medium__early_to_late_transfer__hist_gradient_boosting_edge_features__seed9.json,0.0142501645980595,0.001417276536676,0.0135092787203803,0.0151463191805228,0.8476997936356121,0.0022629606025243,0.8463597691087943,0.8490116942332462,0.0003636128328555,0.0005444588144254,7.189072609633358e-05,0.0006947684259336,0.0112989561833425,0.0218164619033951,0.0011627906976744,0.0259999031219774,0.0001854599406528,0.0002764673562685,3.70919881305638e-05,0.0003709198813056,0.5000852860423144,0.0001395923960609,0.5000103067130282,0.5001702962352113,76.74770000000001,12.222292238637834,69.30455749999999,83.46496,24.777751192517567,0.0136750452303922,HistGB,early,1.7,LI-M / early
V26,li-medium,medium,li,early_to_late_transfer,logistic_regression_edge_features,10,0.0005751193676673,results/v26_imported/ibm_aml/li-medium/V26_IBM_AML_LI_MEDIUM_SEEDS_1_2_T4_SINGLEGPU_SINGLEZIP/json/ibm_aml_li_medium__early_to_late_transfer__logistic_regression_edge_features__seed1.json;results/v26_imported/ibm_aml/li-medium/V26_IBM_AML_LI_MEDIUM_SEEDS_1_2_T4_SINGLEGPU_SINGLEZIP/json/ibm_aml_li_medium__early_to_late_transfer__logistic_regression_edge_features__seed2.json;results/v26_imported/ibm_aml/li-medium/V26_IBM_AML_LI_MEDIUM_SEEDS_3_4_T4_SINGLEGPU_SINGLEZIP/json/ibm_aml_li_medium__early_to_late_transfer__logistic_regression_edge_features__seed3.json;results/v26_imported/ibm_aml/li-medium/V26_IBM_AML_LI_MEDIUM_SEEDS_3_4_T4_SINGLEGPU_SINGLEZIP/json/ibm_aml_li_medium__early_to_late_transfer__logistic_regression_edge_features__seed4.json;results/v26_imported/ibm_aml/li-medium/V26_IBM_AML_LI_MEDIUM_SEEDS_5_6_T4_SINGLEGPU_SINGLEZIP/json/ibm_aml_li_medium__early_to_late_transfer__logistic_regression_edge_features__seed5.json;results/v26_imported/ibm_aml/li-medium/V26_IBM_AML_LI_MEDIUM_SEEDS_5_6_T4_SINGLEGPU_SINGLEZIP/json/ibm_aml_li_medium__early_to_late_transfer__logistic_regression_edge_features__seed6.json;results/v26_imported/ibm_aml/li-medium/V26_IBM_AML_LI_MEDIUM_SEEDS_7_8_T4_SINGLEGPU_SINGLEZIP/json/ibm_aml_li_medium__early_to_late_transfer__logistic_regression_edge_features__seed7.json;results/v26_imported/ibm_aml/li-medium/V26_IBM_AML_LI_MEDIUM_SEEDS_7_8_T4_SINGLEGPU_SINGLEZIP/json/ibm_aml_li_medium__early_to_late_transfer__logistic_regression_edge_features__seed8.json;results/v26_imported/ibm_aml/li-medium/V26_IBM_AML_LI_MEDIUM_SEEDS_9_10_T4_SINGLEGPU_SINGLEZIP/json/ibm_aml_li_medium__early_to_late_transfer__logistic_regression_edge_features__seed10.json;results/v26_imported/ibm_aml/li-medium/V26_IBM_AML_LI_MEDIUM_SEEDS_9_10_T4_SINGLEGPU_SINGLEZIP/json/ibm_aml_li_medium__early_to_late_transfer__logistic_regression_edge_features__seed9.json,0.0037015878228501,4.571397745542581e-19,0.0037015878228501,0.0037015878228501,0.8361154768153993,0.0,0.8361154768153993,0.8361154768153993,0.0045016727216903,9.142795491085161e-19,0.0045016727216903,0.0045016727216903,0.0022574158876756,4.571397745542581e-19,0.0022574158876756,0.0022574158876756,0.7722551928783383,0.0,0.7722551928783383,0.7722551928783383,0.7879198808584782,0.0,0.7879198808584782,0.7879198808584782,46.0393,1.5162286583640487,45.1824525,46.9499,6.436207909087741,0.0031264684551827,LogReg,early,1.5,LI-M / early
V26,li-medium,medium,li,early_to_late_transfer,graphsage_edge_minibatch_h32,10,0.0005751193676673,results/v26_imported/ibm_aml/li-medium/V26_IBM_AML_LI_MEDIUM_SEEDS_1_2_T4_SINGLEGPU_SINGLEZIP/json/ibm_aml_li_medium__early_to_late_transfer__graphsage_edge_minibatch_h32__seed1.json;results/v26_imported/ibm_aml/li-medium/V26_IBM_AML_LI_MEDIUM_SEEDS_1_2_T4_SINGLEGPU_SINGLEZIP/json/ibm_aml_li_medium__early_to_late_transfer__graphsage_edge_minibatch_h32__seed2.json;results/v26_imported/ibm_aml/li-medium/V26_IBM_AML_LI_MEDIUM_SEEDS_3_4_T4_SINGLEGPU_SINGLEZIP/json/ibm_aml_li_medium__early_to_late_transfer__graphsage_edge_minibatch_h32__seed3.json;results/v26_imported/ibm_aml/li-medium/V26_IBM_AML_LI_MEDIUM_SEEDS_3_4_T4_SINGLEGPU_SINGLEZIP/json/ibm_aml_li_medium__early_to_late_transfer__graphsage_edge_minibatch_h32__seed4.json;results/v26_imported/ibm_aml/li-medium/V26_IBM_AML_LI_MEDIUM_SEEDS_5_6_T4_SINGLEGPU_SINGLEZIP/json/ibm_aml_li_medium__early_to_late_transfer__graphsage_edge_minibatch_h32__seed5.json;results/v26_imported/ibm_aml/li-medium/V26_IBM_AML_LI_MEDIUM_SEEDS_5_6_T4_SINGLEGPU_SINGLEZIP/json/ibm_aml_li_medium__early_to_late_transfer__graphsage_edge_minibatch_h32__seed6.json;results/v26_imported/ibm_aml/li-medium/V26_IBM_AML_LI_MEDIUM_SEEDS_7_8_T4_SINGLEGPU_SINGLEZIP/json/ibm_aml_li_medium__early_to_late_transfer__graphsage_edge_minibatch_h32__seed7.json;results/v26_imported/ibm_aml/li-medium/V26_IBM_AML_LI_MEDIUM_SEEDS_7_8_T4_SINGLEGPU_SINGLEZIP/json/ibm_aml_li_medium__early_to_late_transfer__graphsage_edge_minibatch_h32__seed8.json;results/v26_imported/ibm_aml/li-medium/V26_IBM_AML_LI_MEDIUM_SEEDS_9_10_T4_SINGLEGPU_SINGLEZIP/json/ibm_aml_li_medium__early_to_late_transfer__graphsage_edge_minibatch_h32__seed10.json;results/v26_imported/ibm_aml/li-medium/V26_IBM_AML_LI_MEDIUM_SEEDS_9_10_T4_SINGLEGPU_SINGLEZIP/json/ibm_aml_li_medium__early_to_late_transfer__graphsage_edge_minibatch_h32__seed9.json,0.0069280886785261,0.0024017105659983,0.0053910892685076,0.0082029355503878,0.8722254082387311,0.0555952748421499,0.835326941746511,0.8955932761278999,0.005081596110596,0.0020694799965032,0.0039089075763291,0.006351552184488,0.0025514214732983,0.0010443057690412,0.0019740761565647,0.0031699755775578,0.7930452522255191,0.1465805949547075,0.7007047477744808,0.8768814910979226,0.7880030371627292,0.0355268305051903,0.7653083420358215,0.8064571522511483,178.962,9.988711128068529,173.35154249999997,184.931465,12.046349102493403,0.0063529693108587,SAGE-h32,early,1.3,LI-M / early
V26,li-medium,medium,li,late_window_holdout,hist_gradient_boosting_edge_features,10,0.0006052512384611,results/v26_imported/ibm_aml/li-medium/V26_IBM_AML_LI_MEDIUM_SEEDS_1_2_T4_SINGLEGPU_SINGLEZIP/json/ibm_aml_li_medium__late_window_holdout__hist_gradient_boosting_edge_features__seed1.json;results/v26_imported/ibm_aml/li-medium/V26_IBM_AML_LI_MEDIUM_SEEDS_1_2_T4_SINGLEGPU_SINGLEZIP/json/ibm_aml_li_medium__late_window_holdout__hist_gradient_boosting_edge_features__seed2.json;results/v26_imported/ibm_aml/li-medium/V26_IBM_AML_LI_MEDIUM_SEEDS_3_4_T4_SINGLEGPU_SINGLEZIP/json/ibm_aml_li_medium__late_window_holdout__hist_gradient_boosting_edge_features__seed3.json;results/v26_imported/ibm_aml/li-medium/V26_IBM_AML_LI_MEDIUM_SEEDS_3_4_T4_SINGLEGPU_SINGLEZIP/json/ibm_aml_li_medium__late_window_holdout__hist_gradient_boosting_edge_features__seed4.json;results/v26_imported/ibm_aml/li-medium/V26_IBM_AML_LI_MEDIUM_SEEDS_5_6_T4_SINGLEGPU_SINGLEZIP/json/ibm_aml_li_medium__late_window_holdout__hist_gradient_boosting_edge_features__seed5.json;results/v26_imported/ibm_aml/li-medium/V26_IBM_AML_LI_MEDIUM_SEEDS_5_6_T4_SINGLEGPU_SINGLEZIP/json/ibm_aml_li_medium__late_window_holdout__hist_gradient_boosting_edge_features__seed6.json;results/v26_imported/ibm_aml/li-medium/V26_IBM_AML_LI_MEDIUM_SEEDS_7_8_T4_SINGLEGPU_SINGLEZIP/json/ibm_aml_li_medium__late_window_holdout__hist_gradient_boosting_edge_features__seed7.json;results/v26_imported/ibm_aml/li-medium/V26_IBM_AML_LI_MEDIUM_SEEDS_7_8_T4_SINGLEGPU_SINGLEZIP/json/ibm_aml_li_medium__late_window_holdout__hist_gradient_boosting_edge_features__seed8.json;results/v26_imported/ibm_aml/li-medium/V26_IBM_AML_LI_MEDIUM_SEEDS_9_10_T4_SINGLEGPU_SINGLEZIP/json/ibm_aml_li_medium__late_window_holdout__hist_gradient_boosting_edge_features__seed10.json;results/v26_imported/ibm_aml/li-medium/V26_IBM_AML_LI_MEDIUM_SEEDS_9_10_T4_SINGLEGPU_SINGLEZIP/json/ibm_aml_li_medium__late_window_holdout__hist_gradient_boosting_edge_features__seed9.json,0.0296973892932758,0.0068252826416596,0.0260928528205603,0.0340765412164697,0.8581988907801733,0.0007410096583638,0.8577481710665766,0.85863431205962,0.000157635871866,0.000355261275201,0.0,0.0003685507149981,0.022,0.0628578643537235,0.0,0.062,7.930214115781126e-05,0.000178416219326,0.0,0.0001850383293682,0.500036073074916,9.017015844043118e-05,0.4999952613569745,0.5000908302226599,62.394000000000005,14.161945911491117,54.11631499999999,70.53504,49.06621813576366,0.0290921380548146,HistGB,late,0.7,LI-M / late
V26,li-medium,medium,li,late_window_holdout,logistic_regression_edge_features,10,0.0006052512384611,results/v26_imported/ibm_aml/li-medium/V26_IBM_AML_LI_MEDIUM_SEEDS_1_2_T4_SINGLEGPU_SINGLEZIP/json/ibm_aml_li_medium__late_window_holdout__logistic_regression_edge_features__seed1.json;results/v26_imported/ibm_aml/li-medium/V26_IBM_AML_LI_MEDIUM_SEEDS_1_2_T4_SINGLEGPU_SINGLEZIP/json/ibm_aml_li_medium__late_window_holdout__logistic_regression_edge_features__seed2.json;results/v26_imported/ibm_aml/li-medium/V26_IBM_AML_LI_MEDIUM_SEEDS_3_4_T4_SINGLEGPU_SINGLEZIP/json/ibm_aml_li_medium__late_window_holdout__logistic_regression_edge_features__seed3.json;results/v26_imported/ibm_aml/li-medium/V26_IBM_AML_LI_MEDIUM_SEEDS_3_4_T4_SINGLEGPU_SINGLEZIP/json/ibm_aml_li_medium__late_window_holdout__logistic_regression_edge_features__seed4.json;results/v26_imported/ibm_aml/li-medium/V26_IBM_AML_LI_MEDIUM_SEEDS_5_6_T4_SINGLEGPU_SINGLEZIP/json/ibm_aml_li_medium__late_window_holdout__logistic_regression_edge_features__seed5.json;results/v26_imported/ibm_aml/li-medium/V26_IBM_AML_LI_MEDIUM_SEEDS_5_6_T4_SINGLEGPU_SINGLEZIP/json/ibm_aml_li_medium__late_window_holdout__logistic_regression_edge_features__seed6.json;results/v26_imported/ibm_aml/li-medium/V26_IBM_AML_LI_MEDIUM_SEEDS_7_8_T4_SINGLEGPU_SINGLEZIP/json/ibm_aml_li_medium__late_window_holdout__logistic_regression_edge_features__seed7.json;results/v26_imported/ibm_aml/li-medium/V26_IBM_AML_LI_MEDIUM_SEEDS_7_8_T4_SINGLEGPU_SINGLEZIP/json/ibm_aml_li_medium__late_window_holdout__logistic_regression_edge_features__seed8.json;results/v26_imported/ibm_aml/li-medium/V26_IBM_AML_LI_MEDIUM_SEEDS_9_10_T4_SINGLEGPU_SINGLEZIP/json/ibm_aml_li_medium__late_window_holdout__logistic_regression_edge_features__seed10.json;results/v26_imported/ibm_aml/li-medium/V26_IBM_AML_LI_MEDIUM_SEEDS_9_10_T4_SINGLEGPU_SINGLEZIP/json/ibm_aml_li_medium__late_window_holdout__logistic_regression_edge_features__seed9.json,0.0040272956941202,0.0,0.0040272956941202,0.0040272956941202,0.8425372641263371,0.0,0.8425372641263371,0.8425372641263371,0.0047762258658415,9.142795491085161e-19,0.0047762258658415,0.0047762258658415,0.0023953919523532,4.571397745542581e-19,0.0023953919523532,0.0023953919523532,0.7858842188739096,0.0,0.7858842188739096,0.7858842188739096,0.7938340309150785,1.1702778228589004e-16,0.7938340309150785,0.7938340309150785,48.5031,1.545407350111219,47.595297499999994,49.40821,6.653923921510177,0.0034220444556591,LogReg,late,0.5,LI-M / late
V26,li-medium,medium,li,late_window_holdout,graphsage_edge_minibatch_h32,10,0.0006052512384611,results/v26_imported/ibm_aml/li-medium/V26_IBM_AML_LI_MEDIUM_SEEDS_1_2_T4_SINGLEGPU_SINGLEZIP/json/ibm_aml_li_medium__late_window_holdout__graphsage_edge_minibatch_h32__seed1.json;results/v26_imported/ibm_aml/li-medium/V26_IBM_AML_LI_MEDIUM_SEEDS_1_2_T4_SINGLEGPU_SINGLEZIP/json/ibm_aml_li_medium__late_window_holdout__graphsage_edge_minibatch_h32__seed2.json;results/v26_imported/ibm_aml/li-medium/V26_IBM_AML_LI_MEDIUM_SEEDS_3_4_T4_SINGLEGPU_SINGLEZIP/json/ibm_aml_li_medium__late_window_holdout__graphsage_edge_minibatch_h32__seed3.json;results/v26_imported/ibm_aml/li-medium/V26_IBM_AML_LI_MEDIUM_SEEDS_3_4_T4_SINGLEGPU_SINGLEZIP/json/ibm_aml_li_medium__late_window_holdout__graphsage_edge_minibatch_h32__seed4.json;results/v26_imported/ibm_aml/li-medium/V26_IBM_AML_LI_MEDIUM_SEEDS_5_6_T4_SINGLEGPU_SINGLEZIP/json/ibm_aml_li_medium__late_window_holdout__graphsage_edge_minibatch_h32__seed5.json;results/v26_imported/ibm_aml/li-medium/V26_IBM_AML_LI_MEDIUM_SEEDS_5_6_T4_SINGLEGPU_SINGLEZIP/json/ibm_aml_li_medium__late_window_holdout__graphsage_edge_minibatch_h32__seed6.json;results/v26_imported/ibm_aml/li-medium/V26_IBM_AML_LI_MEDIUM_SEEDS_7_8_T4_SINGLEGPU_SINGLEZIP/json/ibm_aml_li_medium__late_window_holdout__graphsage_edge_minibatch_h32__seed7.json;results/v26_imported/ibm_aml/li-medium/V26_IBM_AML_LI_MEDIUM_SEEDS_7_8_T4_SINGLEGPU_SINGLEZIP/json/ibm_aml_li_medium__late_window_holdout__graphsage_edge_minibatch_h32__seed8.json;results/v26_imported/ibm_aml/li-medium/V26_IBM_AML_LI_MEDIUM_SEEDS_9_10_T4_SINGLEGPU_SINGLEZIP/json/ibm_aml_li_medium__late_window_holdout__graphsage_edge_minibatch_h32__seed10.json;results/v26_imported/ibm_aml/li-medium/V26_IBM_AML_LI_MEDIUM_SEEDS_9_10_T4_SINGLEGPU_SINGLEZIP/json/ibm_aml_li_medium__late_window_holdout__graphsage_edge_minibatch_h32__seed9.json,0.007832722240569,0.0019082593629162,0.0066928381073958,0.0088989041301796,0.8904050645741248,0.025757019685531,0.8744299415352824,0.9043780415446676,0.0047990319786387,0.0019731718354207,0.0037022216996566,0.0060040177337909,0.0024086526085346,0.000996037030966,0.0018544563254321,0.0030228232014917,0.8514935236584721,0.1260460812916045,0.7692268041237114,0.916812053925456,0.7975786828014775,0.0313482120801348,0.7780869030448302,0.8147523482801389,211.1098,12.707290644000835,203.809185,218.7561825,12.941274206201909,0.0072274710021078,SAGE-h32,late,0.3,LI-M / late
