variant,size,regime,protocol,config,status,n,auprc_mean,auprc_std,normalized_auprc_mean,auroc_mean,f1_mean,runtime_seconds_mean,runtime_seconds_min,runtime_seconds_max,source_paths,pareto_auprc_runtime_within_cell,config_label,runtime_interval_low,runtime_interval_high,auprc_sd_low,auprc_sd_high,protocol_label
hi-medium,medium,hi,early_to_late_transfer,degree_capped_bipartite,MEASURED_FULL10,10,0.0118623146222958,0.0119475540235706,8.02403955843998,0.8758815555137908,0.0195116761162018,216.7949,205.426,243.227,results/v28_imported/imported_json/V28_hi-medium_degree_capped_bipartite_seed10_early_to_late_transfer.json;results/v28_imported/imported_json/V28_hi-medium_degree_capped_bipartite_seed1_early_to_late_transfer.json;results/v28_imported/imported_json/V28_hi-medium_degree_capped_bipartite_seed2_early_to_late_transfer.json;results/v28_imported/imported_json/V28_hi-medium_degree_capped_bipartite_seed3_early_to_late_transfer.json;results/v28_imported/imported_json/V28_hi-medium_degree_capped_bipartite_seed4_early_to_late_transfer.json;results/v28_imported/imported_json/V28_hi-medium_degree_capped_bipartite_seed5_early_to_late_transfer.json;results/v28_imported/imported_json/V28_hi-medium_degree_capped_bipartite_seed6_early_to_late_transfer.json;results/v28_imported/imported_json/V28_hi-medium_degree_capped_bipartite_seed7_early_to_late_transfer.json;results/v28_imported/imported_json/V28_hi-medium_degree_capped_bipartite_seed8_early_to_late_transfer.json;results/v28_imported/imported_json/V28_hi-medium_degree_capped_bipartite_seed9_early_to_late_transfer.json,False,Degree cap,205.426,243.227,0.0,0.0238098686458664,early-to-late
hi-medium,medium,hi,early_to_late_transfer,edge_aware_graphsage_h64,MEASURED_FULL10,10,0.0424178391918162,0.008586688204145,28.692749307032425,0.9169858698766646,0.0110212608503715,249.72859999999997,236.309,260.93,results/v27_imported/imported_json/V27_hi-medium_edge_aware_graphsage_h64_seed10_early_to_late_transfer.json;results/v27_imported/imported_json/V27_hi-medium_edge_aware_graphsage_h64_seed1_early_to_late_transfer.json;results/v27_imported/imported_json/V27_hi-medium_edge_aware_graphsage_h64_seed2_early_to_late_transfer.json;results/v27_imported/imported_json/V27_hi-medium_edge_aware_graphsage_h64_seed3_early_to_late_transfer.json;results/v27_imported/imported_json/V27_hi-medium_edge_aware_graphsage_h64_seed4_early_to_late_transfer.json;results/v27_imported/imported_json/V27_hi-medium_edge_aware_graphsage_h64_seed5_early_to_late_transfer.json;results/v27_imported/imported_json/V27_hi-medium_edge_aware_graphsage_h64_seed6_early_to_late_transfer.json;results/v27_imported/imported_json/V27_hi-medium_edge_aware_graphsage_h64_seed7_early_to_late_transfer.json;results/v27_imported/imported_json/V27_hi-medium_edge_aware_graphsage_h64_seed8_early_to_late_transfer.json;results/v27_imported/imported_json/V27_hi-medium_edge_aware_graphsage_h64_seed9_early_to_late_transfer.json,True,Ref,236.309,260.93,0.0338311509876712,0.0510045273959612,early-to-late
hi-medium,medium,hi,early_to_late_transfer,edge_aware_graphsage_h64_degree_only,MEASURED_FULL10,10,0.0252446603040201,0.0040950214568154,17.07627553041862,0.8039721471699804,0.0102165970473508,238.95959999999997,228.177,247.127,results/v28_imported/imported_json/V28_hi-medium_degree_only_seed10_early_to_late_transfer.json;results/v28_imported/imported_json/V28_hi-medium_degree_only_seed1_early_to_late_transfer.json;results/v28_imported/imported_json/V28_hi-medium_degree_only_seed2_early_to_late_transfer.json;results/v28_imported/imported_json/V28_hi-medium_degree_only_seed3_early_to_late_transfer.json;results/v28_imported/imported_json/V28_hi-medium_degree_only_seed4_early_to_late_transfer.json;results/v28_imported/imported_json/V28_hi-medium_degree_only_seed5_early_to_late_transfer.json;results/v28_imported/imported_json/V28_hi-medium_degree_only_seed6_early_to_late_transfer.json;results/v28_imported/imported_json/V28_hi-medium_degree_only_seed7_early_to_late_transfer.json;results/v28_imported/imported_json/V28_hi-medium_degree_only_seed8_early_to_late_transfer.json;results/v28_imported/imported_json/V28_hi-medium_degree_only_seed9_early_to_late_transfer.json,True,Degree,228.177,247.127,0.0211496388472047,0.029339681760835498,early-to-late
hi-medium,medium,hi,early_to_late_transfer,edge_aware_graphsage_h64_no_edge_features,MEASURED_FULL10,10,0.0244674592799798,0.0036915788323023,16.550552519326175,0.8019835844180706,0.0094205322214938,248.12610000000004,230.491,265.821,results/v28_imported/imported_json/V28_hi-medium_no_edge_features_seed10_early_to_late_transfer.json;results/v28_imported/imported_json/V28_hi-medium_no_edge_features_seed1_early_to_late_transfer.json;results/v28_imported/imported_json/V28_hi-medium_no_edge_features_seed2_early_to_late_transfer.json;results/v28_imported/imported_json/V28_hi-medium_no_edge_features_seed3_early_to_late_transfer.json;results/v28_imported/imported_json/V28_hi-medium_no_edge_features_seed4_early_to_late_transfer.json;results/v28_imported/imported_json/V28_hi-medium_no_edge_features_seed5_early_to_late_transfer.json;results/v28_imported/imported_json/V28_hi-medium_no_edge_features_seed6_early_to_late_transfer.json;results/v28_imported/imported_json/V28_hi-medium_no_edge_features_seed7_early_to_late_transfer.json;results/v28_imported/imported_json/V28_hi-medium_no_edge_features_seed8_early_to_late_transfer.json;results/v28_imported/imported_json/V28_hi-medium_no_edge_features_seed9_early_to_late_transfer.json,False,No edge,230.491,265.821,0.0207758804476775,0.0281590381122821,early-to-late
hi-medium,medium,hi,early_to_late_transfer,edge_aware_graphsage_h64_shuffled_edge_features,MEASURED_FULL10,10,0.0238760056806751,0.0038094027291336,16.15047485919713,0.7943087727392131,0.0096779006714665,255.573,235.335,291.844,results/v28_imported/imported_json/V28_hi-medium_shuffled_edge_features_seed10_early_to_late_transfer.json;results/v28_imported/imported_json/V28_hi-medium_shuffled_edge_features_seed1_early_to_late_transfer.json;results/v28_imported/imported_json/V28_hi-medium_shuffled_edge_features_seed2_early_to_late_transfer.json;results/v28_imported/imported_json/V28_hi-medium_shuffled_edge_features_seed3_early_to_late_transfer.json;results/v28_imported/imported_json/V28_hi-medium_shuffled_edge_features_seed4_early_to_late_transfer.json;results/v28_imported/imported_json/V28_hi-medium_shuffled_edge_features_seed5_early_to_late_transfer.json;results/v28_imported/imported_json/V28_hi-medium_shuffled_edge_features_seed6_early_to_late_transfer.json;results/v28_imported/imported_json/V28_hi-medium_shuffled_edge_features_seed7_early_to_late_transfer.json;results/v28_imported/imported_json/V28_hi-medium_shuffled_edge_features_seed8_early_to_late_transfer.json;results/v28_imported/imported_json/V28_hi-medium_shuffled_edge_features_seed9_early_to_late_transfer.json,False,Shuffle,235.335,291.844,0.020066602951541498,0.0276854084098087,early-to-late
hi-medium,medium,hi,early_to_late_transfer,recent_window_only_graph,MEASURED_FULL10,10,0.0186629564257885,0.0032420802255367,12.624205764741918,0.93387614933042,0.0191271707638221,128.15,119.19,137.228,results/v28_imported/imported_json/V28_hi-medium_recent_window_only_graph_seed10_early_to_late_transfer.json;results/v28_imported/imported_json/V28_hi-medium_recent_window_only_graph_seed1_early_to_late_transfer.json;results/v28_imported/imported_json/V28_hi-medium_recent_window_only_graph_seed2_early_to_late_transfer.json;results/v28_imported/imported_json/V28_hi-medium_recent_window_only_graph_seed3_early_to_late_transfer.json;results/v28_imported/imported_json/V28_hi-medium_recent_window_only_graph_seed4_early_to_late_transfer.json;results/v28_imported/imported_json/V28_hi-medium_recent_window_only_graph_seed5_early_to_late_transfer.json;results/v28_imported/imported_json/V28_hi-medium_recent_window_only_graph_seed6_early_to_late_transfer.json;results/v28_imported/imported_json/V28_hi-medium_recent_window_only_graph_seed7_early_to_late_transfer.json;results/v28_imported/imported_json/V28_hi-medium_recent_window_only_graph_seed8_early_to_late_transfer.json;results/v28_imported/imported_json/V28_hi-medium_recent_window_only_graph_seed9_early_to_late_transfer.json,True,Recent,119.19,137.228,0.0154208762002518,0.021905036651325198,early-to-late
hi-medium,medium,hi,late_window_holdout,degree_capped_bipartite,MEASURED_FULL10,10,0.0127403006538809,0.0113800994429648,7.637533695351476,0.8803473803758077,0.0221475363163674,261.8574,246.001,295.985,results/v28_imported/imported_json/V28_hi-medium_degree_capped_bipartite_seed10_late_window_holdout.json;results/v28_imported/imported_json/V28_hi-medium_degree_capped_bipartite_seed1_late_window_holdout.json;results/v28_imported/imported_json/V28_hi-medium_degree_capped_bipartite_seed2_late_window_holdout.json;results/v28_imported/imported_json/V28_hi-medium_degree_capped_bipartite_seed3_late_window_holdout.json;results/v28_imported/imported_json/V28_hi-medium_degree_capped_bipartite_seed4_late_window_holdout.json;results/v28_imported/imported_json/V28_hi-medium_degree_capped_bipartite_seed5_late_window_holdout.json;results/v28_imported/imported_json/V28_hi-medium_degree_capped_bipartite_seed6_late_window_holdout.json;results/v28_imported/imported_json/V28_hi-medium_degree_capped_bipartite_seed7_late_window_holdout.json;results/v28_imported/imported_json/V28_hi-medium_degree_capped_bipartite_seed8_late_window_holdout.json;results/v28_imported/imported_json/V28_hi-medium_degree_capped_bipartite_seed9_late_window_holdout.json,False,Degree cap,246.001,295.985,0.0013602012109161007,0.0241204000968457,late holdout
hi-medium,medium,hi,late_window_holdout,edge_aware_graphsage_h64,MEASURED_FULL10,10,0.0499825078302734,0.0084853063568901,29.963428501633963,0.921189740755193,0.0126840247665008,301.1194,281.895,316.054,results/v27_imported/imported_json/V27_hi-medium_edge_aware_graphsage_h64_seed10_late_window_holdout.json;results/v27_imported/imported_json/V27_hi-medium_edge_aware_graphsage_h64_seed1_late_window_holdout.json;results/v27_imported/imported_json/V27_hi-medium_edge_aware_graphsage_h64_seed2_late_window_holdout.json;results/v27_imported/imported_json/V27_hi-medium_edge_aware_graphsage_h64_seed3_late_window_holdout.json;results/v27_imported/imported_json/V27_hi-medium_edge_aware_graphsage_h64_seed4_late_window_holdout.json;results/v27_imported/imported_json/V27_hi-medium_edge_aware_graphsage_h64_seed5_late_window_holdout.json;results/v27_imported/imported_json/V27_hi-medium_edge_aware_graphsage_h64_seed6_late_window_holdout.json;results/v27_imported/imported_json/V27_hi-medium_edge_aware_graphsage_h64_seed7_late_window_holdout.json;results/v27_imported/imported_json/V27_hi-medium_edge_aware_graphsage_h64_seed8_late_window_holdout.json;results/v27_imported/imported_json/V27_hi-medium_edge_aware_graphsage_h64_seed9_late_window_holdout.json,True,Ref,281.895,316.054,0.0414972014733833,0.0584678141871635,late holdout
hi-medium,medium,hi,late_window_holdout,edge_aware_graphsage_h64_degree_only,MEASURED_FULL10,10,0.0326194395106207,0.0044511633789972,19.554645934509736,0.8042081175368665,0.0180915743702357,290.36269999999996,275.666,305.356,results/v28_imported/imported_json/V28_hi-medium_degree_only_seed10_late_window_holdout.json;results/v28_imported/imported_json/V28_hi-medium_degree_only_seed1_late_window_holdout.json;results/v28_imported/imported_json/V28_hi-medium_degree_only_seed2_late_window_holdout.json;results/v28_imported/imported_json/V28_hi-medium_degree_only_seed3_late_window_holdout.json;results/v28_imported/imported_json/V28_hi-medium_degree_only_seed4_late_window_holdout.json;results/v28_imported/imported_json/V28_hi-medium_degree_only_seed5_late_window_holdout.json;results/v28_imported/imported_json/V28_hi-medium_degree_only_seed6_late_window_holdout.json;results/v28_imported/imported_json/V28_hi-medium_degree_only_seed7_late_window_holdout.json;results/v28_imported/imported_json/V28_hi-medium_degree_only_seed8_late_window_holdout.json;results/v28_imported/imported_json/V28_hi-medium_degree_only_seed9_late_window_holdout.json,True,Degree,275.666,305.356,0.0281682761316235,0.0370706028896179,late holdout
hi-medium,medium,hi,late_window_holdout,edge_aware_graphsage_h64_no_edge_features,MEASURED_FULL10,10,0.0298891656152444,0.0056204619410115,17.917905998774938,0.8101852321028081,0.0147903705308606,298.8679,277.108,319.981,results/v28_imported/imported_json/V28_hi-medium_no_edge_features_seed10_late_window_holdout.json;results/v28_imported/imported_json/V28_hi-medium_no_edge_features_seed1_late_window_holdout.json;results/v28_imported/imported_json/V28_hi-medium_no_edge_features_seed2_late_window_holdout.json;results/v28_imported/imported_json/V28_hi-medium_no_edge_features_seed3_late_window_holdout.json;results/v28_imported/imported_json/V28_hi-medium_no_edge_features_seed4_late_window_holdout.json;results/v28_imported/imported_json/V28_hi-medium_no_edge_features_seed5_late_window_holdout.json;results/v28_imported/imported_json/V28_hi-medium_no_edge_features_seed6_late_window_holdout.json;results/v28_imported/imported_json/V28_hi-medium_no_edge_features_seed7_late_window_holdout.json;results/v28_imported/imported_json/V28_hi-medium_no_edge_features_seed8_late_window_holdout.json;results/v28_imported/imported_json/V28_hi-medium_no_edge_features_seed9_late_window_holdout.json,False,No edge,277.108,319.981,0.0242687036742329,0.0355096275562559,late holdout
hi-medium,medium,hi,late_window_holdout,edge_aware_graphsage_h64_shuffled_edge_features,MEASURED_FULL10,10,0.0297003823532502,0.0049199788461517,17.804734531023122,0.806022384908186,0.0135156104219311,311.0025,282.326,374.751,results/v28_imported/imported_json/V28_hi-medium_shuffled_edge_features_seed10_late_window_holdout.json;results/v28_imported/imported_json/V28_hi-medium_shuffled_edge_features_seed1_late_window_holdout.json;results/v28_imported/imported_json/V28_hi-medium_shuffled_edge_features_seed2_late_window_holdout.json;results/v28_imported/imported_json/V28_hi-medium_shuffled_edge_features_seed3_late_window_holdout.json;results/v28_imported/imported_json/V28_hi-medium_shuffled_edge_features_seed4_late_window_holdout.json;results/v28_imported/imported_json/V28_hi-medium_shuffled_edge_features_seed5_late_window_holdout.json;results/v28_imported/imported_json/V28_hi-medium_shuffled_edge_features_seed6_late_window_holdout.json;results/v28_imported/imported_json/V28_hi-medium_shuffled_edge_features_seed7_late_window_holdout.json;results/v28_imported/imported_json/V28_hi-medium_shuffled_edge_features_seed8_late_window_holdout.json;results/v28_imported/imported_json/V28_hi-medium_shuffled_edge_features_seed9_late_window_holdout.json,False,Shuffle,282.326,374.751,0.0247804035070985,0.0346203611994019,late holdout
hi-medium,medium,hi,late_window_holdout,recent_window_only_graph,MEASURED_FULL10,10,0.0289492282206032,0.0070529973980729,17.35443393338798,0.9332876930584532,0.021238093421004,153.0965,143.695,160.748,results/v28_imported/imported_json/V28_hi-medium_recent_window_only_graph_seed10_late_window_holdout.json;results/v28_imported/imported_json/V28_hi-medium_recent_window_only_graph_seed1_late_window_holdout.json;results/v28_imported/imported_json/V28_hi-medium_recent_window_only_graph_seed2_late_window_holdout.json;results/v28_imported/imported_json/V28_hi-medium_recent_window_only_graph_seed3_late_window_holdout.json;results/v28_imported/imported_json/V28_hi-medium_recent_window_only_graph_seed4_late_window_holdout.json;results/v28_imported/imported_json/V28_hi-medium_recent_window_only_graph_seed5_late_window_holdout.json;results/v28_imported/imported_json/V28_hi-medium_recent_window_only_graph_seed6_late_window_holdout.json;results/v28_imported/imported_json/V28_hi-medium_recent_window_only_graph_seed7_late_window_holdout.json;results/v28_imported/imported_json/V28_hi-medium_recent_window_only_graph_seed8_late_window_holdout.json;results/v28_imported/imported_json/V28_hi-medium_recent_window_only_graph_seed9_late_window_holdout.json,True,Recent,143.695,160.748,0.0218962308225303,0.0360022256186761,late holdout
hi-medium,medium,hi,both planned protocols,gine_light_h64,RESOURCE_BLOCKED_T4_CUDA_OOM,0,,,,,,,,,results/v28_imported/V28_ALL_RUNS_EVIDENCE_LOCK.json,False,GINE,,,,,both planned protocols
hi-small,small,hi,early_to_late_transfer,degree_capped_bipartite,MEASURED_FULL10,10,0.0128494798113685,0.0176865803358378,8.434396333709243,0.8739283984521895,0.018060635591123,27.886000000000003,27.158,28.99,results/v28_imported/imported_json/V28_hi-small_degree_capped_bipartite_seed10_early_to_late_transfer.json;results/v28_imported/imported_json/V28_hi-small_degree_capped_bipartite_seed1_early_to_late_transfer.json;results/v28_imported/imported_json/V28_hi-small_degree_capped_bipartite_seed2_early_to_late_transfer.json;results/v28_imported/imported_json/V28_hi-small_degree_capped_bipartite_seed3_early_to_late_transfer.json;results/v28_imported/imported_json/V28_hi-small_degree_capped_bipartite_seed4_early_to_late_transfer.json;results/v28_imported/imported_json/V28_hi-small_degree_capped_bipartite_seed5_early_to_late_transfer.json;results/v28_imported/imported_json/V28_hi-small_degree_capped_bipartite_seed6_early_to_late_transfer.json;results/v28_imported/imported_json/V28_hi-small_degree_capped_bipartite_seed7_early_to_late_transfer.json;results/v28_imported/imported_json/V28_hi-small_degree_capped_bipartite_seed8_early_to_late_transfer.json;results/v28_imported/imported_json/V28_hi-small_degree_capped_bipartite_seed9_early_to_late_transfer.json,True,Degree cap,27.158,28.99,0.0,0.0305360601472063,early-to-late
hi-small,small,hi,early_to_late_transfer,edge_aware_graphsage_h64,MEASURED_FULL10,10,0.0102513736030234,0.0076287868297811,6.728999866307918,0.815501637859237,0.0142390591917459,33.273199999999996,30.943,39.277,results/v27_imported/imported_json/V27_hi-small_edge_aware_graphsage_h64_seed10_early_to_late_transfer.json;results/v27_imported/imported_json/V27_hi-small_edge_aware_graphsage_h64_seed1_early_to_late_transfer.json;results/v27_imported/imported_json/V27_hi-small_edge_aware_graphsage_h64_seed2_early_to_late_transfer.json;results/v27_imported/imported_json/V27_hi-small_edge_aware_graphsage_h64_seed3_early_to_late_transfer.json;results/v27_imported/imported_json/V27_hi-small_edge_aware_graphsage_h64_seed4_early_to_late_transfer.json;results/v27_imported/imported_json/V27_hi-small_edge_aware_graphsage_h64_seed5_early_to_late_transfer.json;results/v27_imported/imported_json/V27_hi-small_edge_aware_graphsage_h64_seed6_early_to_late_transfer.json;results/v27_imported/imported_json/V27_hi-small_edge_aware_graphsage_h64_seed7_early_to_late_transfer.json;results/v27_imported/imported_json/V27_hi-small_edge_aware_graphsage_h64_seed8_early_to_late_transfer.json;results/v27_imported/imported_json/V27_hi-small_edge_aware_graphsage_h64_seed9_early_to_late_transfer.json,False,Ref,30.943,39.277,0.0026225867732422997,0.0178801604328045,early-to-late
hi-small,small,hi,early_to_late_transfer,edge_aware_graphsage_h64_degree_only,MEASURED_FULL10,10,0.0051277610628008,0.0036997114646333,3.365861477906679,0.6848371582452574,0.00940523114624,31.612899999999996,29.675,34.768,results/v28_imported/imported_json/V28_hi-small_degree_only_seed10_early_to_late_transfer.json;results/v28_imported/imported_json/V28_hi-small_degree_only_seed1_early_to_late_transfer.json;results/v28_imported/imported_json/V28_hi-small_degree_only_seed2_early_to_late_transfer.json;results/v28_imported/imported_json/V28_hi-small_degree_only_seed3_early_to_late_transfer.json;results/v28_imported/imported_json/V28_hi-small_degree_only_seed4_early_to_late_transfer.json;results/v28_imported/imported_json/V28_hi-small_degree_only_seed5_early_to_late_transfer.json;results/v28_imported/imported_json/V28_hi-small_degree_only_seed6_early_to_late_transfer.json;results/v28_imported/imported_json/V28_hi-small_degree_only_seed7_early_to_late_transfer.json;results/v28_imported/imported_json/V28_hi-small_degree_only_seed8_early_to_late_transfer.json;results/v28_imported/imported_json/V28_hi-small_degree_only_seed9_early_to_late_transfer.json,False,Degree,29.675,34.768,0.0014280495981674997,0.0088274725274341,early-to-late
hi-small,small,hi,early_to_late_transfer,edge_aware_graphsage_h64_no_edge_features,MEASURED_FULL10,10,0.0038660818912112,0.0011316998139868,2.5376954871124235,0.7077099045849835,0.0080564643582534,34.996,31.829,38.002,results/v28_imported/imported_json/V28_hi-small_no_edge_features_seed10_early_to_late_transfer.json;results/v28_imported/imported_json/V28_hi-small_no_edge_features_seed1_early_to_late_transfer.json;results/v28_imported/imported_json/V28_hi-small_no_edge_features_seed2_early_to_late_transfer.json;results/v28_imported/imported_json/V28_hi-small_no_edge_features_seed3_early_to_late_transfer.json;results/v28_imported/imported_json/V28_hi-small_no_edge_features_seed4_early_to_late_transfer.json;results/v28_imported/imported_json/V28_hi-small_no_edge_features_seed5_early_to_late_transfer.json;results/v28_imported/imported_json/V28_hi-small_no_edge_features_seed6_early_to_late_transfer.json;results/v28_imported/imported_json/V28_hi-small_no_edge_features_seed7_early_to_late_transfer.json;results/v28_imported/imported_json/V28_hi-small_no_edge_features_seed8_early_to_late_transfer.json;results/v28_imported/imported_json/V28_hi-small_no_edge_features_seed9_early_to_late_transfer.json,False,No edge,31.829,38.002,0.0027343820772244,0.004997781705198,early-to-late
hi-small,small,hi,early_to_late_transfer,edge_aware_graphsage_h64_shuffled_edge_features,MEASURED_FULL10,10,0.0041224623721326,0.0017969177641787,2.7059835906047462,0.6756518336321026,0.0088343411160922,32.5197,28.834,39.145,results/v28_imported/imported_json/V28_hi-small_shuffled_edge_features_seed10_early_to_late_transfer.json;results/v28_imported/imported_json/V28_hi-small_shuffled_edge_features_seed1_early_to_late_transfer.json;results/v28_imported/imported_json/V28_hi-small_shuffled_edge_features_seed2_early_to_late_transfer.json;results/v28_imported/imported_json/V28_hi-small_shuffled_edge_features_seed3_early_to_late_transfer.json;results/v28_imported/imported_json/V28_hi-small_shuffled_edge_features_seed4_early_to_late_transfer.json;results/v28_imported/imported_json/V28_hi-small_shuffled_edge_features_seed5_early_to_late_transfer.json;results/v28_imported/imported_json/V28_hi-small_shuffled_edge_features_seed6_early_to_late_transfer.json;results/v28_imported/imported_json/V28_hi-small_shuffled_edge_features_seed7_early_to_late_transfer.json;results/v28_imported/imported_json/V28_hi-small_shuffled_edge_features_seed8_early_to_late_transfer.json;results/v28_imported/imported_json/V28_hi-small_shuffled_edge_features_seed9_early_to_late_transfer.json,False,Shuffle,28.834,39.145,0.0023255446079539005,0.0059193801363113,early-to-late
hi-small,small,hi,early_to_late_transfer,gine_light_h64,MEASURED_FULL10,10,0.0260807710529575,0.0060815454226388,17.119413624414047,0.844507132772778,0.0111382705887257,264.46590000000003,264.002,265.118,results/v28_imported/imported_json/V28_hi-small_gine_light_h64_seed10_early_to_late_transfer.json;results/v28_imported/imported_json/V28_hi-small_gine_light_h64_seed1_early_to_late_transfer.json;results/v28_imported/imported_json/V28_hi-small_gine_light_h64_seed2_early_to_late_transfer.json;results/v28_imported/imported_json/V28_hi-small_gine_light_h64_seed3_early_to_late_transfer.json;results/v28_imported/imported_json/V28_hi-small_gine_light_h64_seed4_early_to_late_transfer.json;results/v28_imported/imported_json/V28_hi-small_gine_light_h64_seed5_early_to_late_transfer.json;results/v28_imported/imported_json/V28_hi-small_gine_light_h64_seed6_early_to_late_transfer.json;results/v28_imported/imported_json/V28_hi-small_gine_light_h64_seed7_early_to_late_transfer.json;results/v28_imported/imported_json/V28_hi-small_gine_light_h64_seed8_early_to_late_transfer.json;results/v28_imported/imported_json/V28_hi-small_gine_light_h64_seed9_early_to_late_transfer.json,True,GINE,264.002,265.118,0.0199992256303187,0.032162316475596295,early-to-late
hi-small,small,hi,early_to_late_transfer,recent_window_only_graph,MEASURED_FULL10,10,0.0049552689564518,0.0023048684092328,3.252637689026354,0.7790310589166413,0.0105192352874369,16.640800000000002,15.513,18.442,results/v28_imported/imported_json/V28_hi-small_recent_window_only_graph_seed10_early_to_late_transfer.json;results/v28_imported/imported_json/V28_hi-small_recent_window_only_graph_seed1_early_to_late_transfer.json;results/v28_imported/imported_json/V28_hi-small_recent_window_only_graph_seed2_early_to_late_transfer.json;results/v28_imported/imported_json/V28_hi-small_recent_window_only_graph_seed3_early_to_late_transfer.json;results/v28_imported/imported_json/V28_hi-small_recent_window_only_graph_seed4_early_to_late_transfer.json;results/v28_imported/imported_json/V28_hi-small_recent_window_only_graph_seed5_early_to_late_transfer.json;results/v28_imported/imported_json/V28_hi-small_recent_window_only_graph_seed6_early_to_late_transfer.json;results/v28_imported/imported_json/V28_hi-small_recent_window_only_graph_seed7_early_to_late_transfer.json;results/v28_imported/imported_json/V28_hi-small_recent_window_only_graph_seed8_early_to_late_transfer.json;results/v28_imported/imported_json/V28_hi-small_recent_window_only_graph_seed9_early_to_late_transfer.json,True,Recent,15.513,18.442,0.0026504005472190004,0.0072601373656846005,early-to-late
hi-small,small,hi,late_window_holdout,degree_capped_bipartite,MEASURED_FULL10,10,0.0257381864531043,0.0199772431496924,14.547288868468565,0.8867014862207638,0.0266498379743455,39.0615,38.093,44.099,results/v28_imported/imported_json/V28_hi-small_degree_capped_bipartite_seed10_late_window_holdout.json;results/v28_imported/imported_json/V28_hi-small_degree_capped_bipartite_seed1_late_window_holdout.json;results/v28_imported/imported_json/V28_hi-small_degree_capped_bipartite_seed2_late_window_holdout.json;results/v28_imported/imported_json/V28_hi-small_degree_capped_bipartite_seed3_late_window_holdout.json;results/v28_imported/imported_json/V28_hi-small_degree_capped_bipartite_seed4_late_window_holdout.json;results/v28_imported/imported_json/V28_hi-small_degree_capped_bipartite_seed5_late_window_holdout.json;results/v28_imported/imported_json/V28_hi-small_degree_capped_bipartite_seed6_late_window_holdout.json;results/v28_imported/imported_json/V28_hi-small_degree_capped_bipartite_seed7_late_window_holdout.json;results/v28_imported/imported_json/V28_hi-small_degree_capped_bipartite_seed8_late_window_holdout.json;results/v28_imported/imported_json/V28_hi-small_degree_capped_bipartite_seed9_late_window_holdout.json,True,Degree cap,38.093,44.099,0.005760943303411901,0.0457154296027967,late holdout
hi-small,small,hi,late_window_holdout,edge_aware_graphsage_h64,MEASURED_FULL10,10,0.0109995242839073,0.0042040110145922,6.2169592820878545,0.8405430928108519,0.0160155281300478,47.2068,43.927,51.655,results/v27_imported/imported_json/V27_hi-small_edge_aware_graphsage_h64_seed10_late_window_holdout.json;results/v27_imported/imported_json/V27_hi-small_edge_aware_graphsage_h64_seed1_late_window_holdout.json;results/v27_imported/imported_json/V27_hi-small_edge_aware_graphsage_h64_seed2_late_window_holdout.json;results/v27_imported/imported_json/V27_hi-small_edge_aware_graphsage_h64_seed3_late_window_holdout.json;results/v27_imported/imported_json/V27_hi-small_edge_aware_graphsage_h64_seed4_late_window_holdout.json;results/v27_imported/imported_json/V27_hi-small_edge_aware_graphsage_h64_seed5_late_window_holdout.json;results/v27_imported/imported_json/V27_hi-small_edge_aware_graphsage_h64_seed6_late_window_holdout.json;results/v27_imported/imported_json/V27_hi-small_edge_aware_graphsage_h64_seed7_late_window_holdout.json;results/v27_imported/imported_json/V27_hi-small_edge_aware_graphsage_h64_seed8_late_window_holdout.json;results/v27_imported/imported_json/V27_hi-small_edge_aware_graphsage_h64_seed9_late_window_holdout.json,False,Ref,43.927,51.655,0.0067955132693151,0.0152035352984995,late holdout
hi-small,small,hi,late_window_holdout,edge_aware_graphsage_h64_degree_only,MEASURED_FULL10,10,0.0062417365050768,0.004408890018741,3.5278454504033916,0.7196720931424038,0.0104962348465418,44.5231,42.862,49.808,results/v28_imported/imported_json/V28_hi-small_degree_only_seed10_late_window_holdout.json;results/v28_imported/imported_json/V28_hi-small_degree_only_seed1_late_window_holdout.json;results/v28_imported/imported_json/V28_hi-small_degree_only_seed2_late_window_holdout.json;results/v28_imported/imported_json/V28_hi-small_degree_only_seed3_late_window_holdout.json;results/v28_imported/imported_json/V28_hi-small_degree_only_seed4_late_window_holdout.json;results/v28_imported/imported_json/V28_hi-small_degree_only_seed5_late_window_holdout.json;results/v28_imported/imported_json/V28_hi-small_degree_only_seed6_late_window_holdout.json;results/v28_imported/imported_json/V28_hi-small_degree_only_seed7_late_window_holdout.json;results/v28_imported/imported_json/V28_hi-small_degree_only_seed8_late_window_holdout.json;results/v28_imported/imported_json/V28_hi-small_degree_only_seed9_late_window_holdout.json,False,Degree,42.862,49.808,0.0018328464863358006,0.0106506265238178,late holdout
hi-small,small,hi,late_window_holdout,edge_aware_graphsage_h64_no_edge_features,MEASURED_FULL10,10,0.0105205340625766,0.0064382392750844,5.946232782862072,0.7140236580558499,0.0122869687179123,48.70130000000001,46.601,58.46,results/v28_imported/imported_json/V28_hi-small_no_edge_features_seed10_late_window_holdout.json;results/v28_imported/imported_json/V28_hi-small_no_edge_features_seed1_late_window_holdout.json;results/v28_imported/imported_json/V28_hi-small_no_edge_features_seed2_late_window_holdout.json;results/v28_imported/imported_json/V28_hi-small_no_edge_features_seed3_late_window_holdout.json;results/v28_imported/imported_json/V28_hi-small_no_edge_features_seed4_late_window_holdout.json;results/v28_imported/imported_json/V28_hi-small_no_edge_features_seed5_late_window_holdout.json;results/v28_imported/imported_json/V28_hi-small_no_edge_features_seed6_late_window_holdout.json;results/v28_imported/imported_json/V28_hi-small_no_edge_features_seed7_late_window_holdout.json;results/v28_imported/imported_json/V28_hi-small_no_edge_features_seed8_late_window_holdout.json;results/v28_imported/imported_json/V28_hi-small_no_edge_features_seed9_late_window_holdout.json,False,No edge,46.601,58.46,0.0040822947874922,0.016958773337661,late holdout
hi-small,small,hi,late_window_holdout,edge_aware_graphsage_h64_shuffled_edge_features,MEASURED_FULL10,10,0.0075222986469498,0.0058545006072379,4.251622451001086,0.6981000054720055,0.0113889320433408,50.1206,41.809,60.522,results/v28_imported/imported_json/V28_hi-small_shuffled_edge_features_seed10_late_window_holdout.json;results/v28_imported/imported_json/V28_hi-small_shuffled_edge_features_seed1_late_window_holdout.json;results/v28_imported/imported_json/V28_hi-small_shuffled_edge_features_seed2_late_window_holdout.json;results/v28_imported/imported_json/V28_hi-small_shuffled_edge_features_seed3_late_window_holdout.json;results/v28_imported/imported_json/V28_hi-small_shuffled_edge_features_seed4_late_window_holdout.json;results/v28_imported/imported_json/V28_hi-small_shuffled_edge_features_seed5_late_window_holdout.json;results/v28_imported/imported_json/V28_hi-small_shuffled_edge_features_seed6_late_window_holdout.json;results/v28_imported/imported_json/V28_hi-small_shuffled_edge_features_seed7_late_window_holdout.json;results/v28_imported/imported_json/V28_hi-small_shuffled_edge_features_seed8_late_window_holdout.json;results/v28_imported/imported_json/V28_hi-small_shuffled_edge_features_seed9_late_window_holdout.json,False,Shuffle,41.809,60.522,0.0016677980397119003,0.0133767992541877,late holdout
hi-small,small,hi,late_window_holdout,gine_light_h64,MEASURED_FULL10,10,0.0312540936048264,0.0059463720219961,17.664893710361977,0.8759438493261543,0.0139941688888137,363.3208,358.567,365.084,results/v28_imported/imported_json/V28_hi-small_gine_light_h64_seed10_late_window_holdout.json;results/v28_imported/imported_json/V28_hi-small_gine_light_h64_seed1_late_window_holdout.json;results/v28_imported/imported_json/V28_hi-small_gine_light_h64_seed2_late_window_holdout.json;results/v28_imported/imported_json/V28_hi-small_gine_light_h64_seed3_late_window_holdout.json;results/v28_imported/imported_json/V28_hi-small_gine_light_h64_seed4_late_window_holdout.json;results/v28_imported/imported_json/V28_hi-small_gine_light_h64_seed5_late_window_holdout.json;results/v28_imported/imported_json/V28_hi-small_gine_light_h64_seed6_late_window_holdout.json;results/v28_imported/imported_json/V28_hi-small_gine_light_h64_seed7_late_window_holdout.json;results/v28_imported/imported_json/V28_hi-small_gine_light_h64_seed8_late_window_holdout.json;results/v28_imported/imported_json/V28_hi-small_gine_light_h64_seed9_late_window_holdout.json,True,GINE,358.567,365.084,0.0253077215828303,0.0372004656268225,late holdout
hi-small,small,hi,late_window_holdout,recent_window_only_graph,MEASURED_FULL10,10,0.0068233887255274,0.0014968996235442,3.856596774328188,0.8015224190112665,0.0130226277845051,29.6926,23.544,35.693,results/v28_imported/imported_json/V28_hi-small_recent_window_only_graph_seed10_late_window_holdout.json;results/v28_imported/imported_json/V28_hi-small_recent_window_only_graph_seed1_late_window_holdout.json;results/v28_imported/imported_json/V28_hi-small_recent_window_only_graph_seed2_late_window_holdout.json;results/v28_imported/imported_json/V28_hi-small_recent_window_only_graph_seed3_late_window_holdout.json;results/v28_imported/imported_json/V28_hi-small_recent_window_only_graph_seed4_late_window_holdout.json;results/v28_imported/imported_json/V28_hi-small_recent_window_only_graph_seed5_late_window_holdout.json;results/v28_imported/imported_json/V28_hi-small_recent_window_only_graph_seed6_late_window_holdout.json;results/v28_imported/imported_json/V28_hi-small_recent_window_only_graph_seed7_late_window_holdout.json;results/v28_imported/imported_json/V28_hi-small_recent_window_only_graph_seed8_late_window_holdout.json;results/v28_imported/imported_json/V28_hi-small_recent_window_only_graph_seed9_late_window_holdout.json,True,Recent,23.544,35.693,0.0053264891019832,0.0083202883490716,late holdout
li-medium,medium,li,early_to_late_transfer,degree_capped_bipartite,MEASURED_FULL10,10,0.0031594963615218,0.0016833925558059,5.493635824396841,0.8621447967532945,0.0074999116891694,211.0839,199.161,220.27,results/v28_imported/imported_json/V28_li-medium_degree_capped_bipartite_seed10_early_to_late_transfer.json;results/v28_imported/imported_json/V28_li-medium_degree_capped_bipartite_seed1_early_to_late_transfer.json;results/v28_imported/imported_json/V28_li-medium_degree_capped_bipartite_seed2_early_to_late_transfer.json;results/v28_imported/imported_json/V28_li-medium_degree_capped_bipartite_seed3_early_to_late_transfer.json;results/v28_imported/imported_json/V28_li-medium_degree_capped_bipartite_seed4_early_to_late_transfer.json;results/v28_imported/imported_json/V28_li-medium_degree_capped_bipartite_seed5_early_to_late_transfer.json;results/v28_imported/imported_json/V28_li-medium_degree_capped_bipartite_seed6_early_to_late_transfer.json;results/v28_imported/imported_json/V28_li-medium_degree_capped_bipartite_seed7_early_to_late_transfer.json;results/v28_imported/imported_json/V28_li-medium_degree_capped_bipartite_seed8_early_to_late_transfer.json;results/v28_imported/imported_json/V28_li-medium_degree_capped_bipartite_seed9_early_to_late_transfer.json,False,Degree cap,199.161,220.27,0.0014761038057159,0.0048428889173277,early-to-late
li-medium,medium,li,early_to_late_transfer,edge_aware_graphsage_h64,MEASURED_FULL10,10,0.0102998427480536,0.0028516644425155,17.90905215004191,0.8792822324060616,0.0034560734008245,249.242,227.932,292.303,results/v27_imported/imported_json/V27_li-medium_edge_aware_graphsage_h64_seed10_early_to_late_transfer.json;results/v27_imported/imported_json/V27_li-medium_edge_aware_graphsage_h64_seed1_early_to_late_transfer.json;results/v27_imported/imported_json/V27_li-medium_edge_aware_graphsage_h64_seed2_early_to_late_transfer.json;results/v27_imported/imported_json/V27_li-medium_edge_aware_graphsage_h64_seed3_early_to_late_transfer.json;results/v27_imported/imported_json/V27_li-medium_edge_aware_graphsage_h64_seed4_early_to_late_transfer.json;results/v27_imported/imported_json/V27_li-medium_edge_aware_graphsage_h64_seed5_early_to_late_transfer.json;results/v27_imported/imported_json/V27_li-medium_edge_aware_graphsage_h64_seed6_early_to_late_transfer.json;results/v27_imported/imported_json/V27_li-medium_edge_aware_graphsage_h64_seed7_early_to_late_transfer.json;results/v27_imported/imported_json/V27_li-medium_edge_aware_graphsage_h64_seed8_early_to_late_transfer.json;results/v27_imported/imported_json/V27_li-medium_edge_aware_graphsage_h64_seed9_early_to_late_transfer.json,True,Ref,227.932,292.303,0.0074481783055381,0.0131515071905691,early-to-late
li-medium,medium,li,early_to_late_transfer,edge_aware_graphsage_h64_degree_only,MEASURED_FULL10,10,0.0056794134049129,0.0013470514486186,9.875190654678068,0.7994589951803415,0.0024143079535295,253.3042,234.684,280.375,results/v28_imported/imported_json/V28_li-medium_degree_only_seed10_early_to_late_transfer.json;results/v28_imported/imported_json/V28_li-medium_degree_only_seed1_early_to_late_transfer.json;results/v28_imported/imported_json/V28_li-medium_degree_only_seed2_early_to_late_transfer.json;results/v28_imported/imported_json/V28_li-medium_degree_only_seed3_early_to_late_transfer.json;results/v28_imported/imported_json/V28_li-medium_degree_only_seed4_early_to_late_transfer.json;results/v28_imported/imported_json/V28_li-medium_degree_only_seed5_early_to_late_transfer.json;results/v28_imported/imported_json/V28_li-medium_degree_only_seed6_early_to_late_transfer.json;results/v28_imported/imported_json/V28_li-medium_degree_only_seed7_early_to_late_transfer.json;results/v28_imported/imported_json/V28_li-medium_degree_only_seed8_early_to_late_transfer.json;results/v28_imported/imported_json/V28_li-medium_degree_only_seed9_early_to_late_transfer.json,False,Degree,234.684,280.375,0.0043323619562943005,0.0070264648535315,early-to-late
li-medium,medium,li,early_to_late_transfer,edge_aware_graphsage_h64_no_edge_features,MEASURED_FULL10,10,0.0051539005454661,0.0015766905030218,8.961444936848626,0.7911249504429299,0.0027584470590857,243.6608,230.668,256.328,results/v28_imported/imported_json/V28_li-medium_no_edge_features_seed10_early_to_late_transfer.json;results/v28_imported/imported_json/V28_li-medium_no_edge_features_seed1_early_to_late_transfer.json;results/v28_imported/imported_json/V28_li-medium_no_edge_features_seed2_early_to_late_transfer.json;results/v28_imported/imported_json/V28_li-medium_no_edge_features_seed3_early_to_late_transfer.json;results/v28_imported/imported_json/V28_li-medium_no_edge_features_seed4_early_to_late_transfer.json;results/v28_imported/imported_json/V28_li-medium_no_edge_features_seed5_early_to_late_transfer.json;results/v28_imported/imported_json/V28_li-medium_no_edge_features_seed6_early_to_late_transfer.json;results/v28_imported/imported_json/V28_li-medium_no_edge_features_seed7_early_to_late_transfer.json;results/v28_imported/imported_json/V28_li-medium_no_edge_features_seed8_early_to_late_transfer.json;results/v28_imported/imported_json/V28_li-medium_no_edge_features_seed9_early_to_late_transfer.json,False,No edge,230.668,256.328,0.0035772100424442997,0.0067305910484879,early-to-late
li-medium,medium,li,early_to_late_transfer,edge_aware_graphsage_h64_shuffled_edge_features,MEASURED_FULL10,10,0.0055140824865432,0.0015218097165394,9.587718300825138,0.7880457388478789,0.0023604448398572,246.02659999999997,228.175,271.796,results/v28_imported/imported_json/V28_li-medium_shuffled_edge_features_seed10_early_to_late_transfer.json;results/v28_imported/imported_json/V28_li-medium_shuffled_edge_features_seed1_early_to_late_transfer.json;results/v28_imported/imported_json/V28_li-medium_shuffled_edge_features_seed2_early_to_late_transfer.json;results/v28_imported/imported_json/V28_li-medium_shuffled_edge_features_seed3_early_to_late_transfer.json;results/v28_imported/imported_json/V28_li-medium_shuffled_edge_features_seed4_early_to_late_transfer.json;results/v28_imported/imported_json/V28_li-medium_shuffled_edge_features_seed5_early_to_late_transfer.json;results/v28_imported/imported_json/V28_li-medium_shuffled_edge_features_seed6_early_to_late_transfer.json;results/v28_imported/imported_json/V28_li-medium_shuffled_edge_features_seed7_early_to_late_transfer.json;results/v28_imported/imported_json/V28_li-medium_shuffled_edge_features_seed8_early_to_late_transfer.json;results/v28_imported/imported_json/V28_li-medium_shuffled_edge_features_seed9_early_to_late_transfer.json,False,Shuffle,228.175,271.796,0.0039922727700038,0.0070358922030825995,early-to-late
li-medium,medium,li,early_to_late_transfer,recent_window_only_graph,MEASURED_FULL10,10,0.0065712264196045,0.0015166356668229,11.425847900509844,0.9104569348877064,0.0041809294708759,129.07120000000003,118.313,136.708,results/v28_imported/imported_json/V28_li-medium_recent_window_only_graph_seed10_early_to_late_transfer.json;results/v28_imported/imported_json/V28_li-medium_recent_window_only_graph_seed1_early_to_late_transfer.json;results/v28_imported/imported_json/V28_li-medium_recent_window_only_graph_seed2_early_to_late_transfer.json;results/v28_imported/imported_json/V28_li-medium_recent_window_only_graph_seed3_early_to_late_transfer.json;results/v28_imported/imported_json/V28_li-medium_recent_window_only_graph_seed4_early_to_late_transfer.json;results/v28_imported/imported_json/V28_li-medium_recent_window_only_graph_seed5_early_to_late_transfer.json;results/v28_imported/imported_json/V28_li-medium_recent_window_only_graph_seed6_early_to_late_transfer.json;results/v28_imported/imported_json/V28_li-medium_recent_window_only_graph_seed7_early_to_late_transfer.json;results/v28_imported/imported_json/V28_li-medium_recent_window_only_graph_seed8_early_to_late_transfer.json;results/v28_imported/imported_json/V28_li-medium_recent_window_only_graph_seed9_early_to_late_transfer.json,True,Recent,118.313,136.708,0.0050545907527816,0.0080878620864274,early-to-late
li-medium,medium,li,late_window_holdout,degree_capped_bipartite,MEASURED_FULL10,10,0.0025621403206632,0.0001111487106738,4.233184763367836,0.8859601461546456,0.0066850541929907,251.89440000000005,239.836,266.79,results/v28_imported/imported_json/V28_li-medium_degree_capped_bipartite_seed10_late_window_holdout.json;results/v28_imported/imported_json/V28_li-medium_degree_capped_bipartite_seed1_late_window_holdout.json;results/v28_imported/imported_json/V28_li-medium_degree_capped_bipartite_seed2_late_window_holdout.json;results/v28_imported/imported_json/V28_li-medium_degree_capped_bipartite_seed3_late_window_holdout.json;results/v28_imported/imported_json/V28_li-medium_degree_capped_bipartite_seed4_late_window_holdout.json;results/v28_imported/imported_json/V28_li-medium_degree_capped_bipartite_seed5_late_window_holdout.json;results/v28_imported/imported_json/V28_li-medium_degree_capped_bipartite_seed6_late_window_holdout.json;results/v28_imported/imported_json/V28_li-medium_degree_capped_bipartite_seed7_late_window_holdout.json;results/v28_imported/imported_json/V28_li-medium_degree_capped_bipartite_seed8_late_window_holdout.json;results/v28_imported/imported_json/V28_li-medium_degree_capped_bipartite_seed9_late_window_holdout.json,False,Degree cap,239.836,266.79,0.0024509916099894,0.002673289031337,late holdout
li-medium,medium,li,late_window_holdout,edge_aware_graphsage_h64,MEASURED_FULL10,10,0.0110537043886891,0.0031972675488845,18.26300168636287,0.8664995543409933,0.0051952617236135,300.6709,275.821,355.815,results/v27_imported/imported_json/V27_li-medium_edge_aware_graphsage_h64_seed10_late_window_holdout.json;results/v27_imported/imported_json/V27_li-medium_edge_aware_graphsage_h64_seed1_late_window_holdout.json;results/v27_imported/imported_json/V27_li-medium_edge_aware_graphsage_h64_seed2_late_window_holdout.json;results/v27_imported/imported_json/V27_li-medium_edge_aware_graphsage_h64_seed3_late_window_holdout.json;results/v27_imported/imported_json/V27_li-medium_edge_aware_graphsage_h64_seed4_late_window_holdout.json;results/v27_imported/imported_json/V27_li-medium_edge_aware_graphsage_h64_seed5_late_window_holdout.json;results/v27_imported/imported_json/V27_li-medium_edge_aware_graphsage_h64_seed6_late_window_holdout.json;results/v27_imported/imported_json/V27_li-medium_edge_aware_graphsage_h64_seed7_late_window_holdout.json;results/v27_imported/imported_json/V27_li-medium_edge_aware_graphsage_h64_seed8_late_window_holdout.json;results/v27_imported/imported_json/V27_li-medium_edge_aware_graphsage_h64_seed9_late_window_holdout.json,True,Ref,275.821,355.815,0.007856436839804599,0.0142509719375736,late holdout
li-medium,medium,li,late_window_holdout,edge_aware_graphsage_h64_degree_only,MEASURED_FULL10,10,0.007781624965046,0.0008603765623931,12.856850958010137,0.8225186690162669,0.0026553055351202,303.1348,279.244,332.785,results/v28_imported/imported_json/V28_li-medium_degree_only_seed10_late_window_holdout.json;results/v28_imported/imported_json/V28_li-medium_degree_only_seed1_late_window_holdout.json;results/v28_imported/imported_json/V28_li-medium_degree_only_seed2_late_window_holdout.json;results/v28_imported/imported_json/V28_li-medium_degree_only_seed3_late_window_holdout.json;results/v28_imported/imported_json/V28_li-medium_degree_only_seed4_late_window_holdout.json;results/v28_imported/imported_json/V28_li-medium_degree_only_seed5_late_window_holdout.json;results/v28_imported/imported_json/V28_li-medium_degree_only_seed6_late_window_holdout.json;results/v28_imported/imported_json/V28_li-medium_degree_only_seed7_late_window_holdout.json;results/v28_imported/imported_json/V28_li-medium_degree_only_seed8_late_window_holdout.json;results/v28_imported/imported_json/V28_li-medium_degree_only_seed9_late_window_holdout.json,False,Degree,279.244,332.785,0.006921248402652899,0.0086420015274391,late holdout
li-medium,medium,li,late_window_holdout,edge_aware_graphsage_h64_no_edge_features,MEASURED_FULL10,10,0.0060002826551999,0.0010917980931243,9.91370570418933,0.8167614793188669,0.0025880048029732,294.95439999999996,274.769,306.679,results/v28_imported/imported_json/V28_li-medium_no_edge_features_seed10_late_window_holdout.json;results/v28_imported/imported_json/V28_li-medium_no_edge_features_seed1_late_window_holdout.json;results/v28_imported/imported_json/V28_li-medium_no_edge_features_seed2_late_window_holdout.json;results/v28_imported/imported_json/V28_li-medium_no_edge_features_seed3_late_window_holdout.json;results/v28_imported/imported_json/V28_li-medium_no_edge_features_seed4_late_window_holdout.json;results/v28_imported/imported_json/V28_li-medium_no_edge_features_seed5_late_window_holdout.json;results/v28_imported/imported_json/V28_li-medium_no_edge_features_seed6_late_window_holdout.json;results/v28_imported/imported_json/V28_li-medium_no_edge_features_seed7_late_window_holdout.json;results/v28_imported/imported_json/V28_li-medium_no_edge_features_seed8_late_window_holdout.json;results/v28_imported/imported_json/V28_li-medium_no_edge_features_seed9_late_window_holdout.json,False,No edge,274.769,306.679,0.004908484562075601,0.0070920807483242,late holdout
li-medium,medium,li,late_window_holdout,edge_aware_graphsage_h64_shuffled_edge_features,MEASURED_FULL10,10,0.0063430523692569,0.001261438044301,10.480032036587314,0.7987819067067792,0.0033589795152021,294.60510000000005,273.611,316.557,results/v28_imported/imported_json/V28_li-medium_shuffled_edge_features_seed10_late_window_holdout.json;results/v28_imported/imported_json/V28_li-medium_shuffled_edge_features_seed1_late_window_holdout.json;results/v28_imported/imported_json/V28_li-medium_shuffled_edge_features_seed2_late_window_holdout.json;results/v28_imported/imported_json/V28_li-medium_shuffled_edge_features_seed3_late_window_holdout.json;results/v28_imported/imported_json/V28_li-medium_shuffled_edge_features_seed4_late_window_holdout.json;results/v28_imported/imported_json/V28_li-medium_shuffled_edge_features_seed5_late_window_holdout.json;results/v28_imported/imported_json/V28_li-medium_shuffled_edge_features_seed6_late_window_holdout.json;results/v28_imported/imported_json/V28_li-medium_shuffled_edge_features_seed7_late_window_holdout.json;results/v28_imported/imported_json/V28_li-medium_shuffled_edge_features_seed8_late_window_holdout.json;results/v28_imported/imported_json/V28_li-medium_shuffled_edge_features_seed9_late_window_holdout.json,False,Shuffle,273.611,316.557,0.005081614324955901,0.0076044904135579,late holdout
li-medium,medium,li,late_window_holdout,recent_window_only_graph,MEASURED_FULL10,10,0.0066053150082279,0.0006847886451534,10.91334406026498,0.907343776439053,0.0045588326510544,156.27960000000002,142.819,168.16,results/v28_imported/imported_json/V28_li-medium_recent_window_only_graph_seed10_late_window_holdout.json;results/v28_imported/imported_json/V28_li-medium_recent_window_only_graph_seed1_late_window_holdout.json;results/v28_imported/imported_json/V28_li-medium_recent_window_only_graph_seed2_late_window_holdout.json;results/v28_imported/imported_json/V28_li-medium_recent_window_only_graph_seed3_late_window_holdout.json;results/v28_imported/imported_json/V28_li-medium_recent_window_only_graph_seed4_late_window_holdout.json;results/v28_imported/imported_json/V28_li-medium_recent_window_only_graph_seed5_late_window_holdout.json;results/v28_imported/imported_json/V28_li-medium_recent_window_only_graph_seed6_late_window_holdout.json;results/v28_imported/imported_json/V28_li-medium_recent_window_only_graph_seed7_late_window_holdout.json;results/v28_imported/imported_json/V28_li-medium_recent_window_only_graph_seed8_late_window_holdout.json;results/v28_imported/imported_json/V28_li-medium_recent_window_only_graph_seed9_late_window_holdout.json,True,Recent,142.819,168.16,0.0059205263630745,0.0072901036533813,late holdout
li-medium,medium,li,both planned protocols,gine_light_h64,RESOURCE_BLOCKED_T4_CUDA_OOM,0,,,,,,,,,results/v28_imported/V28_ALL_RUNS_EVIDENCE_LOCK.json,False,GINE,,,,,both planned protocols
li-small,small,li,early_to_late_transfer,degree_capped_bipartite,MEASURED_FULL10,10,0.003886901717865,0.0037795181336158,6.0524217030547565,0.8666519263405504,0.0079215405743942,42.7898,42.353,43.878,results/v28_imported/imported_json/V28_li-small_degree_capped_bipartite_seed10_early_to_late_transfer.json;results/v28_imported/imported_json/V28_li-small_degree_capped_bipartite_seed1_early_to_late_transfer.json;results/v28_imported/imported_json/V28_li-small_degree_capped_bipartite_seed2_early_to_late_transfer.json;results/v28_imported/imported_json/V28_li-small_degree_capped_bipartite_seed3_early_to_late_transfer.json;results/v28_imported/imported_json/V28_li-small_degree_capped_bipartite_seed4_early_to_late_transfer.json;results/v28_imported/imported_json/V28_li-small_degree_capped_bipartite_seed5_early_to_late_transfer.json;results/v28_imported/imported_json/V28_li-small_degree_capped_bipartite_seed6_early_to_late_transfer.json;results/v28_imported/imported_json/V28_li-small_degree_capped_bipartite_seed7_early_to_late_transfer.json;results/v28_imported/imported_json/V28_li-small_degree_capped_bipartite_seed8_early_to_late_transfer.json;results/v28_imported/imported_json/V28_li-small_degree_capped_bipartite_seed9_early_to_late_transfer.json,True,Degree cap,42.353,43.878,0.00010738358424920019,0.0076664198514808,early-to-late
li-small,small,li,early_to_late_transfer,edge_aware_graphsage_h64,MEASURED_FULL10,10,0.0031507328626382,0.0017001332510542,4.906109117889884,0.847469332066838,0.0054313828596326,50.8394,47.526,55.362,results/v27_imported/imported_json/V27_li-small_edge_aware_graphsage_h64_seed10_early_to_late_transfer.json;results/v27_imported/imported_json/V27_li-small_edge_aware_graphsage_h64_seed1_early_to_late_transfer.json;results/v27_imported/imported_json/V27_li-small_edge_aware_graphsage_h64_seed2_early_to_late_transfer.json;results/v27_imported/imported_json/V27_li-small_edge_aware_graphsage_h64_seed3_early_to_late_transfer.json;results/v27_imported/imported_json/V27_li-small_edge_aware_graphsage_h64_seed4_early_to_late_transfer.json;results/v27_imported/imported_json/V27_li-small_edge_aware_graphsage_h64_seed5_early_to_late_transfer.json;results/v27_imported/imported_json/V27_li-small_edge_aware_graphsage_h64_seed6_early_to_late_transfer.json;results/v27_imported/imported_json/V27_li-small_edge_aware_graphsage_h64_seed7_early_to_late_transfer.json;results/v27_imported/imported_json/V27_li-small_edge_aware_graphsage_h64_seed8_early_to_late_transfer.json;results/v27_imported/imported_json/V27_li-small_edge_aware_graphsage_h64_seed9_early_to_late_transfer.json,False,Ref,47.526,55.362,0.001450599611584,0.0048508661136924,early-to-late
li-small,small,li,early_to_late_transfer,edge_aware_graphsage_h64_degree_only,MEASURED_FULL10,10,0.0016770097426438,0.0003836493402924,2.611326681083974,0.751626215037399,0.0038069651190247,48.7641,46.56,49.66,results/v28_imported/imported_json/V28_li-small_degree_only_seed10_early_to_late_transfer.json;results/v28_imported/imported_json/V28_li-small_degree_only_seed1_early_to_late_transfer.json;results/v28_imported/imported_json/V28_li-small_degree_only_seed2_early_to_late_transfer.json;results/v28_imported/imported_json/V28_li-small_degree_only_seed3_early_to_late_transfer.json;results/v28_imported/imported_json/V28_li-small_degree_only_seed4_early_to_late_transfer.json;results/v28_imported/imported_json/V28_li-small_degree_only_seed5_early_to_late_transfer.json;results/v28_imported/imported_json/V28_li-small_degree_only_seed6_early_to_late_transfer.json;results/v28_imported/imported_json/V28_li-small_degree_only_seed7_early_to_late_transfer.json;results/v28_imported/imported_json/V28_li-small_degree_only_seed8_early_to_late_transfer.json;results/v28_imported/imported_json/V28_li-small_degree_only_seed9_early_to_late_transfer.json,False,Degree,46.56,49.66,0.0012933604023514,0.0020606590829362,early-to-late
li-small,small,li,early_to_late_transfer,edge_aware_graphsage_h64_no_edge_features,MEASURED_FULL10,10,0.0021696757668138,0.0009583486407196,3.3784730494469195,0.748867005294904,0.0045758485816996,46.5015,45.766,48.258,results/v28_imported/imported_json/V28_li-small_no_edge_features_seed10_early_to_late_transfer.json;results/v28_imported/imported_json/V28_li-small_no_edge_features_seed1_early_to_late_transfer.json;results/v28_imported/imported_json/V28_li-small_no_edge_features_seed2_early_to_late_transfer.json;results/v28_imported/imported_json/V28_li-small_no_edge_features_seed3_early_to_late_transfer.json;results/v28_imported/imported_json/V28_li-small_no_edge_features_seed4_early_to_late_transfer.json;results/v28_imported/imported_json/V28_li-small_no_edge_features_seed5_early_to_late_transfer.json;results/v28_imported/imported_json/V28_li-small_no_edge_features_seed6_early_to_late_transfer.json;results/v28_imported/imported_json/V28_li-small_no_edge_features_seed7_early_to_late_transfer.json;results/v28_imported/imported_json/V28_li-small_no_edge_features_seed8_early_to_late_transfer.json;results/v28_imported/imported_json/V28_li-small_no_edge_features_seed9_early_to_late_transfer.json,False,No edge,45.766,48.258,0.0012113271260942,0.0031280244075334003,early-to-late
li-small,small,li,early_to_late_transfer,edge_aware_graphsage_h64_shuffled_edge_features,MEASURED_FULL10,10,0.0019921154135309,0.0006927192424281,3.1019880200283065,0.7479867742279371,0.0040497188295254,46.621199999999995,45.325,48.01,results/v28_imported/imported_json/V28_li-small_shuffled_edge_features_seed10_early_to_late_transfer.json;results/v28_imported/imported_json/V28_li-small_shuffled_edge_features_seed1_early_to_late_transfer.json;results/v28_imported/imported_json/V28_li-small_shuffled_edge_features_seed2_early_to_late_transfer.json;results/v28_imported/imported_json/V28_li-small_shuffled_edge_features_seed3_early_to_late_transfer.json;results/v28_imported/imported_json/V28_li-small_shuffled_edge_features_seed4_early_to_late_transfer.json;results/v28_imported/imported_json/V28_li-small_shuffled_edge_features_seed5_early_to_late_transfer.json;results/v28_imported/imported_json/V28_li-small_shuffled_edge_features_seed6_early_to_late_transfer.json;results/v28_imported/imported_json/V28_li-small_shuffled_edge_features_seed7_early_to_late_transfer.json;results/v28_imported/imported_json/V28_li-small_shuffled_edge_features_seed8_early_to_late_transfer.json;results/v28_imported/imported_json/V28_li-small_shuffled_edge_features_seed9_early_to_late_transfer.json,False,Shuffle,45.325,48.01,0.0012993961711028,0.0026848346559590003,early-to-late
li-small,small,li,early_to_late_transfer,gine_light_h64,MEASURED_FULL10,10,0.0097358148774835,0.0021409702804549,15.159955547775116,0.8446379971154199,0.0042624172223352,494.7584000000001,494.138,495.511,results/v28_imported/imported_json/V28_li-small_gine_light_h64_seed10_early_to_late_transfer.json;results/v28_imported/imported_json/V28_li-small_gine_light_h64_seed1_early_to_late_transfer.json;results/v28_imported/imported_json/V28_li-small_gine_light_h64_seed2_early_to_late_transfer.json;results/v28_imported/imported_json/V28_li-small_gine_light_h64_seed3_early_to_late_transfer.json;results/v28_imported/imported_json/V28_li-small_gine_light_h64_seed4_early_to_late_transfer.json;results/v28_imported/imported_json/V28_li-small_gine_light_h64_seed5_early_to_late_transfer.json;results/v28_imported/imported_json/V28_li-small_gine_light_h64_seed6_early_to_late_transfer.json;results/v28_imported/imported_json/V28_li-small_gine_light_h64_seed7_early_to_late_transfer.json;results/v28_imported/imported_json/V28_li-small_gine_light_h64_seed8_early_to_late_transfer.json;results/v28_imported/imported_json/V28_li-small_gine_light_h64_seed9_early_to_late_transfer.json,True,GINE,494.138,495.511,0.0075948445970286,0.0118767851579384,early-to-late
li-small,small,li,early_to_late_transfer,recent_window_only_graph,MEASURED_FULL10,10,0.0022541233864548,0.0007618502132092,3.5099691980471475,0.7897966361858118,0.0054967866690721,27.3904,24.045,28.357,results/v28_imported/imported_json/V28_li-small_recent_window_only_graph_seed10_early_to_late_transfer.json;results/v28_imported/imported_json/V28_li-small_recent_window_only_graph_seed1_early_to_late_transfer.json;results/v28_imported/imported_json/V28_li-small_recent_window_only_graph_seed2_early_to_late_transfer.json;results/v28_imported/imported_json/V28_li-small_recent_window_only_graph_seed3_early_to_late_transfer.json;results/v28_imported/imported_json/V28_li-small_recent_window_only_graph_seed4_early_to_late_transfer.json;results/v28_imported/imported_json/V28_li-small_recent_window_only_graph_seed5_early_to_late_transfer.json;results/v28_imported/imported_json/V28_li-small_recent_window_only_graph_seed6_early_to_late_transfer.json;results/v28_imported/imported_json/V28_li-small_recent_window_only_graph_seed7_early_to_late_transfer.json;results/v28_imported/imported_json/V28_li-small_recent_window_only_graph_seed8_early_to_late_transfer.json;results/v28_imported/imported_json/V28_li-small_recent_window_only_graph_seed9_early_to_late_transfer.json,True,Recent,24.045,28.357,0.0014922731732455998,0.003015973599664,early-to-late
li-small,small,li,late_window_holdout,degree_capped_bipartite,MEASURED_FULL10,10,0.0047867864745803,0.0032368922962705,7.166259219312072,0.8479737829332601,0.0086363562824521,53.4447,52.433,58.485,results/v28_imported/imported_json/V28_li-small_degree_capped_bipartite_seed10_late_window_holdout.json;results/v28_imported/imported_json/V28_li-small_degree_capped_bipartite_seed1_late_window_holdout.json;results/v28_imported/imported_json/V28_li-small_degree_capped_bipartite_seed2_late_window_holdout.json;results/v28_imported/imported_json/V28_li-small_degree_capped_bipartite_seed3_late_window_holdout.json;results/v28_imported/imported_json/V28_li-small_degree_capped_bipartite_seed4_late_window_holdout.json;results/v28_imported/imported_json/V28_li-small_degree_capped_bipartite_seed5_late_window_holdout.json;results/v28_imported/imported_json/V28_li-small_degree_capped_bipartite_seed6_late_window_holdout.json;results/v28_imported/imported_json/V28_li-small_degree_capped_bipartite_seed7_late_window_holdout.json;results/v28_imported/imported_json/V28_li-small_degree_capped_bipartite_seed8_late_window_holdout.json;results/v28_imported/imported_json/V28_li-small_degree_capped_bipartite_seed9_late_window_holdout.json,True,Degree cap,52.433,58.485,0.0015498941783097997,0.0080236787708508,late holdout
li-small,small,li,late_window_holdout,edge_aware_graphsage_h64,MEASURED_FULL10,10,0.0056795210448865,0.0019245224485599,8.502764906128991,0.8775987388813065,0.0066531869609455,65.92009999999999,59.339,73.657,results/v27_imported/imported_json/V27_li-small_edge_aware_graphsage_h64_seed10_late_window_holdout.json;results/v27_imported/imported_json/V27_li-small_edge_aware_graphsage_h64_seed1_late_window_holdout.json;results/v27_imported/imported_json/V27_li-small_edge_aware_graphsage_h64_seed2_late_window_holdout.json;results/v27_imported/imported_json/V27_li-small_edge_aware_graphsage_h64_seed3_late_window_holdout.json;results/v27_imported/imported_json/V27_li-small_edge_aware_graphsage_h64_seed4_late_window_holdout.json;results/v27_imported/imported_json/V27_li-small_edge_aware_graphsage_h64_seed5_late_window_holdout.json;results/v27_imported/imported_json/V27_li-small_edge_aware_graphsage_h64_seed6_late_window_holdout.json;results/v27_imported/imported_json/V27_li-small_edge_aware_graphsage_h64_seed7_late_window_holdout.json;results/v27_imported/imported_json/V27_li-small_edge_aware_graphsage_h64_seed8_late_window_holdout.json;results/v27_imported/imported_json/V27_li-small_edge_aware_graphsage_h64_seed9_late_window_holdout.json,True,Ref,59.339,73.657,0.0037549985963266,0.0076040434934464,late holdout
li-small,small,li,late_window_holdout,edge_aware_graphsage_h64_degree_only,MEASURED_FULL10,10,0.0021781446721251,0.0006671426125089,3.2608827280061163,0.7689332890006386,0.0040272222706314,59.71169999999999,58.138,63.368,results/v28_imported/imported_json/V28_li-small_degree_only_seed10_late_window_holdout.json;results/v28_imported/imported_json/V28_li-small_degree_only_seed1_late_window_holdout.json;results/v28_imported/imported_json/V28_li-small_degree_only_seed2_late_window_holdout.json;results/v28_imported/imported_json/V28_li-small_degree_only_seed3_late_window_holdout.json;results/v28_imported/imported_json/V28_li-small_degree_only_seed4_late_window_holdout.json;results/v28_imported/imported_json/V28_li-small_degree_only_seed5_late_window_holdout.json;results/v28_imported/imported_json/V28_li-small_degree_only_seed6_late_window_holdout.json;results/v28_imported/imported_json/V28_li-small_degree_only_seed7_late_window_holdout.json;results/v28_imported/imported_json/V28_li-small_degree_only_seed8_late_window_holdout.json;results/v28_imported/imported_json/V28_li-small_degree_only_seed9_late_window_holdout.json,False,Degree,58.138,63.368,0.0015110020596162,0.0028452872846339997,late holdout
li-small,small,li,late_window_holdout,edge_aware_graphsage_h64_no_edge_features,MEASURED_FULL10,10,0.0028300138205038,0.0012545477278582,4.236790744618305,0.7721717486094035,0.0042426064400106,58.44069999999999,57.06,67.262,results/v28_imported/imported_json/V28_li-small_no_edge_features_seed10_late_window_holdout.json;results/v28_imported/imported_json/V28_li-small_no_edge_features_seed1_late_window_holdout.json;results/v28_imported/imported_json/V28_li-small_no_edge_features_seed2_late_window_holdout.json;results/v28_imported/imported_json/V28_li-small_no_edge_features_seed3_late_window_holdout.json;results/v28_imported/imported_json/V28_li-small_no_edge_features_seed4_late_window_holdout.json;results/v28_imported/imported_json/V28_li-small_no_edge_features_seed5_late_window_holdout.json;results/v28_imported/imported_json/V28_li-small_no_edge_features_seed6_late_window_holdout.json;results/v28_imported/imported_json/V28_li-small_no_edge_features_seed7_late_window_holdout.json;results/v28_imported/imported_json/V28_li-small_no_edge_features_seed8_late_window_holdout.json;results/v28_imported/imported_json/V28_li-small_no_edge_features_seed9_late_window_holdout.json,False,No edge,57.06,67.262,0.0015754660926456,0.004084561548362,late holdout
li-small,small,li,late_window_holdout,edge_aware_graphsage_h64_shuffled_edge_features,MEASURED_FULL10,10,0.0032486019506392,0.0011706148728076,4.863455640286255,0.7609637226339598,0.0046650703820388,58.05800000000001,57.177,62.377,results/v28_imported/imported_json/V28_li-small_shuffled_edge_features_seed10_late_window_holdout.json;results/v28_imported/imported_json/V28_li-small_shuffled_edge_features_seed1_late_window_holdout.json;results/v28_imported/imported_json/V28_li-small_shuffled_edge_features_seed2_late_window_holdout.json;results/v28_imported/imported_json/V28_li-small_shuffled_edge_features_seed3_late_window_holdout.json;results/v28_imported/imported_json/V28_li-small_shuffled_edge_features_seed4_late_window_holdout.json;results/v28_imported/imported_json/V28_li-small_shuffled_edge_features_seed5_late_window_holdout.json;results/v28_imported/imported_json/V28_li-small_shuffled_edge_features_seed6_late_window_holdout.json;results/v28_imported/imported_json/V28_li-small_shuffled_edge_features_seed7_late_window_holdout.json;results/v28_imported/imported_json/V28_li-small_shuffled_edge_features_seed8_late_window_holdout.json;results/v28_imported/imported_json/V28_li-small_shuffled_edge_features_seed9_late_window_holdout.json,False,Shuffle,57.177,62.377,0.0020779870778316,0.0044192168234468004,late holdout
li-small,small,li,late_window_holdout,gine_light_h64,MEASURED_FULL10,10,0.0106040439902966,0.0025332605640076,15.875228279138032,0.8596405831643759,0.0047021206966113,675.3215,671.214,676.827,results/v28_imported/imported_json/V28_li-small_gine_light_h64_seed10_late_window_holdout.json;results/v28_imported/imported_json/V28_li-small_gine_light_h64_seed1_late_window_holdout.json;results/v28_imported/imported_json/V28_li-small_gine_light_h64_seed2_late_window_holdout.json;results/v28_imported/imported_json/V28_li-small_gine_light_h64_seed3_late_window_holdout.json;results/v28_imported/imported_json/V28_li-small_gine_light_h64_seed4_late_window_holdout.json;results/v28_imported/imported_json/V28_li-small_gine_light_h64_seed5_late_window_holdout.json;results/v28_imported/imported_json/V28_li-small_gine_light_h64_seed6_late_window_holdout.json;results/v28_imported/imported_json/V28_li-small_gine_light_h64_seed7_late_window_holdout.json;results/v28_imported/imported_json/V28_li-small_gine_light_h64_seed8_late_window_holdout.json;results/v28_imported/imported_json/V28_li-small_gine_light_h64_seed9_late_window_holdout.json,True,GINE,671.214,676.827,0.008070783426289,0.0131373045543042,late holdout
li-small,small,li,late_window_holdout,recent_window_only_graph,MEASURED_FULL10,10,0.0026797033419541,0.0012021451236146,4.011762145915137,0.8018962170052211,0.0054358601331564,35.3382,34.205,38.356,results/v28_imported/imported_json/V28_li-small_recent_window_only_graph_seed10_late_window_holdout.json;results/v28_imported/imported_json/V28_li-small_recent_window_only_graph_seed1_late_window_holdout.json;results/v28_imported/imported_json/V28_li-small_recent_window_only_graph_seed2_late_window_holdout.json;results/v28_imported/imported_json/V28_li-small_recent_window_only_graph_seed3_late_window_holdout.json;results/v28_imported/imported_json/V28_li-small_recent_window_only_graph_seed4_late_window_holdout.json;results/v28_imported/imported_json/V28_li-small_recent_window_only_graph_seed5_late_window_holdout.json;results/v28_imported/imported_json/V28_li-small_recent_window_only_graph_seed6_late_window_holdout.json;results/v28_imported/imported_json/V28_li-small_recent_window_only_graph_seed7_late_window_holdout.json;results/v28_imported/imported_json/V28_li-small_recent_window_only_graph_seed8_late_window_holdout.json;results/v28_imported/imported_json/V28_li-small_recent_window_only_graph_seed9_late_window_holdout.json,True,Recent,34.205,38.356,0.0014775582183394998,0.0038818484655687,late holdout
