kind,path_or_pattern,reason
policy:raw_data,data/raw/**,Raw datasets are outside the curated publication artifact.
policy:predictions,**/predictions/**; **/prediction_exports/**,Per-example payloads remain under evidence locks.
policy:imported_workspaces,kaggle_workspace/imported_outputs/**,Imported job payloads are not duplicated.
policy:credentials,**/.env; **/*token*; private keys,Secrets are never release material.
policy:latex_debris,**/*.aux; **/*.bbl; **/*.blg; **/*.log; **/*.out; **/*.toc,Strict clean-room compilation regenerates auxiliaries.
policy:os_and_cache,**/.DS_Store; **/__MACOSX/**; **/__pycache__/**,OS/interpreter metadata is excluded.
policy:private_paths,absolute workstation paths,Private workstation metadata fails content validation.
policy:identity_scan_configuration,identity-bearing anonymization scanner configuration,Reviewer archives retain only identity-free anonymization results.
policy:frozen_archives,release/tkde_manuscript_package.zip; release/tkde_source_tables.zip,Frozen baseline ZIPs are verified but never repackaged or overwritten.
os_or_cache,paper_tkde/.DS_Store,OS/interpreter metadata.
unselected,paper_tkde/ABSTRACT_TITLE_CONTRIBUTION_VARIANTS.md,Outside the active dependency/input allowlist.
unselected,paper_tkde/ARTIFACT_POLICY_FOR_REVIEWERS.md,Outside the active dependency/input allowlist.
unselected,paper_tkde/CITATION_TODO_LIST.md,Outside the active dependency/input allowlist.
unselected,paper_tkde/CLAIM_TRACE_FOR_MANUSCRIPT.md,Outside the active dependency/input allowlist.
unselected,paper_tkde/COMMANDS_TO_REPRODUCE_PAPER_ASSETS.md,Outside the active dependency/input allowlist.
unselected,paper_tkde/FIGURE_UPGRADE_PLAN.md,Outside the active dependency/input allowlist.
unselected,paper_tkde/MORE_RUNS_RESULTS_INTEGRATION_MAP.md,Outside the active dependency/input allowlist.
unselected,paper_tkde/PAPER_READINESS_CHECKLIST.md,Outside the active dependency/input allowlist.
unselected,paper_tkde/RELATED_WORK_GAP_MAP.md,Outside the active dependency/input allowlist.
unselected,paper_tkde/REPRODUCIBILITY_APPENDIX.md,Outside the active dependency/input allowlist.
unselected,paper_tkde/RESULT_WORDING_TEMPLATES.md,Outside the active dependency/input allowlist.
unselected,paper_tkde/REVIEWER_PREBUTTAL.md,Outside the active dependency/input allowlist.
unselected,paper_tkde/TABLES_AND_FIGURES_PLAN.md,Outside the active dependency/input allowlist.
unselected,paper_tkde/TABLE_UPGRADE_PLAN.md,Outside the active dependency/input allowlist.
unselected,paper_tkde/TKDE_CLAIM_REGISTER.md,Outside the active dependency/input allowlist.
unselected,paper_tkde/TKDE_MANUSCRIPT_READINESS_REPORT.md,Outside the active dependency/input allowlist.
unselected,paper_tkde/TKDE_READINESS_REPORT.md,Outside the active dependency/input allowlist.
unselected,paper_tkde/VALUE_UPGRADED_THESIS_AND_CONTRIBUTIONS.md,Outside the active dependency/input allowlist.
unselected,paper_tkde/VENUE_ABSTRACT_REFRESH_AFTER_MORE_RUNS.md,Outside the active dependency/input allowlist.
unselected,paper_tkde/figures/fig01_claim_gated_evidence_pipeline.pdf,Outside the active dependency/input allowlist.
unselected,paper_tkde/figures/fig01_claim_gated_evidence_pipeline.png,Outside the active dependency/input allowlist.
unselected,paper_tkde/figures/fig02_protocol_taxonomy.pdf,Outside the active dependency/input allowlist.
unselected,paper_tkde/figures/fig02_protocol_taxonomy.png,Outside the active dependency/input allowlist.
unselected,paper_tkde/figures/fig03_metric_winner_grid.pdf,Outside the active dependency/input allowlist.
unselected,paper_tkde/figures/fig03_metric_winner_grid.png,Outside the active dependency/input allowlist.
unselected,paper_tkde/figures/fig04_graph_feature_ablation_summary.pdf,Outside the active dependency/input allowlist.
unselected,paper_tkde/figures/fig04_graph_feature_ablation_summary.png,Outside the active dependency/input allowlist.
unselected,paper_tkde/figures/fig05_protocol_gap_heatmap.pdf,Outside the active dependency/input allowlist.
unselected,paper_tkde/figures/fig05_protocol_gap_heatmap.png,Outside the active dependency/input allowlist.
unselected,paper_tkde/figures/fig06_runtime_vs_performance.pdf,Outside the active dependency/input allowlist.
unselected,paper_tkde/figures/fig06_runtime_vs_performance.png,Outside the active dependency/input allowlist.
unselected,paper_tkde/figures/fig07_review_budget_diagnostic.pdf,Outside the active dependency/input allowlist.
unselected,paper_tkde/figures/fig07_review_budget_diagnostic.png,Outside the active dependency/input allowlist.
unselected,paper_tkde/figures/fig08_score_calibration_diagnostic.pdf,Outside the active dependency/input allowlist.
unselected,paper_tkde/figures/fig08_score_calibration_diagnostic.png,Outside the active dependency/input allowlist.
unselected,paper_tkde/figures/fig09_supported_blocked_claim_matrix.pdf,Outside the active dependency/input allowlist.
unselected,paper_tkde/figures/fig09_supported_blocked_claim_matrix.png,Outside the active dependency/input allowlist.
build_debris,paper_tkde/main.aux,Regenerated during strict clean-room build.
build_debris,paper_tkde/main.bbl,Regenerated during strict clean-room build.
build_debris,paper_tkde/main.blg,Regenerated during strict clean-room build.
build_debris,paper_tkde/main.log,Regenerated during strict clean-room build.
unselected,paper_tkde/main.md,Outside the active dependency/input allowlist.
unselected,paper_tkde/sections/01_introduction.md,Outside the active dependency/input allowlist.
unselected,paper_tkde/sections/02_related_work.md,Outside the active dependency/input allowlist.
unselected,paper_tkde/sections/03_problem_protocol_taxonomy.md,Outside the active dependency/input allowlist.
unselected,paper_tkde/sections/04_claim_gated_framework.md,Outside the active dependency/input allowlist.
unselected,paper_tkde/sections/04_problem_protocols.tex,Outside the active dependency/input allowlist.
unselected,paper_tkde/sections/05_benchmark_design.tex,Outside the active dependency/input allowlist.
unselected,paper_tkde/sections/05_reliability_wrapper.md,Outside the active dependency/input allowlist.
unselected,paper_tkde/sections/06_experimental_setup.md,Outside the active dependency/input allowlist.
unselected,paper_tkde/sections/06_models_metrics_diagnostics.tex,Outside the active dependency/input allowlist.
unselected,paper_tkde/sections/07_experimental_evidence.tex,Outside the active dependency/input allowlist.
unselected,paper_tkde/sections/07_protocol_shift_results.md,Outside the active dependency/input allowlist.
unselected,paper_tkde/sections/08_architecture_sensitivity.md,Outside the active dependency/input allowlist.
unselected,paper_tkde/sections/08_results.tex,Outside the active dependency/input allowlist.
unselected,paper_tkde/sections/09_artifact_reproducibility.tex,Outside the active dependency/input allowlist.
unselected,paper_tkde/sections/09_reliability_decision_support.md,Outside the active dependency/input allowlist.
unselected,paper_tkde/sections/10_limitations_ethics.tex,Outside the active dependency/input allowlist.
unselected,paper_tkde/sections/10_threats_to_validity.md,Outside the active dependency/input allowlist.
unselected,paper_tkde/sections/11_reproducibility.md,Outside the active dependency/input allowlist.
unselected,paper_tkde/sections/12_conclusion.md,Outside the active dependency/input allowlist.
os_or_cache,paper_tkde/supplement/.DS_Store,OS/interpreter metadata.
build_debris,paper_tkde/supplement/supplement.aux,Regenerated during strict clean-room build.
build_debris,paper_tkde/supplement/supplement.bbl,Regenerated during strict clean-room build.
build_debris,paper_tkde/supplement/supplement.blg,Regenerated during strict clean-room build.
build_debris,paper_tkde/supplement/supplement.log,Regenerated during strict clean-room build.
unselected,paper_tkde/supplement/supplement.md,Outside the active dependency/input allowlist.
build_debris,paper_tkde/supplement/supplement.out,Regenerated during strict clean-room build.
build_debris,paper_tkde/supplement/supplement.toc,Regenerated during strict clean-room build.
unselected,paper_tkde/tables/appendix_calibration_source.csv,Outside the active dependency/input allowlist.
unselected,paper_tkde/tables/appendix_calibration_source.md,Outside the active dependency/input allowlist.
unselected,paper_tkde/tables/appendix_confidence_intervals.csv,Outside the active dependency/input allowlist.
unselected,paper_tkde/tables/appendix_confidence_intervals.md,Outside the active dependency/input allowlist.
unselected,paper_tkde/tables/appendix_excluded_file_manifest.csv,Outside the active dependency/input allowlist.
unselected,paper_tkde/tables/appendix_excluded_file_manifest.md,Outside the active dependency/input allowlist.
unselected,paper_tkde/tables/appendix_graphsafe_decision_summary.csv,Outside the active dependency/input allowlist.
unselected,paper_tkde/tables/appendix_graphsafe_decision_summary.md,Outside the active dependency/input allowlist.
unselected,paper_tkde/tables/appendix_ibm_aml_metric_winner_full.csv,Outside the active dependency/input allowlist.
unselected,paper_tkde/tables/appendix_ibm_aml_metric_winner_full.md,Outside the active dependency/input allowlist.
unselected,paper_tkde/tables/appendix_normalized_auprc.csv,Outside the active dependency/input allowlist.
unselected,paper_tkde/tables/appendix_normalized_auprc.md,Outside the active dependency/input allowlist.
unselected,paper_tkde/tables/appendix_prediction_manifest_index.csv,Outside the active dependency/input allowlist.
unselected,paper_tkde/tables/appendix_prediction_manifest_index.md,Outside the active dependency/input allowlist.
unselected,paper_tkde/tables/appendix_rb09_protocol_auprc.csv,Outside the active dependency/input allowlist.
unselected,paper_tkde/tables/appendix_rb09_protocol_auprc.md,Outside the active dependency/input allowlist.
unselected,paper_tkde/tables/appendix_review_budget_source.csv,Outside the active dependency/input allowlist.
unselected,paper_tkde/tables/appendix_review_budget_source.md,Outside the active dependency/input allowlist.
unselected,paper_tkde/tables/appendix_source_csv_index.csv,Outside the active dependency/input allowlist.
unselected,paper_tkde/tables/appendix_source_csv_index.md,Outside the active dependency/input allowlist.
unselected,paper_tkde/tables/appendix_statistical_tests.csv,Outside the active dependency/input allowlist.
unselected,paper_tkde/tables/appendix_statistical_tests.md,Outside the active dependency/input allowlist.
unselected,paper_tkde/tables/appendix_v28_ablation_summary.csv,Outside the active dependency/input allowlist.
unselected,paper_tkde/tables/appendix_v28_ablation_summary.md,Outside the active dependency/input allowlist.
unselected,paper_tkde/tables/dataset_protocol_evidence_status.csv,Outside the active dependency/input allowlist.
unselected,paper_tkde/tables/dataset_protocol_evidence_status.md,Outside the active dependency/input allowlist.
unselected,paper_tkde/tables/evidenceunit_claimgate.csv,Outside the active dependency/input allowlist.
unselected,paper_tkde/tables/evidenceunit_claimgate.md,Outside the active dependency/input allowlist.
unselected,paper_tkde/tables/excluded_file_manifest.csv,Outside the active dependency/input allowlist.
unselected,paper_tkde/tables/excluded_file_manifest.md,Outside the active dependency/input allowlist.
unselected,paper_tkde/tables/figure_manifest.csv,Outside the active dependency/input allowlist.
unselected,paper_tkde/tables/figure_manifest.md,Outside the active dependency/input allowlist.
unselected,paper_tkde/tables/graphsafe_decision_summary.csv,Outside the active dependency/input allowlist.
unselected,paper_tkde/tables/graphsafe_decision_summary.md,Outside the active dependency/input allowlist.
unselected,paper_tkde/tables/graphsafe_tta_bounded_summary.csv,Outside the active dependency/input allowlist.
unselected,paper_tkde/tables/graphsafe_tta_bounded_summary.md,Outside the active dependency/input allowlist.
unselected,paper_tkde/tables/ibm_aml_metric_winner_compact.csv,Outside the active dependency/input allowlist.
unselected,paper_tkde/tables/ibm_aml_metric_winner_compact.md,Outside the active dependency/input allowlist.
unselected,paper_tkde/tables/ibm_aml_metric_winner_summary.csv,Outside the active dependency/input allowlist.
unselected,paper_tkde/tables/ibm_aml_metric_winner_summary.md,Outside the active dependency/input allowlist.
unselected,paper_tkde/tables/prediction_manifest_index.csv,Outside the active dependency/input allowlist.
unselected,paper_tkde/tables/prediction_manifest_index.md,Outside the active dependency/input allowlist.
unselected,paper_tkde/tables/prior_protocol_results_summary.csv,Outside the active dependency/input allowlist.
unselected,paper_tkde/tables/prior_protocol_results_summary.md,Outside the active dependency/input allowlist.
unselected,paper_tkde/tables/protocol_definition.csv,Outside the active dependency/input allowlist.
unselected,paper_tkde/tables/protocol_definition.md,Outside the active dependency/input allowlist.
unselected,paper_tkde/tables/rb09_protocol_auprc.csv,Outside the active dependency/input allowlist.
unselected,paper_tkde/tables/rb09_protocol_auprc.md,Outside the active dependency/input allowlist.
unselected,paper_tkde/tables/resource_boundary.csv,Outside the active dependency/input allowlist.
unselected,paper_tkde/tables/resource_boundary.md,Outside the active dependency/input allowlist.
unselected,paper_tkde/tables/source_csv_index.csv,Outside the active dependency/input allowlist.
unselected,paper_tkde/tables/source_csv_index.md,Outside the active dependency/input allowlist.
unselected,paper_tkde/tables/supported_blocked_claims.csv,Outside the active dependency/input allowlist.
unselected,paper_tkde/tables/supported_blocked_claims.md,Outside the active dependency/input allowlist.
unselected,paper_tkde/tables/table01_dataset_protocol_evidence_status.tex,Outside the active dependency/input allowlist.
unselected,paper_tkde/tables/table02_protocol_definitions.tex,Outside the active dependency/input allowlist.
unselected,paper_tkde/tables/table03_evidenceunit_claimgate.tex,Outside the active dependency/input allowlist.
unselected,paper_tkde/tables/table03_model_constructions.tex,Outside the active dependency/input allowlist.
unselected,paper_tkde/tables/table04_prior_protocol_results_summary.tex,Outside the active dependency/input allowlist.
unselected,paper_tkde/tables/table05_graphsafe_tta_bounded_summary.tex,Outside the active dependency/input allowlist.
unselected,paper_tkde/tables/table05_ibm_results.tex,Outside the active dependency/input allowlist.
unselected,paper_tkde/tables/table06_ibm_aml_metric_winner_summary.tex,Outside the active dependency/input allowlist.
unselected,paper_tkde/tables/table06_resource_boundaries.tex,Outside the active dependency/input allowlist.
unselected,paper_tkde/tables/table07_graphsafe_case.tex,Outside the active dependency/input allowlist.
unselected,paper_tkde/tables/table07_v28_graph_feature_ablation_summary.tex,Outside the active dependency/input allowlist.
unselected,paper_tkde/tables/table08_resource_boundary.tex,Outside the active dependency/input allowlist.
unselected,paper_tkde/tables/table09_supported_blocked_claims.tex,Outside the active dependency/input allowlist.
unselected,paper_tkde/tables/table10_rb09_protocol_auprc.tex,Outside the active dependency/input allowlist.
unselected,paper_tkde/tables/table11_graphsafe_decision_summary.tex,Outside the active dependency/input allowlist.
unselected,paper_tkde/tables/v28_graph_feature_ablation_summary.csv,Outside the active dependency/input allowlist.
unselected,paper_tkde/tables/v28_graph_feature_ablation_summary.md,Outside the active dependency/input allowlist.
unselected,paper_tkde/template/New_IEEEtran_how-to.pdf,Outside the active dependency/input allowlist.
unselected,paper_tkde/template/New_IEEEtran_how-to.tex,Outside the active dependency/input allowlist.
unselected,paper_tkde/template/bare_jrnl_new_sample4.pdf,Outside the active dependency/input allowlist.
unselected,paper_tkde/template/bare_jrnl_new_sample4.tex,Outside the active dependency/input allowlist.
unselected,paper_tkde/template/fig1.png,Outside the active dependency/input allowlist.
unselected,paper_tkde/template_original/New_IEEEtran_how-to.pdf,Outside the active dependency/input allowlist.
unselected,paper_tkde/template_original/New_IEEEtran_how-to.tex,Outside the active dependency/input allowlist.
unselected,paper_tkde/template_original/bare_jrnl_new_sample4.pdf,Outside the active dependency/input allowlist.
unselected,paper_tkde/template_original/bare_jrnl_new_sample4.tex,Outside the active dependency/input allowlist.
unselected,paper_tkde/template_original/fig1.png,Outside the active dependency/input allowlist.
build_debris,scripts/tkde_visual_rebuild/__pycache__/__init__.cpython-310.pyc,Regenerated during strict clean-room build.
build_debris,scripts/tkde_visual_rebuild/__pycache__/audit_pdf_layout.cpython-310.pyc,Regenerated during strict clean-room build.
build_debris,scripts/tkde_visual_rebuild/__pycache__/audit_table_readability.cpython-310.pyc,Regenerated during strict clean-room build.
build_debris,scripts/tkde_visual_rebuild/__pycache__/audit_visual_objects.cpython-310.pyc,Regenerated during strict clean-room build.
build_debris,scripts/tkde_visual_rebuild/__pycache__/build_curated_supplement_tables.cpython-310.pyc,Regenerated during strict clean-room build.
build_debris,scripts/tkde_visual_rebuild/__pycache__/build_main_tables.cpython-310.pyc,Regenerated during strict clean-room build.
build_debris,scripts/tkde_visual_rebuild/__pycache__/build_visual_release.cpython-310.pyc,Regenerated during strict clean-room build.
build_debris,scripts/tkde_visual_rebuild/__pycache__/object_registry.cpython-310.pyc,Regenerated during strict clean-room build.
build_debris,scripts/tkde_visual_rebuild/__pycache__/publication_style.cpython-310.pyc,Regenerated during strict clean-room build.
build_debris,scripts/tkde_visual_rebuild/__pycache__/scientific_delta_gate.cpython-310.pyc,Regenerated during strict clean-room build.
os_or_cache,scripts/tkde_rebuild/.DS_Store,OS/interpreter metadata.
build_debris,scripts/tkde_rebuild/__pycache__/audit_manuscript.cpython-310.pyc,Regenerated during strict clean-room build.
build_debris,scripts/tkde_rebuild/__pycache__/build_bibliography.cpython-310.pyc,Regenerated during strict clean-room build.
build_debris,scripts/tkde_rebuild/__pycache__/build_claim_ledger.cpython-310.pyc,Regenerated during strict clean-room build.
build_debris,scripts/tkde_rebuild/__pycache__/build_evidence_inventory.cpython-310.pyc,Regenerated during strict clean-room build.
build_debris,scripts/tkde_rebuild/__pycache__/build_literature_assets.cpython-310.pyc,Regenerated during strict clean-room build.
build_debris,scripts/tkde_rebuild/__pycache__/build_release.cpython-310.pyc,Regenerated during strict clean-room build.
build_debris,scripts/tkde_rebuild/__pycache__/build_tables.cpython-310.pyc,Regenerated during strict clean-room build.
build_debris,scripts/tkde_rebuild/__pycache__/compute_analysis.cpython-310.pyc,Regenerated during strict clean-room build.
build_debris,scripts/tkde_rebuild/__pycache__/make_figures.cpython-310.pyc,Regenerated during strict clean-room build.
build_debris,scripts/tkde_rebuild/__pycache__/validate_support_relation.cpython-310.pyc,Regenerated during strict clean-room build.
unselected,scripts/tkde_rebuild/audit_manuscript.py,Outside the active dependency/input allowlist.
unselected,scripts/tkde_rebuild/build_claim_ledger.py,Outside the active dependency/input allowlist.
unselected,scripts/tkde_rebuild/build_evidence_inventory.py,Outside the active dependency/input allowlist.
unselected,scripts/tkde_rebuild/build_literature_assets.py,Outside the active dependency/input allowlist.
unselected,scripts/tkde_rebuild/build_release.py,Outside the active dependency/input allowlist.
unselected,scripts/tkde_rebuild/compute_analysis.py,Outside the active dependency/input allowlist.
unselected,scripts/tkde_rebuild/validate_support_relation.py,Outside the active dependency/input allowlist.
private_starting_state,results/tkde_visual_rebuild/STARTING_VISUAL_STATE.md,Contains local backup/workstation metadata.
unselected,results/tkde_visual_rebuild/audits/PDF_LAYOUT_AUDIT.json,Outside the active dependency/input allowlist.
unselected,results/tkde_visual_rebuild/baseline_contact_sheets/main_01_color.png,Outside the active dependency/input allowlist.
unselected,results/tkde_visual_rebuild/baseline_contact_sheets/main_01_grayscale.png,Outside the active dependency/input allowlist.
unselected,results/tkde_visual_rebuild/baseline_contact_sheets/main_02_color.png,Outside the active dependency/input allowlist.
unselected,results/tkde_visual_rebuild/baseline_contact_sheets/main_02_grayscale.png,Outside the active dependency/input allowlist.
unselected,results/tkde_visual_rebuild/baseline_contact_sheets/supplement_01_color.png,Outside the active dependency/input allowlist.
unselected,results/tkde_visual_rebuild/baseline_contact_sheets/supplement_01_grayscale.png,Outside the active dependency/input allowlist.
unselected,results/tkde_visual_rebuild/baseline_contact_sheets/supplement_02_color.png,Outside the active dependency/input allowlist.
unselected,results/tkde_visual_rebuild/baseline_contact_sheets/supplement_02_grayscale.png,Outside the active dependency/input allowlist.
unselected,results/tkde_visual_rebuild/baseline_contact_sheets/supplement_03_color.png,Outside the active dependency/input allowlist.
unselected,results/tkde_visual_rebuild/baseline_contact_sheets/supplement_03_grayscale.png,Outside the active dependency/input allowlist.
unselected,results/tkde_visual_rebuild/baseline_contact_sheets/supplement_04_color.png,Outside the active dependency/input allowlist.
unselected,results/tkde_visual_rebuild/baseline_contact_sheets/supplement_04_grayscale.png,Outside the active dependency/input allowlist.
unselected,results/tkde_visual_rebuild/baseline_contact_sheets/supplement_05_color.png,Outside the active dependency/input allowlist.
unselected,results/tkde_visual_rebuild/baseline_contact_sheets/supplement_05_grayscale.png,Outside the active dependency/input allowlist.
unselected,results/tkde_visual_rebuild/baseline_contact_sheets/supplement_06_color.png,Outside the active dependency/input allowlist.
unselected,results/tkde_visual_rebuild/baseline_contact_sheets/supplement_06_grayscale.png,Outside the active dependency/input allowlist.
unselected,results/tkde_visual_rebuild/baseline_pages/main/page-01.png,Outside the active dependency/input allowlist.
unselected,results/tkde_visual_rebuild/baseline_pages/main/page-02.png,Outside the active dependency/input allowlist.
unselected,results/tkde_visual_rebuild/baseline_pages/main/page-03.png,Outside the active dependency/input allowlist.
unselected,results/tkde_visual_rebuild/baseline_pages/main/page-04.png,Outside the active dependency/input allowlist.
unselected,results/tkde_visual_rebuild/baseline_pages/main/page-05.png,Outside the active dependency/input allowlist.
unselected,results/tkde_visual_rebuild/baseline_pages/main/page-06.png,Outside the active dependency/input allowlist.
unselected,results/tkde_visual_rebuild/baseline_pages/main/page-07.png,Outside the active dependency/input allowlist.
unselected,results/tkde_visual_rebuild/baseline_pages/main/page-08.png,Outside the active dependency/input allowlist.
unselected,results/tkde_visual_rebuild/baseline_pages/main/page-09.png,Outside the active dependency/input allowlist.
unselected,results/tkde_visual_rebuild/baseline_pages/main/page-10.png,Outside the active dependency/input allowlist.
unselected,results/tkde_visual_rebuild/baseline_pages/main/page-11.png,Outside the active dependency/input allowlist.
unselected,results/tkde_visual_rebuild/baseline_pages/main/page-12.png,Outside the active dependency/input allowlist.
unselected,results/tkde_visual_rebuild/baseline_pages/main/page-13.png,Outside the active dependency/input allowlist.
unselected,results/tkde_visual_rebuild/baseline_pages/main/page-14.png,Outside the active dependency/input allowlist.
unselected,results/tkde_visual_rebuild/baseline_pages/supplement/page-01.png,Outside the active dependency/input allowlist.
unselected,results/tkde_visual_rebuild/baseline_pages/supplement/page-02.png,Outside the active dependency/input allowlist.
unselected,results/tkde_visual_rebuild/baseline_pages/supplement/page-03.png,Outside the active dependency/input allowlist.
unselected,results/tkde_visual_rebuild/baseline_pages/supplement/page-04.png,Outside the active dependency/input allowlist.
unselected,results/tkde_visual_rebuild/baseline_pages/supplement/page-05.png,Outside the active dependency/input allowlist.
unselected,results/tkde_visual_rebuild/baseline_pages/supplement/page-06.png,Outside the active dependency/input allowlist.
unselected,results/tkde_visual_rebuild/baseline_pages/supplement/page-07.png,Outside the active dependency/input allowlist.
unselected,results/tkde_visual_rebuild/baseline_pages/supplement/page-08.png,Outside the active dependency/input allowlist.
unselected,results/tkde_visual_rebuild/baseline_pages/supplement/page-09.png,Outside the active dependency/input allowlist.
unselected,results/tkde_visual_rebuild/baseline_pages/supplement/page-10.png,Outside the active dependency/input allowlist.
unselected,results/tkde_visual_rebuild/baseline_pages/supplement/page-11.png,Outside the active dependency/input allowlist.
unselected,results/tkde_visual_rebuild/baseline_pages/supplement/page-12.png,Outside the active dependency/input allowlist.
unselected,results/tkde_visual_rebuild/baseline_pages/supplement/page-13.png,Outside the active dependency/input allowlist.
unselected,results/tkde_visual_rebuild/baseline_pages/supplement/page-14.png,Outside the active dependency/input allowlist.
unselected,results/tkde_visual_rebuild/baseline_pages/supplement/page-15.png,Outside the active dependency/input allowlist.
unselected,results/tkde_visual_rebuild/baseline_pages/supplement/page-16.png,Outside the active dependency/input allowlist.
unselected,results/tkde_visual_rebuild/baseline_pages/supplement/page-17.png,Outside the active dependency/input allowlist.
unselected,results/tkde_visual_rebuild/baseline_pages/supplement/page-18.png,Outside the active dependency/input allowlist.
unselected,results/tkde_visual_rebuild/baseline_pages/supplement/page-19.png,Outside the active dependency/input allowlist.
unselected,results/tkde_visual_rebuild/baseline_pages/supplement/page-20.png,Outside the active dependency/input allowlist.
unselected,results/tkde_visual_rebuild/baseline_pages/supplement/page-21.png,Outside the active dependency/input allowlist.
unselected,results/tkde_visual_rebuild/baseline_pages/supplement/page-22.png,Outside the active dependency/input allowlist.
unselected,results/tkde_visual_rebuild/baseline_pages/supplement/page-23.png,Outside the active dependency/input allowlist.
unselected,results/tkde_visual_rebuild/baseline_pages/supplement/page-24.png,Outside the active dependency/input allowlist.
unselected,results/tkde_visual_rebuild/baseline_pages/supplement/page-25.png,Outside the active dependency/input allowlist.
unselected,results/tkde_visual_rebuild/baseline_pages/supplement/page-26.png,Outside the active dependency/input allowlist.
unselected,results/tkde_visual_rebuild/baseline_pages/supplement/page-27.png,Outside the active dependency/input allowlist.
unselected,results/tkde_visual_rebuild/baseline_pages/supplement/page-28.png,Outside the active dependency/input allowlist.
unselected,results/tkde_visual_rebuild/baseline_pages/supplement/page-29.png,Outside the active dependency/input allowlist.
unselected,results/tkde_visual_rebuild/baseline_pages/supplement/page-30.png,Outside the active dependency/input allowlist.
unselected,results/tkde_visual_rebuild/baseline_pages/supplement/page-31.png,Outside the active dependency/input allowlist.
unselected,results/tkde_visual_rebuild/baseline_pages/supplement/page-32.png,Outside the active dependency/input allowlist.
unselected,results/tkde_visual_rebuild/baseline_pages/supplement/page-33.png,Outside the active dependency/input allowlist.
unselected,results/tkde_visual_rebuild/baseline_pages/supplement/page-34.png,Outside the active dependency/input allowlist.
unselected,results/tkde_visual_rebuild/baseline_pages/supplement/page-35.png,Outside the active dependency/input allowlist.
unselected,results/tkde_visual_rebuild/baseline_pages/supplement/page-36.png,Outside the active dependency/input allowlist.
unselected,results/tkde_visual_rebuild/baseline_pages/supplement/page-37.png,Outside the active dependency/input allowlist.
unselected,results/tkde_visual_rebuild/baseline_pages/supplement/page-38.png,Outside the active dependency/input allowlist.
unselected,results/tkde_visual_rebuild/baseline_pages/supplement/page-39.png,Outside the active dependency/input allowlist.
unselected,results/tkde_visual_rebuild/baseline_pages/supplement/page-40.png,Outside the active dependency/input allowlist.
unselected,results/tkde_visual_rebuild/baseline_pages/supplement/page-41.png,Outside the active dependency/input allowlist.
unselected,results/tkde_visual_rebuild/baseline_pages/supplement/page-42.png,Outside the active dependency/input allowlist.
unselected,results/tkde_visual_rebuild/baseline_pages/supplement/page-43.png,Outside the active dependency/input allowlist.
unselected,results/tkde_visual_rebuild/baseline_pages/supplement/page-44.png,Outside the active dependency/input allowlist.
unselected,results/tkde_visual_rebuild/baseline_pages/supplement/page-45.png,Outside the active dependency/input allowlist.
unselected,results/tkde_visual_rebuild/baseline_pages/supplement/page-46.png,Outside the active dependency/input allowlist.
unselected,results/tkde_visual_rebuild/baseline_pages/supplement/page-47.png,Outside the active dependency/input allowlist.
unselected,results/tkde_visual_rebuild/before/baseline_figure_audit.md,Outside the active dependency/input allowlist.
unselected,results/tkde_visual_rebuild/before/baseline_table_and_float_audit.md,Outside the active dependency/input allowlist.
unselected,results/tkde_visual_rebuild/before/main_before.pdf,Outside the active dependency/input allowlist.
unselected,results/tkde_visual_rebuild/before/supplement_before.pdf,Outside the active dependency/input allowlist.
unselected,results/tkde_visual_rebuild/final_contact_sheets/main_01_color.png,Outside the active dependency/input allowlist.
unselected,results/tkde_visual_rebuild/final_contact_sheets/main_01_grayscale.png,Outside the active dependency/input allowlist.
unselected,results/tkde_visual_rebuild/final_contact_sheets/main_02_color.png,Outside the active dependency/input allowlist.
unselected,results/tkde_visual_rebuild/final_contact_sheets/main_02_grayscale.png,Outside the active dependency/input allowlist.
unselected,results/tkde_visual_rebuild/final_contact_sheets/main_03_color.png,Outside the active dependency/input allowlist.
unselected,results/tkde_visual_rebuild/final_contact_sheets/main_03_grayscale.png,Outside the active dependency/input allowlist.
unselected,results/tkde_visual_rebuild/final_contact_sheets/main_04_color.png,Outside the active dependency/input allowlist.
unselected,results/tkde_visual_rebuild/final_contact_sheets/main_04_grayscale.png,Outside the active dependency/input allowlist.
unselected,results/tkde_visual_rebuild/final_contact_sheets/supplement_01_color.png,Outside the active dependency/input allowlist.
unselected,results/tkde_visual_rebuild/final_contact_sheets/supplement_01_grayscale.png,Outside the active dependency/input allowlist.
unselected,results/tkde_visual_rebuild/final_contact_sheets/supplement_02_color.png,Outside the active dependency/input allowlist.
unselected,results/tkde_visual_rebuild/final_contact_sheets/supplement_02_grayscale.png,Outside the active dependency/input allowlist.
unselected,results/tkde_visual_rebuild/final_contact_sheets/supplement_03_color.png,Outside the active dependency/input allowlist.
unselected,results/tkde_visual_rebuild/final_contact_sheets/supplement_03_grayscale.png,Outside the active dependency/input allowlist.
unselected,results/tkde_visual_rebuild/final_contact_sheets/supplement_04_color.png,Outside the active dependency/input allowlist.
unselected,results/tkde_visual_rebuild/final_contact_sheets/supplement_04_grayscale.png,Outside the active dependency/input allowlist.
unselected,results/tkde_visual_rebuild/final_contact_sheets/supplement_05_color.png,Outside the active dependency/input allowlist.
unselected,results/tkde_visual_rebuild/final_contact_sheets/supplement_05_grayscale.png,Outside the active dependency/input allowlist.
unselected,results/tkde_visual_rebuild/final_contact_sheets/supplement_06_color.png,Outside the active dependency/input allowlist.
unselected,results/tkde_visual_rebuild/final_contact_sheets/supplement_06_grayscale.png,Outside the active dependency/input allowlist.
unselected,results/tkde_visual_rebuild/final_contact_sheets/supplement_07_color.png,Outside the active dependency/input allowlist.
unselected,results/tkde_visual_rebuild/final_contact_sheets/supplement_07_grayscale.png,Outside the active dependency/input allowlist.
unselected,results/tkde_visual_rebuild/final_contact_sheets/supplement_08_color.png,Outside the active dependency/input allowlist.
unselected,results/tkde_visual_rebuild/final_contact_sheets/supplement_08_grayscale.png,Outside the active dependency/input allowlist.
unselected,results/tkde_visual_rebuild/final_pages/main/page-01.png,Outside the active dependency/input allowlist.
unselected,results/tkde_visual_rebuild/final_pages/main/page-02.png,Outside the active dependency/input allowlist.
unselected,results/tkde_visual_rebuild/final_pages/main/page-03.png,Outside the active dependency/input allowlist.
unselected,results/tkde_visual_rebuild/final_pages/main/page-04.png,Outside the active dependency/input allowlist.
unselected,results/tkde_visual_rebuild/final_pages/main/page-05.png,Outside the active dependency/input allowlist.
unselected,results/tkde_visual_rebuild/final_pages/main/page-06.png,Outside the active dependency/input allowlist.
unselected,results/tkde_visual_rebuild/final_pages/main/page-07.png,Outside the active dependency/input allowlist.
unselected,results/tkde_visual_rebuild/final_pages/main/page-08.png,Outside the active dependency/input allowlist.
unselected,results/tkde_visual_rebuild/final_pages/main/page-09.png,Outside the active dependency/input allowlist.
unselected,results/tkde_visual_rebuild/final_pages/main/page-10.png,Outside the active dependency/input allowlist.
unselected,results/tkde_visual_rebuild/final_pages/main/page-11.png,Outside the active dependency/input allowlist.
unselected,results/tkde_visual_rebuild/final_pages/main/page-12.png,Outside the active dependency/input allowlist.
unselected,results/tkde_visual_rebuild/final_pages/main/page-13.png,Outside the active dependency/input allowlist.
unselected,results/tkde_visual_rebuild/final_pages/main/page-14.png,Outside the active dependency/input allowlist.
unselected,results/tkde_visual_rebuild/final_pages/supplement/page-01.png,Outside the active dependency/input allowlist.
unselected,results/tkde_visual_rebuild/final_pages/supplement/page-02.png,Outside the active dependency/input allowlist.
unselected,results/tkde_visual_rebuild/final_pages/supplement/page-03.png,Outside the active dependency/input allowlist.
unselected,results/tkde_visual_rebuild/final_pages/supplement/page-04.png,Outside the active dependency/input allowlist.
unselected,results/tkde_visual_rebuild/final_pages/supplement/page-05.png,Outside the active dependency/input allowlist.
unselected,results/tkde_visual_rebuild/final_pages/supplement/page-06.png,Outside the active dependency/input allowlist.
unselected,results/tkde_visual_rebuild/final_pages/supplement/page-07.png,Outside the active dependency/input allowlist.
unselected,results/tkde_visual_rebuild/final_pages/supplement/page-08.png,Outside the active dependency/input allowlist.
unselected,results/tkde_visual_rebuild/final_pages/supplement/page-09.png,Outside the active dependency/input allowlist.
unselected,results/tkde_visual_rebuild/final_pages/supplement/page-10.png,Outside the active dependency/input allowlist.
unselected,results/tkde_visual_rebuild/final_pages/supplement/page-11.png,Outside the active dependency/input allowlist.
unselected,results/tkde_visual_rebuild/final_pages/supplement/page-12.png,Outside the active dependency/input allowlist.
unselected,results/tkde_visual_rebuild/final_pages/supplement/page-13.png,Outside the active dependency/input allowlist.
unselected,results/tkde_visual_rebuild/final_pages/supplement/page-14.png,Outside the active dependency/input allowlist.
unselected,results/tkde_visual_rebuild/final_pages/supplement/page-15.png,Outside the active dependency/input allowlist.
unselected,results/tkde_visual_rebuild/final_pages/supplement/page-16.png,Outside the active dependency/input allowlist.
unselected,results/tkde_visual_rebuild/final_pages/supplement/page-17.png,Outside the active dependency/input allowlist.
unselected,results/tkde_visual_rebuild/final_pages/supplement/page-18.png,Outside the active dependency/input allowlist.
unselected,results/tkde_visual_rebuild/final_pages/supplement/page-19.png,Outside the active dependency/input allowlist.
unselected,results/tkde_visual_rebuild/final_pages/supplement/page-20.png,Outside the active dependency/input allowlist.
unselected,results/tkde_visual_rebuild/final_pages/supplement/page-21.png,Outside the active dependency/input allowlist.
unselected,results/tkde_visual_rebuild/final_pages/supplement/page-22.png,Outside the active dependency/input allowlist.
unselected,results/tkde_visual_rebuild/final_pages/supplement/page-23.png,Outside the active dependency/input allowlist.
unselected,results/tkde_visual_rebuild/final_pages/supplement/page-24.png,Outside the active dependency/input allowlist.
unselected,results/tkde_visual_rebuild/final_pages/supplement/page-25.png,Outside the active dependency/input allowlist.
unselected,results/tkde_visual_rebuild/final_pages/supplement/page-26.png,Outside the active dependency/input allowlist.
unselected,results/tkde_visual_rebuild/final_pages/supplement/page-27.png,Outside the active dependency/input allowlist.
unselected,results/tkde_visual_rebuild/final_pages/supplement/page-28.png,Outside the active dependency/input allowlist.
unselected,results/tkde_visual_rebuild/final_pages/supplement/page-29.png,Outside the active dependency/input allowlist.
unselected,results/tkde_visual_rebuild/final_pages/supplement/page-30.png,Outside the active dependency/input allowlist.
identity_scan_configuration,results/tkde_visual_rebuild/validation/anonymization.json,Contains identity tokens used only by the local anonymization scanner.
os_or_cache,results/tkde_rebuild/.DS_Store,OS/interpreter metadata.
unselected,results/tkde_rebuild/CITATION_COVERAGE_AUDIT.md,Outside the active dependency/input allowlist.
unselected,results/tkde_rebuild/CITATION_VERIFICATION.md,Outside the active dependency/input allowlist.
unselected,results/tkde_rebuild/CLAIM_EVIDENCE_LEDGER.md,Outside the active dependency/input allowlist.
unselected,results/tkde_rebuild/COMMAND_LOG.md,Outside the active dependency/input allowlist.
unselected,results/tkde_rebuild/CURRENT_MANUSCRIPT_FORENSIC_AUDIT.md,Outside the active dependency/input allowlist.
unselected,results/tkde_rebuild/DATASET_TASK_STATISTICS.md,Outside the active dependency/input allowlist.
unselected,results/tkde_rebuild/DEPLOYMENT_CONTRACT_AXES.md,Outside the active dependency/input allowlist.
unselected,results/tkde_rebuild/EVIDENCE_INVENTORY.md,Outside the active dependency/input allowlist.
unselected,results/tkde_rebuild/FIGURE_AUDIT.md,Outside the active dependency/input allowlist.
unselected,results/tkde_rebuild/FINAL_TKDE_READINESS_REPORT.md,Outside the active dependency/input allowlist.
unselected,results/tkde_rebuild/FRAMEWORK_VALIDATION_REPORT.md,Outside the active dependency/input allowlist.
unselected,results/tkde_rebuild/GRAPHSAFE_BOUNDED_SUMMARY.md,Outside the active dependency/input allowlist.
unselected,results/tkde_rebuild/GRAPHSAFE_CALIBRATION_SUMMARY.md,Outside the active dependency/input allowlist.
unselected,results/tkde_rebuild/GRAPHSAFE_PAIRED_VS_SIMPLE_AVERAGE.md,Outside the active dependency/input allowlist.
unselected,results/tkde_rebuild/IBM_CELL_SUMMARY.md,Outside the active dependency/input allowlist.
unselected,results/tkde_rebuild/IBM_IMPORTED_SEED_ROWS.md,Outside the active dependency/input allowlist.
unselected,results/tkde_rebuild/IBM_MATCHED_ABLATION_CONTEXT_EFFECTS.md,Outside the active dependency/input allowlist.
unselected,results/tkde_rebuild/IBM_MATCHED_ABLATION_EFFECTS.md,Outside the active dependency/input allowlist.
unselected,results/tkde_rebuild/IBM_METRIC_RANKS.md,Outside the active dependency/input allowlist.
unselected,results/tkde_rebuild/IBM_RANK_DIVERGENCE.md,Outside the active dependency/input allowlist.
unselected,results/tkde_rebuild/IBM_RUNTIME_FEASIBILITY.md,Outside the active dependency/input allowlist.
unselected,results/tkde_rebuild/LITERATURE_SYNTHESIS.md,Outside the active dependency/input allowlist.
unselected,results/tkde_rebuild/MODEL_CONSTRUCTION_INVENTORY.md,Outside the active dependency/input allowlist.
unselected,results/tkde_rebuild/NUMBER_PROVENANCE_MAP.md,Outside the active dependency/input allowlist.
unselected,results/tkde_rebuild/PAPER_IDENTITY_DECISION.md,Outside the active dependency/input allowlist.
unselected,results/tkde_rebuild/PROTOCOL_DEFINITIONS.md,Outside the active dependency/input allowlist.
unselected,results/tkde_rebuild/RB09_AUPRC_MAIN.md,Outside the active dependency/input allowlist.
unselected,results/tkde_rebuild/RB09_PROTOCOL_EFFECTS.md,Outside the active dependency/input allowlist.
unselected,results/tkde_rebuild/REBUTTAL_AND_REPAIR_MATRIX.md,Outside the active dependency/input allowlist.
unselected,results/tkde_rebuild/RESOURCE_BOUNDARIES.md,Outside the active dependency/input allowlist.
unselected,results/tkde_rebuild/REVIEWER_1_BENCHMARK.md,Outside the active dependency/input allowlist.
unselected,results/tkde_rebuild/REVIEWER_2_GRAPH_ML.md,Outside the active dependency/input allowlist.
unselected,results/tkde_rebuild/REVIEWER_3_AML.md,Outside the active dependency/input allowlist.
unselected,results/tkde_rebuild/REVIEWER_4_STATS_ARTIFACT.md,Outside the active dependency/input allowlist.
unselected,results/tkde_rebuild/REVIEW_BUDGET_CURVES.md,Outside the active dependency/input allowlist.
unselected,results/tkde_rebuild/STARTING_STATE.md,Outside the active dependency/input allowlist.
unselected,results/tkde_rebuild/TABLE_AND_FLOAT_PLACEMENT_AUDIT.md,Outside the active dependency/input allowlist.
unselected,results/tkde_rebuild/TRAINING_CONFIGURATION.md,Outside the active dependency/input allowlist.
unselected,results/tkde_rebuild/V24_DEDUPLICATED_RERUN_RESULTS.md,Outside the active dependency/input allowlist.
unselected,results/tkde_rebuild/V24_DUPLICATE_STRESS_AUDIT.md,Outside the active dependency/input allowlist.
