baseline,status,pinned_commit,licence,task_scope,smoke_fixture,parity_requirement,headline_eligible,blocker,next_command
Mowst,PENDING_INTEGRATION,2e3569962d2388bfda4535cdd1fc0b6eaec88a28,MIT,node classification,tiny GOOD node fixture,Reproduce one official upstream configuration then align identical IDs and logits,No,Official checkout not installed,"git clone --filter=blob:none https://github.com/facebookresearch/mowst-gnn external/mowst-gnn && git -C external/mowst-gnn checkout 2e3569962d2388bfda4535cdd1fc0b6eaec88a28"
GraphMETRO,UNAVAILABLE_LICENSE,e2b6ab62c6d7a3d72b6508db9bfce49336a9b129,NO_LICENCE_FILE_FOUND,node classification,tiny GOOD node fixture,Upstream licence plus official smoke and prediction alignment,No,No upstream licence file,Obtain written licence or upstream licence commit before acquisition
CIGA,PENDING_INTEGRATION,454801108737ff8855ac2be947201dd9338dff37,MIT,graph classification,tiny GOOD graph fixture,Official config parity on a supported graph-level GOOD task,No,Does not cover fraud node or transaction task,"git clone --filter=blob:none https://github.com/LFhase/CIGA external/CIGA && git -C external/CIGA checkout 454801108737ff8855ac2be947201dd9338dff37"
EERM,UNAVAILABLE_LICENSE,ffdc4a11161976fac7dd71e2aa1dcd72db6e44e9,NO_LICENCE_FILE_FOUND,node classification,tiny temporal Elliptic fixture,Upstream licence then official Elliptic smoke and prediction alignment,No,No upstream licence file,Obtain written licence or upstream licence commit before acquisition
TGN,PENDING_INTEGRATION,d55bbe678acabb9fc3879c408fd1f2e15919667c,Apache-2.0,event and transaction classification,tiny timed event fixture,Upstream supervised smoke then common transaction ID alignment,No,Official checkout not installed,"git clone --filter=blob:none https://github.com/twitter-research/tgn external/tgn && git -C external/tgn checkout d55bbe678acabb9fc3879c408fd1f2e15919667c"
GOOD,PENDING_INTEGRATION,b53566c9297bc65b90a7f2213fb9ffa930f5b6e5,GPL-3.0,node and graph classification,tiny metadata fixture,External process smoke and three selected node settings,No,Official checkout not installed and licence boundary must remain external,"git clone --filter=blob:none https://github.com/divelab/GOOD external/GOOD && git -C external/GOOD checkout b53566c9297bc65b90a7f2213fb9ffa930f5b6e5"
GroupDRO,VALIDATED_REIMPLEMENTATION,in_tree,project_licence_unresolved,source-contract groups,analytic loss fixture,Parity with exponentiated-gradient reference equations,Yes,None,".venv/bin/python -m pytest tests/coregraph/test_baselines.py"
VREx,VALIDATED_REIMPLEMENTATION,in_tree,project_licence_unresolved,source-contract groups,analytic variance fixture,Parity with risk extrapolation objective definition,Yes,None,".venv/bin/python -m pytest tests/coregraph/test_baselines.py"
GraphSafe,VALIDATED_REIMPLEMENTATION,2dec25e,project_licence_unresolved,saved output only,legacy prediction fixture,Retain bounded case-study language,Yes within bounded scope,None,".venv/bin/python -m pytest tests/test_fraudshiftbench_metrics.py"
