dataset,task,protocol_id,expert_id,expert_prediction_seed,fold,status,recovery_status,reason_codes,base_coordinate_id,base_artifact_hash,prediction_path,prediction_checksum,contract_coordinate_hash,config_sha256,code_provenance_type,routing_cost_provenance
dgraphfin,node_classification,isolated_inductive,feature_mlp,1,fold0,BLOCKED_BASE_ARTIFACT,INDEX_REFERENCED_FILE_MISSING,CANONICAL_PREDICTION_PATH_MISSING;INDEXED_SOURCE_ARCHIVE_MISSING,675638befa2d945be57bc01fb298623ad278449f8a5343a23d7a623d0d04652a,,,,,9ff83529acf18a9128ee8ef0ce4c80c738c6346f08a229acc0bc6d38d0896e44,UNRESOLVED_LEGACY_CODE,UNRESOLVED
dgraphfin,node_classification,isolated_inductive,feature_mlp,2,fold0,BLOCKED_BASE_ARTIFACT,INDEX_REFERENCED_FILE_MISSING,CANONICAL_PREDICTION_PATH_MISSING;INDEXED_SOURCE_ARCHIVE_MISSING,67336dcaa82c7029c86a3c94d6b4908ff38db51574da609b41e8b3aa30534d72,,,,,1ba45869f075247dc9d4fdcaf2ef6b8b7d99e402e103dae58aae2047f3d4e8bf,UNRESOLVED_LEGACY_CODE,UNRESOLVED
dgraphfin,node_classification,isolated_inductive,feature_mlp,3,fold0,BLOCKED_BASE_ARTIFACT,INDEX_REFERENCED_FILE_MISSING,CANONICAL_PREDICTION_PATH_MISSING;INDEXED_SOURCE_ARCHIVE_MISSING,e375af8b19798adc731f5c9aa462d9a3c50957e0d731036ac29f1c84ca1af9fe,,,,,9ff83529acf18a9128ee8ef0ce4c80c738c6346f08a229acc0bc6d38d0896e44,UNRESOLVED_LEGACY_CODE,UNRESOLVED
dgraphfin,node_classification,isolated_inductive,feature_mlp,4,fold0,BLOCKED_BASE_ARTIFACT,INDEX_REFERENCED_FILE_MISSING,CANONICAL_PREDICTION_PATH_MISSING;INDEXED_SOURCE_ARCHIVE_MISSING,db3fd0a87d762d29536659033e5f7513ec1e9322508833a7e5d9a456e25b2a25,,,,,1ba45869f075247dc9d4fdcaf2ef6b8b7d99e402e103dae58aae2047f3d4e8bf,UNRESOLVED_LEGACY_CODE,UNRESOLVED
dgraphfin,node_classification,isolated_inductive,feature_mlp,5,fold0,BLOCKED_BASE_ARTIFACT,INDEX_REFERENCED_FILE_MISSING,CANONICAL_PREDICTION_PATH_MISSING;INDEXED_SOURCE_ARCHIVE_MISSING,e4c6cbc7bee75edd8fa43c93a103644002e2a6d3f9e4b785bb7729d236d5a59f,,,,,9ff83529acf18a9128ee8ef0ce4c80c738c6346f08a229acc0bc6d38d0896e44,UNRESOLVED_LEGACY_CODE,UNRESOLVED
dgraphfin,node_classification,isolated_inductive,feature_mlp,6,fold0,BLOCKED_BASE_ARTIFACT,INDEX_REFERENCED_FILE_MISSING,CANONICAL_PREDICTION_PATH_MISSING;INDEXED_SOURCE_ARCHIVE_MISSING,757e88ee61b20d96ec7d16efd96a6d512ae6baab0d48d4ef6f6da516f07a50ef,,,,,1ba45869f075247dc9d4fdcaf2ef6b8b7d99e402e103dae58aae2047f3d4e8bf,UNRESOLVED_LEGACY_CODE,UNRESOLVED
dgraphfin,node_classification,isolated_inductive,feature_mlp,7,fold0,BLOCKED_BASE_ARTIFACT,INDEX_REFERENCED_FILE_MISSING,CANONICAL_PREDICTION_PATH_MISSING;INDEXED_SOURCE_ARCHIVE_MISSING,3ad42754e59f2d60175def7386ea20bbe6dc6be614e07da53e9faa4a1911321a,,,,,9ff83529acf18a9128ee8ef0ce4c80c738c6346f08a229acc0bc6d38d0896e44,UNRESOLVED_LEGACY_CODE,UNRESOLVED
dgraphfin,node_classification,isolated_inductive,feature_mlp,8,fold0,BLOCKED_BASE_ARTIFACT,INDEX_REFERENCED_FILE_MISSING,CANONICAL_PREDICTION_PATH_MISSING;INDEXED_SOURCE_ARCHIVE_MISSING,b5fc3f6aec88ab25e47ab0a78e06b2ad3554e6af829288c7d8ceb4d71d5e1093,,,,,1ba45869f075247dc9d4fdcaf2ef6b8b7d99e402e103dae58aae2047f3d4e8bf,UNRESOLVED_LEGACY_CODE,UNRESOLVED
dgraphfin,node_classification,isolated_inductive,feature_mlp,9,fold0,BLOCKED_BASE_ARTIFACT,INDEX_REFERENCED_FILE_MISSING,CANONICAL_PREDICTION_PATH_MISSING;INDEXED_SOURCE_ARCHIVE_MISSING,9b49543f519d6cfd9c2014da22d81dae40805a3dbcd828832e03bd49edcfd580,,,,,9ff83529acf18a9128ee8ef0ce4c80c738c6346f08a229acc0bc6d38d0896e44,UNRESOLVED_LEGACY_CODE,UNRESOLVED
dgraphfin,node_classification,isolated_inductive,feature_mlp,10,fold0,BLOCKED_BASE_ARTIFACT,INDEX_REFERENCED_FILE_MISSING,CANONICAL_PREDICTION_PATH_MISSING;INDEXED_SOURCE_ARCHIVE_MISSING,b61264bc90609377cc258b2dc1fcc3443d9b0b818c25e4542445e28bb33d92fe,,,,,1ba45869f075247dc9d4fdcaf2ef6b8b7d99e402e103dae58aae2047f3d4e8bf,UNRESOLVED_LEGACY_CODE,UNRESOLVED
dgraphfin,node_classification,isolated_inductive,gcn,1,fold0,BLOCKED_BASE_ARTIFACT,INDEX_REFERENCED_FILE_MISSING,CANONICAL_PREDICTION_PATH_MISSING;INDEXED_SOURCE_ARCHIVE_MISSING,f5efa4a18a06de39243394e0dbdedeb38a833f97248b00295792d3f542c38e51,,,,,9ff83529acf18a9128ee8ef0ce4c80c738c6346f08a229acc0bc6d38d0896e44,UNRESOLVED_LEGACY_CODE,UNRESOLVED
dgraphfin,node_classification,isolated_inductive,gcn,2,fold0,BLOCKED_BASE_ARTIFACT,INDEX_REFERENCED_FILE_MISSING,CANONICAL_PREDICTION_PATH_MISSING;INDEXED_SOURCE_ARCHIVE_MISSING,90a9e590fdf87a2e0b6f2aee4cbe41aad2849139444692ba7effbe8244df5ad6,,,,,1ba45869f075247dc9d4fdcaf2ef6b8b7d99e402e103dae58aae2047f3d4e8bf,UNRESOLVED_LEGACY_CODE,UNRESOLVED
dgraphfin,node_classification,isolated_inductive,gcn,3,fold0,BLOCKED_BASE_ARTIFACT,INDEX_REFERENCED_FILE_MISSING,CANONICAL_PREDICTION_PATH_MISSING;INDEXED_SOURCE_ARCHIVE_MISSING,eed27bc27f9669b6d83ac03b3312175a4807c3834fe6247dd7d21ea60b1a8de2,,,,,9ff83529acf18a9128ee8ef0ce4c80c738c6346f08a229acc0bc6d38d0896e44,UNRESOLVED_LEGACY_CODE,UNRESOLVED
dgraphfin,node_classification,isolated_inductive,gcn,4,fold0,BLOCKED_BASE_ARTIFACT,INDEX_REFERENCED_FILE_MISSING,CANONICAL_PREDICTION_PATH_MISSING;INDEXED_SOURCE_ARCHIVE_MISSING,b395751d36deecf4edef87799c4995fbe2c727b5d7637ccb4602d9ee05038e01,,,,,1ba45869f075247dc9d4fdcaf2ef6b8b7d99e402e103dae58aae2047f3d4e8bf,UNRESOLVED_LEGACY_CODE,UNRESOLVED
dgraphfin,node_classification,isolated_inductive,gcn,5,fold0,BLOCKED_BASE_ARTIFACT,INDEX_REFERENCED_FILE_MISSING,CANONICAL_PREDICTION_PATH_MISSING;INDEXED_SOURCE_ARCHIVE_MISSING,2959d76f2e1606072d5372a01e191711843df460020c58490fce480967410829,,,,,9ff83529acf18a9128ee8ef0ce4c80c738c6346f08a229acc0bc6d38d0896e44,UNRESOLVED_LEGACY_CODE,UNRESOLVED
dgraphfin,node_classification,isolated_inductive,gcn,6,fold0,BLOCKED_BASE_ARTIFACT,INDEX_REFERENCED_FILE_MISSING,CANONICAL_PREDICTION_PATH_MISSING;INDEXED_SOURCE_ARCHIVE_MISSING,aed699b1f7d0e7e9874f4e544f7ba761a7a284603b90a36971f7fe82a85b51b6,,,,,1ba45869f075247dc9d4fdcaf2ef6b8b7d99e402e103dae58aae2047f3d4e8bf,UNRESOLVED_LEGACY_CODE,UNRESOLVED
dgraphfin,node_classification,isolated_inductive,gcn,7,fold0,BLOCKED_BASE_ARTIFACT,INDEX_REFERENCED_FILE_MISSING,CANONICAL_PREDICTION_PATH_MISSING;INDEXED_SOURCE_ARCHIVE_MISSING,f4af531a3cdcb55845ddfcbbbce27a446b485cf066a519a68818aeea855e1f73,,,,,9ff83529acf18a9128ee8ef0ce4c80c738c6346f08a229acc0bc6d38d0896e44,UNRESOLVED_LEGACY_CODE,UNRESOLVED
dgraphfin,node_classification,isolated_inductive,gcn,8,fold0,BLOCKED_BASE_ARTIFACT,INDEX_REFERENCED_FILE_MISSING,CANONICAL_PREDICTION_PATH_MISSING;INDEXED_SOURCE_ARCHIVE_MISSING,3ecb4e958d00d12b906f01bb09e5cd44c298d5c3d2bb1807a49351807d0e89cd,,,,,1ba45869f075247dc9d4fdcaf2ef6b8b7d99e402e103dae58aae2047f3d4e8bf,UNRESOLVED_LEGACY_CODE,UNRESOLVED
dgraphfin,node_classification,isolated_inductive,gcn,9,fold0,BLOCKED_BASE_ARTIFACT,INDEX_REFERENCED_FILE_MISSING,CANONICAL_PREDICTION_PATH_MISSING;INDEXED_SOURCE_ARCHIVE_MISSING,615d2a4d01e42f4ce5e5a0660d27307e07b4d80e9556af938061ff8fe9c4a229,,,,,9ff83529acf18a9128ee8ef0ce4c80c738c6346f08a229acc0bc6d38d0896e44,UNRESOLVED_LEGACY_CODE,UNRESOLVED
dgraphfin,node_classification,isolated_inductive,gcn,10,fold0,BLOCKED_BASE_ARTIFACT,INDEX_REFERENCED_FILE_MISSING,CANONICAL_PREDICTION_PATH_MISSING;INDEXED_SOURCE_ARCHIVE_MISSING,1d18d6bf35a711daec15ebbd2f1ce46084dcbfa7944e3cfc6591de7cd47a9953,,,,,1ba45869f075247dc9d4fdcaf2ef6b8b7d99e402e103dae58aae2047f3d4e8bf,UNRESOLVED_LEGACY_CODE,UNRESOLVED
dgraphfin,node_classification,isolated_inductive,graphsage,1,fold0,BLOCKED_BASE_ARTIFACT,INDEX_REFERENCED_FILE_MISSING,CANONICAL_PREDICTION_PATH_MISSING;INDEXED_SOURCE_ARCHIVE_MISSING,6a8bc9782a178c909220d3cf02e60757657f856c4a2166a69731673bb6e8a0ce,,,,,9ff83529acf18a9128ee8ef0ce4c80c738c6346f08a229acc0bc6d38d0896e44,UNRESOLVED_LEGACY_CODE,UNRESOLVED
dgraphfin,node_classification,isolated_inductive,graphsage,2,fold0,BLOCKED_BASE_ARTIFACT,INDEX_REFERENCED_FILE_MISSING,CANONICAL_PREDICTION_PATH_MISSING;INDEXED_SOURCE_ARCHIVE_MISSING,21a0163a1e8f2eba52e8c47ccbecba3fa7b711d7cbbde753d19611640272e084,,,,,1ba45869f075247dc9d4fdcaf2ef6b8b7d99e402e103dae58aae2047f3d4e8bf,UNRESOLVED_LEGACY_CODE,UNRESOLVED
dgraphfin,node_classification,isolated_inductive,graphsage,3,fold0,BLOCKED_BASE_ARTIFACT,INDEX_REFERENCED_FILE_MISSING,CANONICAL_PREDICTION_PATH_MISSING;INDEXED_SOURCE_ARCHIVE_MISSING,f08aa7610ee53a179bb35372f7755e1549b526fc43d10aa42b91af1ef05eb4ad,,,,,9ff83529acf18a9128ee8ef0ce4c80c738c6346f08a229acc0bc6d38d0896e44,UNRESOLVED_LEGACY_CODE,UNRESOLVED
dgraphfin,node_classification,isolated_inductive,graphsage,4,fold0,BLOCKED_BASE_ARTIFACT,INDEX_REFERENCED_FILE_MISSING,CANONICAL_PREDICTION_PATH_MISSING;INDEXED_SOURCE_ARCHIVE_MISSING,a157b4e0f482082757c616e9dc68ceb2f85215119f08bc4262068b2b148837c5,,,,,1ba45869f075247dc9d4fdcaf2ef6b8b7d99e402e103dae58aae2047f3d4e8bf,UNRESOLVED_LEGACY_CODE,UNRESOLVED
dgraphfin,node_classification,isolated_inductive,graphsage,5,fold0,BLOCKED_BASE_ARTIFACT,INDEX_REFERENCED_FILE_MISSING,CANONICAL_PREDICTION_PATH_MISSING;INDEXED_SOURCE_ARCHIVE_MISSING,afdd0347a45a56dcaa1c425f1244c8c96e34f54f8ad674e8195ee65d72ec7c70,,,,,9ff83529acf18a9128ee8ef0ce4c80c738c6346f08a229acc0bc6d38d0896e44,UNRESOLVED_LEGACY_CODE,UNRESOLVED
dgraphfin,node_classification,isolated_inductive,graphsage,6,fold0,BLOCKED_BASE_ARTIFACT,INDEX_REFERENCED_FILE_MISSING,CANONICAL_PREDICTION_PATH_MISSING;INDEXED_SOURCE_ARCHIVE_MISSING,cb63f14600172f331dfb1b1fc1d5eada0d13c00b4474d4d115500cfa3d5c4fae,,,,,1ba45869f075247dc9d4fdcaf2ef6b8b7d99e402e103dae58aae2047f3d4e8bf,UNRESOLVED_LEGACY_CODE,UNRESOLVED
dgraphfin,node_classification,isolated_inductive,graphsage,7,fold0,BLOCKED_BASE_ARTIFACT,INDEX_REFERENCED_FILE_MISSING,CANONICAL_PREDICTION_PATH_MISSING;INDEXED_SOURCE_ARCHIVE_MISSING,c4780dbea74455d7463dde6dce6b1a39bcf2eae5fe736a492fc570abb1657b05,,,,,9ff83529acf18a9128ee8ef0ce4c80c738c6346f08a229acc0bc6d38d0896e44,UNRESOLVED_LEGACY_CODE,UNRESOLVED
dgraphfin,node_classification,isolated_inductive,graphsage,8,fold0,BLOCKED_BASE_ARTIFACT,INDEX_REFERENCED_FILE_MISSING,CANONICAL_PREDICTION_PATH_MISSING;INDEXED_SOURCE_ARCHIVE_MISSING,78c61514ab922baeb77b705937fd789c50bc8e7878871b3bcfb555d0c4d1ba8e,,,,,1ba45869f075247dc9d4fdcaf2ef6b8b7d99e402e103dae58aae2047f3d4e8bf,UNRESOLVED_LEGACY_CODE,UNRESOLVED
dgraphfin,node_classification,isolated_inductive,graphsage,9,fold0,BLOCKED_BASE_ARTIFACT,INDEX_REFERENCED_FILE_MISSING,CANONICAL_PREDICTION_PATH_MISSING;INDEXED_SOURCE_ARCHIVE_MISSING,29307ef756a1467dacd386c2b88b936aea3c5186b2af4de3c96975a2fcc5ed9d,,,,,9ff83529acf18a9128ee8ef0ce4c80c738c6346f08a229acc0bc6d38d0896e44,UNRESOLVED_LEGACY_CODE,UNRESOLVED
dgraphfin,node_classification,isolated_inductive,graphsage,10,fold0,BLOCKED_BASE_ARTIFACT,INDEX_REFERENCED_FILE_MISSING,CANONICAL_PREDICTION_PATH_MISSING;INDEXED_SOURCE_ARCHIVE_MISSING,88fa06d425fc7c18ed1b96a6c89a5c2bea42bec44c7d90f6f6889ccf26cf36de,,,,,1ba45869f075247dc9d4fdcaf2ef6b8b7d99e402e103dae58aae2047f3d4e8bf,UNRESOLVED_LEGACY_CODE,UNRESOLVED
dgraphfin,node_classification,strict_inductive,feature_mlp,1,fold0,BLOCKED_BASE_ARTIFACT,INDEX_REFERENCED_FILE_MISSING,CANONICAL_PREDICTION_PATH_MISSING;INDEXED_SOURCE_ARCHIVE_MISSING,52685c12e4917f7a80b31307cafaa6e3ad42bc7953f4f322d6cd0517eac808ff,,,,,43e695161bf9a482fdf43850a31aa1c0072b9a8add0b082a0f39c6a36110c3ac,UNRESOLVED_LEGACY_CODE,UNRESOLVED
dgraphfin,node_classification,strict_inductive,feature_mlp,2,fold0,BLOCKED_BASE_ARTIFACT,INDEX_REFERENCED_FILE_MISSING,CANONICAL_PREDICTION_PATH_MISSING;INDEXED_SOURCE_ARCHIVE_MISSING,3f8626ebf4031fe19be3063461490c3e227395b6372777b7053468d5f9b04edb,,,,,7cd33aba43c112cc69e7ba19aacbf24515cb670b4ab7099ef66f0d404aadfa2a,UNRESOLVED_LEGACY_CODE,UNRESOLVED
dgraphfin,node_classification,strict_inductive,feature_mlp,3,fold0,BLOCKED_BASE_ARTIFACT,INDEX_REFERENCED_FILE_MISSING,CANONICAL_PREDICTION_PATH_MISSING;INDEXED_SOURCE_ARCHIVE_MISSING,7b4d450599ad9dc6734c6f1c1f1f5234d942db04fc4c2292420760ef83d76f9a,,,,,43e695161bf9a482fdf43850a31aa1c0072b9a8add0b082a0f39c6a36110c3ac,UNRESOLVED_LEGACY_CODE,UNRESOLVED
dgraphfin,node_classification,strict_inductive,feature_mlp,4,fold0,BLOCKED_BASE_ARTIFACT,INDEX_REFERENCED_FILE_MISSING,CANONICAL_PREDICTION_PATH_MISSING;INDEXED_SOURCE_ARCHIVE_MISSING,13dd60fdcac4eb5d35fb765cb01e25e7fe279c289a7d6e9a52f5f7f0ad7990c2,,,,,7cd33aba43c112cc69e7ba19aacbf24515cb670b4ab7099ef66f0d404aadfa2a,UNRESOLVED_LEGACY_CODE,UNRESOLVED
dgraphfin,node_classification,strict_inductive,feature_mlp,5,fold0,BLOCKED_BASE_ARTIFACT,INDEX_REFERENCED_FILE_MISSING,CANONICAL_PREDICTION_PATH_MISSING;INDEXED_SOURCE_ARCHIVE_MISSING,00a4ba89d4ee6f091cea901da90be475c7e8388c9cdca300ea3f81eaeb572071,,,,,43e695161bf9a482fdf43850a31aa1c0072b9a8add0b082a0f39c6a36110c3ac,UNRESOLVED_LEGACY_CODE,UNRESOLVED
dgraphfin,node_classification,strict_inductive,feature_mlp,6,fold0,BLOCKED_BASE_ARTIFACT,INDEX_REFERENCED_FILE_MISSING,CANONICAL_PREDICTION_PATH_MISSING;INDEXED_SOURCE_ARCHIVE_MISSING,e77d9298b1a98b90d5f1d588a9f205e0377da5cdca4636d1fe7b8979288158e7,,,,,7cd33aba43c112cc69e7ba19aacbf24515cb670b4ab7099ef66f0d404aadfa2a,UNRESOLVED_LEGACY_CODE,UNRESOLVED
dgraphfin,node_classification,strict_inductive,feature_mlp,7,fold0,BLOCKED_BASE_ARTIFACT,INDEX_REFERENCED_FILE_MISSING,CANONICAL_PREDICTION_PATH_MISSING;INDEXED_SOURCE_ARCHIVE_MISSING,6b7d63e7661ef7286f176f47f4b732e982367117f89416992a67bdecbabd2499,,,,,43e695161bf9a482fdf43850a31aa1c0072b9a8add0b082a0f39c6a36110c3ac,UNRESOLVED_LEGACY_CODE,UNRESOLVED
dgraphfin,node_classification,strict_inductive,feature_mlp,8,fold0,BLOCKED_BASE_ARTIFACT,INDEX_REFERENCED_FILE_MISSING,CANONICAL_PREDICTION_PATH_MISSING;INDEXED_SOURCE_ARCHIVE_MISSING,c966f96e03610916d4bd40ef9d67fc358b9049ed9aa6dc08a925b71717d4cf11,,,,,7cd33aba43c112cc69e7ba19aacbf24515cb670b4ab7099ef66f0d404aadfa2a,UNRESOLVED_LEGACY_CODE,UNRESOLVED
dgraphfin,node_classification,strict_inductive,feature_mlp,9,fold0,BLOCKED_BASE_ARTIFACT,INDEX_REFERENCED_FILE_MISSING,CANONICAL_PREDICTION_PATH_MISSING;INDEXED_SOURCE_ARCHIVE_MISSING,14b8fa46a1578c3a50a909eab6570615726270cff0c0b3fd446d963c0f30b3d4,,,,,43e695161bf9a482fdf43850a31aa1c0072b9a8add0b082a0f39c6a36110c3ac,UNRESOLVED_LEGACY_CODE,UNRESOLVED
dgraphfin,node_classification,strict_inductive,feature_mlp,10,fold0,BLOCKED_BASE_ARTIFACT,INDEX_REFERENCED_FILE_MISSING,CANONICAL_PREDICTION_PATH_MISSING;INDEXED_SOURCE_ARCHIVE_MISSING,47a18f3f93eef31ef9628c9183adcc32b12d5e8c96d9e6bfe63e094e5260d4f9,,,,,7cd33aba43c112cc69e7ba19aacbf24515cb670b4ab7099ef66f0d404aadfa2a,UNRESOLVED_LEGACY_CODE,UNRESOLVED
dgraphfin,node_classification,strict_inductive,gcn,1,fold0,BLOCKED_BASE_ARTIFACT,INDEX_REFERENCED_FILE_MISSING,CANONICAL_PREDICTION_PATH_MISSING;INDEXED_SOURCE_ARCHIVE_MISSING;UNVERIFIED_RAW_COORDINATE_CANDIDATES_NOT_ALIASED,c409978cc8e157cc7053250d8ed12ca6728b967118ddbb3c5abf8699d51957a7,,,,,43e695161bf9a482fdf43850a31aa1c0072b9a8add0b082a0f39c6a36110c3ac,UNRESOLVED_LEGACY_CODE,UNRESOLVED
dgraphfin,node_classification,strict_inductive,gcn,2,fold0,BLOCKED_BASE_ARTIFACT,INDEX_REFERENCED_FILE_MISSING,CANONICAL_PREDICTION_PATH_MISSING;INDEXED_SOURCE_ARCHIVE_MISSING;UNVERIFIED_RAW_COORDINATE_CANDIDATES_NOT_ALIASED,bd5ee45787b25eaa8e58278803fd8a33845c17b36748ea13fa99e94ab86c5064,,,,,7cd33aba43c112cc69e7ba19aacbf24515cb670b4ab7099ef66f0d404aadfa2a,UNRESOLVED_LEGACY_CODE,UNRESOLVED
dgraphfin,node_classification,strict_inductive,gcn,3,fold0,BLOCKED_BASE_ARTIFACT,INDEX_REFERENCED_FILE_MISSING,CANONICAL_PREDICTION_PATH_MISSING;INDEXED_SOURCE_ARCHIVE_MISSING;UNVERIFIED_RAW_COORDINATE_CANDIDATES_NOT_ALIASED,699f0ebe1389ac36857614b4c2bcf8a567db513bed3e05725da60c655767995c,,,,,43e695161bf9a482fdf43850a31aa1c0072b9a8add0b082a0f39c6a36110c3ac,UNRESOLVED_LEGACY_CODE,UNRESOLVED
dgraphfin,node_classification,strict_inductive,gcn,4,fold0,BLOCKED_BASE_ARTIFACT,INDEX_REFERENCED_FILE_MISSING,CANONICAL_PREDICTION_PATH_MISSING;INDEXED_SOURCE_ARCHIVE_MISSING,cf244b1b927f67b07d941b9bcc78f85a9105a1df0bf0b52cb0dc33f6f3ac8dd3,,,,,7cd33aba43c112cc69e7ba19aacbf24515cb670b4ab7099ef66f0d404aadfa2a,UNRESOLVED_LEGACY_CODE,UNRESOLVED
dgraphfin,node_classification,strict_inductive,gcn,5,fold0,BLOCKED_BASE_ARTIFACT,INDEX_REFERENCED_FILE_MISSING,CANONICAL_PREDICTION_PATH_MISSING;INDEXED_SOURCE_ARCHIVE_MISSING,e2d14d889b32a8a031cce73c3ec01b101132c9313004e3bca4d871080e066365,,,,,43e695161bf9a482fdf43850a31aa1c0072b9a8add0b082a0f39c6a36110c3ac,UNRESOLVED_LEGACY_CODE,UNRESOLVED
dgraphfin,node_classification,strict_inductive,gcn,6,fold0,BLOCKED_BASE_ARTIFACT,INDEX_REFERENCED_FILE_MISSING,CANONICAL_PREDICTION_PATH_MISSING;INDEXED_SOURCE_ARCHIVE_MISSING,87dfb374ec2ee90a9768ea0c7ee80a2989ba67cc4a30e403920ef6a20a263592,,,,,7cd33aba43c112cc69e7ba19aacbf24515cb670b4ab7099ef66f0d404aadfa2a,UNRESOLVED_LEGACY_CODE,UNRESOLVED
dgraphfin,node_classification,strict_inductive,gcn,7,fold0,BLOCKED_BASE_ARTIFACT,INDEX_REFERENCED_FILE_MISSING,CANONICAL_PREDICTION_PATH_MISSING;INDEXED_SOURCE_ARCHIVE_MISSING,1724d6b9a17c272fa2c30bf9b0b907021044c6e027c376596aef5fbdb6245053,,,,,43e695161bf9a482fdf43850a31aa1c0072b9a8add0b082a0f39c6a36110c3ac,UNRESOLVED_LEGACY_CODE,UNRESOLVED
dgraphfin,node_classification,strict_inductive,gcn,8,fold0,BLOCKED_BASE_ARTIFACT,INDEX_REFERENCED_FILE_MISSING,CANONICAL_PREDICTION_PATH_MISSING;INDEXED_SOURCE_ARCHIVE_MISSING,af851ff54993722304202e0647492bfa90cc696484622c66b5b42534cfdeb079,,,,,7cd33aba43c112cc69e7ba19aacbf24515cb670b4ab7099ef66f0d404aadfa2a,UNRESOLVED_LEGACY_CODE,UNRESOLVED
dgraphfin,node_classification,strict_inductive,gcn,9,fold0,BLOCKED_BASE_ARTIFACT,INDEX_REFERENCED_FILE_MISSING,CANONICAL_PREDICTION_PATH_MISSING;INDEXED_SOURCE_ARCHIVE_MISSING,77641ed7a474c6b657565f2ba88b2b4772cceab852461b9c97cd7fe57aac4113,,,,,43e695161bf9a482fdf43850a31aa1c0072b9a8add0b082a0f39c6a36110c3ac,UNRESOLVED_LEGACY_CODE,UNRESOLVED
dgraphfin,node_classification,strict_inductive,gcn,10,fold0,BLOCKED_BASE_ARTIFACT,INDEX_REFERENCED_FILE_MISSING,CANONICAL_PREDICTION_PATH_MISSING;INDEXED_SOURCE_ARCHIVE_MISSING,136845af308a5d8e3536bbf9055ba521235a07610c15f58056f8b32c39057377,,,,,7cd33aba43c112cc69e7ba19aacbf24515cb670b4ab7099ef66f0d404aadfa2a,UNRESOLVED_LEGACY_CODE,UNRESOLVED
dgraphfin,node_classification,strict_inductive,graphsage,1,fold0,BLOCKED_BASE_ARTIFACT,INDEX_REFERENCED_FILE_MISSING,CANONICAL_PREDICTION_PATH_MISSING;INDEXED_SOURCE_ARCHIVE_MISSING,e5e5e60cff19b872e27cad3484b19f4bf0814d56c47c414751caa3f3f5ba387c,,,,,43e695161bf9a482fdf43850a31aa1c0072b9a8add0b082a0f39c6a36110c3ac,UNRESOLVED_LEGACY_CODE,UNRESOLVED
dgraphfin,node_classification,strict_inductive,graphsage,2,fold0,BLOCKED_BASE_ARTIFACT,INDEX_REFERENCED_FILE_MISSING,CANONICAL_PREDICTION_PATH_MISSING;INDEXED_SOURCE_ARCHIVE_MISSING,66e853c90106b4f81363bfadbdc609f7d1d34b949618b75dd9bae22c1969c4e5,,,,,7cd33aba43c112cc69e7ba19aacbf24515cb670b4ab7099ef66f0d404aadfa2a,UNRESOLVED_LEGACY_CODE,UNRESOLVED
dgraphfin,node_classification,strict_inductive,graphsage,3,fold0,BLOCKED_BASE_ARTIFACT,INDEX_REFERENCED_FILE_MISSING,CANONICAL_PREDICTION_PATH_MISSING;INDEXED_SOURCE_ARCHIVE_MISSING,04a62f40212fc028ce05dfd1f8ea09b8cf59216c34fa0f0ca46d0d9d4ce61be0,,,,,43e695161bf9a482fdf43850a31aa1c0072b9a8add0b082a0f39c6a36110c3ac,UNRESOLVED_LEGACY_CODE,UNRESOLVED
dgraphfin,node_classification,strict_inductive,graphsage,4,fold0,BLOCKED_BASE_ARTIFACT,INDEX_REFERENCED_FILE_MISSING,CANONICAL_PREDICTION_PATH_MISSING;INDEXED_SOURCE_ARCHIVE_MISSING,6980525005315ec3c08e4dfab012b99d1eee2122b725d2ea2ecec1687522a5c0,,,,,7cd33aba43c112cc69e7ba19aacbf24515cb670b4ab7099ef66f0d404aadfa2a,UNRESOLVED_LEGACY_CODE,UNRESOLVED
dgraphfin,node_classification,strict_inductive,graphsage,5,fold0,BLOCKED_BASE_ARTIFACT,INDEX_REFERENCED_FILE_MISSING,CANONICAL_PREDICTION_PATH_MISSING;INDEXED_SOURCE_ARCHIVE_MISSING,b5702d342fa5bdbba06156bf6e1ea8b8d5665f07dd87cd0b7814a28ce7980fe2,,,,,43e695161bf9a482fdf43850a31aa1c0072b9a8add0b082a0f39c6a36110c3ac,UNRESOLVED_LEGACY_CODE,UNRESOLVED
dgraphfin,node_classification,strict_inductive,graphsage,6,fold0,BLOCKED_BASE_ARTIFACT,INDEX_REFERENCED_FILE_MISSING,CANONICAL_PREDICTION_PATH_MISSING;INDEXED_SOURCE_ARCHIVE_MISSING,2e8802ebf6b0081fc29d0c22b0051b5a4c2f35b2745d371099ae528b586680e1,,,,,7cd33aba43c112cc69e7ba19aacbf24515cb670b4ab7099ef66f0d404aadfa2a,UNRESOLVED_LEGACY_CODE,UNRESOLVED
dgraphfin,node_classification,strict_inductive,graphsage,7,fold0,BLOCKED_BASE_ARTIFACT,INDEX_REFERENCED_FILE_MISSING,CANONICAL_PREDICTION_PATH_MISSING;INDEXED_SOURCE_ARCHIVE_MISSING,371d24dedaed8f5aaa5666311f33003f96b21f062a06c250337cdbd105949891,,,,,43e695161bf9a482fdf43850a31aa1c0072b9a8add0b082a0f39c6a36110c3ac,UNRESOLVED_LEGACY_CODE,UNRESOLVED
dgraphfin,node_classification,strict_inductive,graphsage,8,fold0,BLOCKED_BASE_ARTIFACT,INDEX_REFERENCED_FILE_MISSING,CANONICAL_PREDICTION_PATH_MISSING;INDEXED_SOURCE_ARCHIVE_MISSING,0b186a0be25b5ec4959d64fd53b3ed52e8891bf60f410da725a164464327432f,,,,,7cd33aba43c112cc69e7ba19aacbf24515cb670b4ab7099ef66f0d404aadfa2a,UNRESOLVED_LEGACY_CODE,UNRESOLVED
dgraphfin,node_classification,strict_inductive,graphsage,9,fold0,BLOCKED_BASE_ARTIFACT,INDEX_REFERENCED_FILE_MISSING,CANONICAL_PREDICTION_PATH_MISSING;INDEXED_SOURCE_ARCHIVE_MISSING,72f8da5a4ef491f867cc529f61f2cb9853b3ca742663509a022e9fc3b6f47c66,,,,,43e695161bf9a482fdf43850a31aa1c0072b9a8add0b082a0f39c6a36110c3ac,UNRESOLVED_LEGACY_CODE,UNRESOLVED
dgraphfin,node_classification,strict_inductive,graphsage,10,fold0,BLOCKED_BASE_ARTIFACT,INDEX_REFERENCED_FILE_MISSING,CANONICAL_PREDICTION_PATH_MISSING;INDEXED_SOURCE_ARCHIVE_MISSING,a5d844b3cf5780bdbbf5415fcff227b126057dd172171110cc2b98486df0a0f7,,,,,7cd33aba43c112cc69e7ba19aacbf24515cb670b4ab7099ef66f0d404aadfa2a,UNRESOLVED_LEGACY_CODE,UNRESOLVED
dgraphfin,node_classification,transductive_structure,feature_mlp,1,fold0,BLOCKED_BASE_ARTIFACT,INDEX_REFERENCED_FILE_MISSING,CANONICAL_PREDICTION_PATH_MISSING;INDEXED_SOURCE_ARCHIVE_MISSING,eed58c3cebb40733db2d9ee011beefc10361600a92b63531401bd0c03acc3f64,,,,,038ce1d04bb65dadd4a084c4bfdcc7340c3922b54961b4f3d86af4b9ca5e9b84,UNRESOLVED_LEGACY_CODE,UNRESOLVED
dgraphfin,node_classification,transductive_structure,feature_mlp,2,fold0,BLOCKED_BASE_ARTIFACT,INDEX_REFERENCED_FILE_MISSING,CANONICAL_PREDICTION_PATH_MISSING;INDEXED_SOURCE_ARCHIVE_MISSING,3250e3f29376680d3e4f213881bd0676a5a9dc7f61c486e47fb442c30775dfc3,,,,,cd937cc8596356df6b101d2b90a03884c640b030e42279298ae241328c5a2db9,UNRESOLVED_LEGACY_CODE,UNRESOLVED
dgraphfin,node_classification,transductive_structure,feature_mlp,3,fold0,BLOCKED_BASE_ARTIFACT,INDEX_REFERENCED_FILE_MISSING,CANONICAL_PREDICTION_PATH_MISSING;INDEXED_SOURCE_ARCHIVE_MISSING,72c3fdf4bbf51160ea29f63d9867a687ef0944742fc7a2cd965a53e2658063f8,,,,,038ce1d04bb65dadd4a084c4bfdcc7340c3922b54961b4f3d86af4b9ca5e9b84,UNRESOLVED_LEGACY_CODE,UNRESOLVED
dgraphfin,node_classification,transductive_structure,feature_mlp,4,fold0,BLOCKED_BASE_ARTIFACT,INDEX_REFERENCED_FILE_MISSING,CANONICAL_PREDICTION_PATH_MISSING;INDEXED_SOURCE_ARCHIVE_MISSING,34112f56c3d1d4f940ab02763b71f3d1fb7affdaf15b72acd66e38a4bb69901b,,,,,cd937cc8596356df6b101d2b90a03884c640b030e42279298ae241328c5a2db9,UNRESOLVED_LEGACY_CODE,UNRESOLVED
dgraphfin,node_classification,transductive_structure,feature_mlp,5,fold0,BLOCKED_BASE_ARTIFACT,INDEX_REFERENCED_FILE_MISSING,CANONICAL_PREDICTION_PATH_MISSING;INDEXED_SOURCE_ARCHIVE_MISSING,50d3faeb48be6e226d83e9fdabb8b6beb564bfd5a129da4d3e9ba12a20bca9a3,,,,,038ce1d04bb65dadd4a084c4bfdcc7340c3922b54961b4f3d86af4b9ca5e9b84,UNRESOLVED_LEGACY_CODE,UNRESOLVED
dgraphfin,node_classification,transductive_structure,feature_mlp,6,fold0,BLOCKED_BASE_ARTIFACT,INDEX_REFERENCED_FILE_MISSING,CANONICAL_PREDICTION_PATH_MISSING;INDEXED_SOURCE_ARCHIVE_MISSING,7d260762a2ef82545982e0458ff5f2a2fc11ada5a8fb769ff2c28bd88590332b,,,,,cd937cc8596356df6b101d2b90a03884c640b030e42279298ae241328c5a2db9,UNRESOLVED_LEGACY_CODE,UNRESOLVED
dgraphfin,node_classification,transductive_structure,feature_mlp,7,fold0,BLOCKED_BASE_ARTIFACT,INDEX_REFERENCED_FILE_MISSING,CANONICAL_PREDICTION_PATH_MISSING;INDEXED_SOURCE_ARCHIVE_MISSING,a0090dd11814bdda9d64f6faf6d92a8995220c0a67ef6b90afb521b30cfb4743,,,,,038ce1d04bb65dadd4a084c4bfdcc7340c3922b54961b4f3d86af4b9ca5e9b84,UNRESOLVED_LEGACY_CODE,UNRESOLVED
dgraphfin,node_classification,transductive_structure,feature_mlp,8,fold0,BLOCKED_BASE_ARTIFACT,INDEX_REFERENCED_FILE_MISSING,CANONICAL_PREDICTION_PATH_MISSING;INDEXED_SOURCE_ARCHIVE_MISSING,fac08da08fd89e0b0d2ef50272d1b7866503e0de38f9bc1614cff6fb7eb925b3,,,,,cd937cc8596356df6b101d2b90a03884c640b030e42279298ae241328c5a2db9,UNRESOLVED_LEGACY_CODE,UNRESOLVED
dgraphfin,node_classification,transductive_structure,feature_mlp,9,fold0,BLOCKED_BASE_ARTIFACT,INDEX_REFERENCED_FILE_MISSING,CANONICAL_PREDICTION_PATH_MISSING;INDEXED_SOURCE_ARCHIVE_MISSING,a4b7a938a4af8cd1b9149132876f89ec2efc20a8878c3d3a92c37c91d6a7943b,,,,,038ce1d04bb65dadd4a084c4bfdcc7340c3922b54961b4f3d86af4b9ca5e9b84,UNRESOLVED_LEGACY_CODE,UNRESOLVED
dgraphfin,node_classification,transductive_structure,feature_mlp,10,fold0,BLOCKED_BASE_ARTIFACT,INDEX_REFERENCED_FILE_MISSING,CANONICAL_PREDICTION_PATH_MISSING;INDEXED_SOURCE_ARCHIVE_MISSING,2dba41dd2ce583977274866dc563dc4a2c1e70802e8507db48ca76f43486f3aa,,,,,cd937cc8596356df6b101d2b90a03884c640b030e42279298ae241328c5a2db9,UNRESOLVED_LEGACY_CODE,UNRESOLVED
dgraphfin,node_classification,transductive_structure,gcn,1,fold0,BLOCKED_BASE_ARTIFACT,INDEX_REFERENCED_FILE_MISSING,CANONICAL_PREDICTION_PATH_MISSING;INDEXED_SOURCE_ARCHIVE_MISSING,5aae92d61737ddc2e75df663f8394ad244ad2f833d759179553e487a0a301514,,,,,038ce1d04bb65dadd4a084c4bfdcc7340c3922b54961b4f3d86af4b9ca5e9b84,UNRESOLVED_LEGACY_CODE,UNRESOLVED
dgraphfin,node_classification,transductive_structure,gcn,2,fold0,BLOCKED_BASE_ARTIFACT,INDEX_REFERENCED_FILE_MISSING,CANONICAL_PREDICTION_PATH_MISSING;INDEXED_SOURCE_ARCHIVE_MISSING,de2aab9f98695f2ccfd8a9f6f498c51050411336e8918b558d9ef75517df1fe3,,,,,cd937cc8596356df6b101d2b90a03884c640b030e42279298ae241328c5a2db9,UNRESOLVED_LEGACY_CODE,UNRESOLVED
dgraphfin,node_classification,transductive_structure,gcn,3,fold0,BLOCKED_BASE_ARTIFACT,INDEX_REFERENCED_FILE_MISSING,CANONICAL_PREDICTION_PATH_MISSING;INDEXED_SOURCE_ARCHIVE_MISSING,0481e6f3086b12fe0eb0b7dfd669e8360fe967e76c4da46361b2f91dcf1ea48e,,,,,038ce1d04bb65dadd4a084c4bfdcc7340c3922b54961b4f3d86af4b9ca5e9b84,UNRESOLVED_LEGACY_CODE,UNRESOLVED
dgraphfin,node_classification,transductive_structure,gcn,4,fold0,BLOCKED_BASE_ARTIFACT,INDEX_REFERENCED_FILE_MISSING,CANONICAL_PREDICTION_PATH_MISSING;INDEXED_SOURCE_ARCHIVE_MISSING,0348900de02583daf9eae3a7a8bd7895343e4946f81761e04d7c9290dced2cfe,,,,,cd937cc8596356df6b101d2b90a03884c640b030e42279298ae241328c5a2db9,UNRESOLVED_LEGACY_CODE,UNRESOLVED
dgraphfin,node_classification,transductive_structure,gcn,5,fold0,BLOCKED_BASE_ARTIFACT,INDEX_REFERENCED_FILE_MISSING,CANONICAL_PREDICTION_PATH_MISSING;INDEXED_SOURCE_ARCHIVE_MISSING,af56865e24d7d3f0daf03854b13c2f771e712b71cd65f6ea3cdd7c0d689418ec,,,,,038ce1d04bb65dadd4a084c4bfdcc7340c3922b54961b4f3d86af4b9ca5e9b84,UNRESOLVED_LEGACY_CODE,UNRESOLVED
dgraphfin,node_classification,transductive_structure,gcn,6,fold0,BLOCKED_BASE_ARTIFACT,INDEX_REFERENCED_FILE_MISSING,CANONICAL_PREDICTION_PATH_MISSING;INDEXED_SOURCE_ARCHIVE_MISSING,9e46c3736b86adf149ecd64d168cef2e0a69ab750920235ae24b7bb03ae87855,,,,,cd937cc8596356df6b101d2b90a03884c640b030e42279298ae241328c5a2db9,UNRESOLVED_LEGACY_CODE,UNRESOLVED
dgraphfin,node_classification,transductive_structure,gcn,7,fold0,BLOCKED_BASE_ARTIFACT,INDEX_REFERENCED_FILE_MISSING,CANONICAL_PREDICTION_PATH_MISSING;INDEXED_SOURCE_ARCHIVE_MISSING,9e8f97b640ccf396cf195a2983d00e81945acccf94ff5b861dcf7a970624f7e2,,,,,038ce1d04bb65dadd4a084c4bfdcc7340c3922b54961b4f3d86af4b9ca5e9b84,UNRESOLVED_LEGACY_CODE,UNRESOLVED
dgraphfin,node_classification,transductive_structure,gcn,8,fold0,BLOCKED_BASE_ARTIFACT,INDEX_REFERENCED_FILE_MISSING,CANONICAL_PREDICTION_PATH_MISSING;INDEXED_SOURCE_ARCHIVE_MISSING,68094eb4a9291572a347b166ec8f4b1995f2312ae337e6d3db942fe6d0bb5edb,,,,,cd937cc8596356df6b101d2b90a03884c640b030e42279298ae241328c5a2db9,UNRESOLVED_LEGACY_CODE,UNRESOLVED
dgraphfin,node_classification,transductive_structure,gcn,9,fold0,BLOCKED_BASE_ARTIFACT,INDEX_REFERENCED_FILE_MISSING,CANONICAL_PREDICTION_PATH_MISSING;INDEXED_SOURCE_ARCHIVE_MISSING,87fcdcc0771cbe23126f76b94031dc49887ce42fe4743ceb1b21e728d8415ac9,,,,,038ce1d04bb65dadd4a084c4bfdcc7340c3922b54961b4f3d86af4b9ca5e9b84,UNRESOLVED_LEGACY_CODE,UNRESOLVED
dgraphfin,node_classification,transductive_structure,gcn,10,fold0,BLOCKED_BASE_ARTIFACT,INDEX_REFERENCED_FILE_MISSING,CANONICAL_PREDICTION_PATH_MISSING;INDEXED_SOURCE_ARCHIVE_MISSING,0102af18030a075ac95d73c7effde3f764db57af2409883c8c2a1fc0c779e378,,,,,cd937cc8596356df6b101d2b90a03884c640b030e42279298ae241328c5a2db9,UNRESOLVED_LEGACY_CODE,UNRESOLVED
dgraphfin,node_classification,transductive_structure,graphsage,1,fold0,BLOCKED_BASE_ARTIFACT,INDEX_REFERENCED_FILE_MISSING,CANONICAL_PREDICTION_PATH_MISSING;INDEXED_SOURCE_ARCHIVE_MISSING,a3be05e87fe57d0c626586db103173d67105293a47cd32196c29cdeda68d7428,,,,,038ce1d04bb65dadd4a084c4bfdcc7340c3922b54961b4f3d86af4b9ca5e9b84,UNRESOLVED_LEGACY_CODE,UNRESOLVED
dgraphfin,node_classification,transductive_structure,graphsage,2,fold0,BLOCKED_BASE_ARTIFACT,INDEX_REFERENCED_FILE_MISSING,CANONICAL_PREDICTION_PATH_MISSING;INDEXED_SOURCE_ARCHIVE_MISSING,d62648597292da1a76d55488f67e8fbaf6f87f0c404a643984a256903e29fef1,,,,,cd937cc8596356df6b101d2b90a03884c640b030e42279298ae241328c5a2db9,UNRESOLVED_LEGACY_CODE,UNRESOLVED
dgraphfin,node_classification,transductive_structure,graphsage,3,fold0,BLOCKED_BASE_ARTIFACT,INDEX_REFERENCED_FILE_MISSING,CANONICAL_PREDICTION_PATH_MISSING;INDEXED_SOURCE_ARCHIVE_MISSING,73f3a4c6225ca4ec13d271c3019eaf7eae1775332d8616bcd133849edd6e5d6e,,,,,038ce1d04bb65dadd4a084c4bfdcc7340c3922b54961b4f3d86af4b9ca5e9b84,UNRESOLVED_LEGACY_CODE,UNRESOLVED
dgraphfin,node_classification,transductive_structure,graphsage,4,fold0,BLOCKED_BASE_ARTIFACT,INDEX_REFERENCED_FILE_MISSING,CANONICAL_PREDICTION_PATH_MISSING;INDEXED_SOURCE_ARCHIVE_MISSING,74a1dd5ebaddb6b540a28bf8100978d40a26537a6398db7acbbb7a7b9d9d106a,,,,,cd937cc8596356df6b101d2b90a03884c640b030e42279298ae241328c5a2db9,UNRESOLVED_LEGACY_CODE,UNRESOLVED
dgraphfin,node_classification,transductive_structure,graphsage,5,fold0,BLOCKED_BASE_ARTIFACT,INDEX_REFERENCED_FILE_MISSING,CANONICAL_PREDICTION_PATH_MISSING;INDEXED_SOURCE_ARCHIVE_MISSING,728d1a268b3c6eef3ffbd8fca6fbac54786072c8d59f0b1e044378cb48a6c6e3,,,,,038ce1d04bb65dadd4a084c4bfdcc7340c3922b54961b4f3d86af4b9ca5e9b84,UNRESOLVED_LEGACY_CODE,UNRESOLVED
dgraphfin,node_classification,transductive_structure,graphsage,6,fold0,BLOCKED_BASE_ARTIFACT,INDEX_REFERENCED_FILE_MISSING,CANONICAL_PREDICTION_PATH_MISSING;INDEXED_SOURCE_ARCHIVE_MISSING,407a7360eb3441fdc5281d687a7cdca38ae81cb2c28fb2f479f6d9b8cb0e64a0,,,,,cd937cc8596356df6b101d2b90a03884c640b030e42279298ae241328c5a2db9,UNRESOLVED_LEGACY_CODE,UNRESOLVED
dgraphfin,node_classification,transductive_structure,graphsage,7,fold0,BLOCKED_BASE_ARTIFACT,INDEX_REFERENCED_FILE_MISSING,CANONICAL_PREDICTION_PATH_MISSING;INDEXED_SOURCE_ARCHIVE_MISSING,59c7550c6119364fe789dbe093501b3d459df4865465e00519d311ae07a0d3d7,,,,,038ce1d04bb65dadd4a084c4bfdcc7340c3922b54961b4f3d86af4b9ca5e9b84,UNRESOLVED_LEGACY_CODE,UNRESOLVED
dgraphfin,node_classification,transductive_structure,graphsage,8,fold0,BLOCKED_BASE_ARTIFACT,INDEX_REFERENCED_FILE_MISSING,CANONICAL_PREDICTION_PATH_MISSING;INDEXED_SOURCE_ARCHIVE_MISSING,dfb1b241d3cb1565d89d02cb35aaaaa8053eda073933cc34247d928142e9f047,,,,,cd937cc8596356df6b101d2b90a03884c640b030e42279298ae241328c5a2db9,UNRESOLVED_LEGACY_CODE,UNRESOLVED
dgraphfin,node_classification,transductive_structure,graphsage,9,fold0,BLOCKED_BASE_ARTIFACT,INDEX_REFERENCED_FILE_MISSING,CANONICAL_PREDICTION_PATH_MISSING;INDEXED_SOURCE_ARCHIVE_MISSING,10495742df1aaf11158b31ff4b774840704ec03f376a1d33bce2695183024871,,,,,038ce1d04bb65dadd4a084c4bfdcc7340c3922b54961b4f3d86af4b9ca5e9b84,UNRESOLVED_LEGACY_CODE,UNRESOLVED
dgraphfin,node_classification,transductive_structure,graphsage,10,fold0,BLOCKED_BASE_ARTIFACT,INDEX_REFERENCED_FILE_MISSING,CANONICAL_PREDICTION_PATH_MISSING;INDEXED_SOURCE_ARCHIVE_MISSING,c556d3a94d4190b27c05502e5931d1900a3192ad1b032ae88d5bf6bae8489e12,,,,,cd937cc8596356df6b101d2b90a03884c640b030e42279298ae241328c5a2db9,UNRESOLVED_LEGACY_CODE,UNRESOLVED
elliptic,node_classification,isolated_inductive,feature_mlp,1,fold0,BLOCKED_BASE_ARTIFACT,INDEX_REFERENCED_FILE_MISSING,CANONICAL_PREDICTION_PATH_MISSING;INDEXED_SOURCE_ARCHIVE_MISSING;UNVERIFIED_RAW_COORDINATE_CANDIDATES_NOT_ALIASED,16e17eec69eaa232e7f5439ec0cba60d3d2365b1ab4d0580e54b697b1fabfe18,,,,,da4e03324bc62b70e54bb53a2641d391dcd93a33dee316df5860bbbcd1821758,UNRESOLVED_LEGACY_CODE,UNRESOLVED
elliptic,node_classification,isolated_inductive,feature_mlp,2,fold0,BLOCKED_BASE_ARTIFACT,INDEX_REFERENCED_FILE_MISSING,CANONICAL_PREDICTION_PATH_MISSING;INDEXED_SOURCE_ARCHIVE_MISSING;UNVERIFIED_RAW_COORDINATE_CANDIDATES_NOT_ALIASED,836c12477430d8fedb66454cf5f84257bb28b5705df62ea245e6c45005070268,,,,,b65f86b2e6f7bde995d5529b122d0e16dd4eea587222d6101d28b7e11ea1f72b,UNRESOLVED_LEGACY_CODE,UNRESOLVED
elliptic,node_classification,isolated_inductive,feature_mlp,3,fold0,BLOCKED_BASE_ARTIFACT,INDEX_REFERENCED_FILE_MISSING,CANONICAL_PREDICTION_PATH_MISSING;INDEXED_SOURCE_ARCHIVE_MISSING;UNVERIFIED_RAW_COORDINATE_CANDIDATES_NOT_ALIASED,f95bb21b049e142f7d6730166d9ae53ea64b11c3a76ed2124da3b7113407cfa2,,,,,da4e03324bc62b70e54bb53a2641d391dcd93a33dee316df5860bbbcd1821758,UNRESOLVED_LEGACY_CODE,UNRESOLVED
elliptic,node_classification,isolated_inductive,feature_mlp,4,fold0,BLOCKED_BASE_ARTIFACT,INDEX_REFERENCED_FILE_MISSING,CANONICAL_PREDICTION_PATH_MISSING;INDEXED_SOURCE_ARCHIVE_MISSING;UNVERIFIED_RAW_COORDINATE_CANDIDATES_NOT_ALIASED,64792b5062ada49f3b8b8e728db96160a75d43fb3b7b4935055e7df68b95f4dd,,,,,b65f86b2e6f7bde995d5529b122d0e16dd4eea587222d6101d28b7e11ea1f72b,UNRESOLVED_LEGACY_CODE,UNRESOLVED
elliptic,node_classification,isolated_inductive,feature_mlp,5,fold0,BLOCKED_BASE_ARTIFACT,INDEX_REFERENCED_FILE_MISSING,CANONICAL_PREDICTION_PATH_MISSING;INDEXED_SOURCE_ARCHIVE_MISSING;UNVERIFIED_RAW_COORDINATE_CANDIDATES_NOT_ALIASED,7cc7513eaef30ea87190177bdf1b70ad196fb96544239b1d30ab28363fd06c7b,,,,,da4e03324bc62b70e54bb53a2641d391dcd93a33dee316df5860bbbcd1821758,UNRESOLVED_LEGACY_CODE,UNRESOLVED
elliptic,node_classification,isolated_inductive,feature_mlp,6,fold0,BLOCKED_BASE_ARTIFACT,INDEX_REFERENCED_FILE_MISSING,CANONICAL_PREDICTION_PATH_MISSING;INDEXED_SOURCE_ARCHIVE_MISSING,4efc48eb5954dfbf1ddf316c20830251bbe3c592f1d6c0a5807b6c4617f73af4,,,,,b65f86b2e6f7bde995d5529b122d0e16dd4eea587222d6101d28b7e11ea1f72b,UNRESOLVED_LEGACY_CODE,UNRESOLVED
elliptic,node_classification,isolated_inductive,feature_mlp,7,fold0,BLOCKED_BASE_ARTIFACT,INDEX_REFERENCED_FILE_MISSING,CANONICAL_PREDICTION_PATH_MISSING;INDEXED_SOURCE_ARCHIVE_MISSING,c6e3f6cbde68d1eda200a072ac4237435ab48efa1ad177d3a9a52c28528fe345,,,,,da4e03324bc62b70e54bb53a2641d391dcd93a33dee316df5860bbbcd1821758,UNRESOLVED_LEGACY_CODE,UNRESOLVED
elliptic,node_classification,isolated_inductive,feature_mlp,8,fold0,BLOCKED_BASE_ARTIFACT,INDEX_REFERENCED_FILE_MISSING,CANONICAL_PREDICTION_PATH_MISSING;INDEXED_SOURCE_ARCHIVE_MISSING,6e9af7eb01976836967169ec25229405f1f9b6b8ef36f157eba22aaf53b108d3,,,,,b65f86b2e6f7bde995d5529b122d0e16dd4eea587222d6101d28b7e11ea1f72b,UNRESOLVED_LEGACY_CODE,UNRESOLVED
elliptic,node_classification,isolated_inductive,feature_mlp,9,fold0,BLOCKED_BASE_ARTIFACT,INDEX_REFERENCED_FILE_MISSING,CANONICAL_PREDICTION_PATH_MISSING;INDEXED_SOURCE_ARCHIVE_MISSING,b76db7cec17279d247e8ea5ae4723a9a644e92d95cc99c6bee284aefd4d9dcd8,,,,,da4e03324bc62b70e54bb53a2641d391dcd93a33dee316df5860bbbcd1821758,UNRESOLVED_LEGACY_CODE,UNRESOLVED
elliptic,node_classification,isolated_inductive,feature_mlp,10,fold0,BLOCKED_BASE_ARTIFACT,INDEX_REFERENCED_FILE_MISSING,CANONICAL_PREDICTION_PATH_MISSING;INDEXED_SOURCE_ARCHIVE_MISSING,bb50acba9e26ad852938e16192b27ead0a9b2a064e1fd9bfda108bc39f0048cd,,,,,b65f86b2e6f7bde995d5529b122d0e16dd4eea587222d6101d28b7e11ea1f72b,UNRESOLVED_LEGACY_CODE,UNRESOLVED
elliptic,node_classification,isolated_inductive,gcn,1,fold0,BLOCKED_BASE_ARTIFACT,INDEX_REFERENCED_FILE_MISSING,CANONICAL_PREDICTION_PATH_MISSING;INDEXED_SOURCE_ARCHIVE_MISSING;UNVERIFIED_RAW_COORDINATE_CANDIDATES_NOT_ALIASED,ee029153ccd0bc11672eea2f662e6e9a107791bb66a92b8b669d0f379be8f1ce,,,,,da4e03324bc62b70e54bb53a2641d391dcd93a33dee316df5860bbbcd1821758,UNRESOLVED_LEGACY_CODE,UNRESOLVED
elliptic,node_classification,isolated_inductive,gcn,2,fold0,BLOCKED_BASE_ARTIFACT,INDEX_REFERENCED_FILE_MISSING,CANONICAL_PREDICTION_PATH_MISSING;INDEXED_SOURCE_ARCHIVE_MISSING;UNVERIFIED_RAW_COORDINATE_CANDIDATES_NOT_ALIASED,f8d4c65af1571a7197340c48c7a7b68abb14f322552a436dd4c57819a1e018fc,,,,,b65f86b2e6f7bde995d5529b122d0e16dd4eea587222d6101d28b7e11ea1f72b,UNRESOLVED_LEGACY_CODE,UNRESOLVED
elliptic,node_classification,isolated_inductive,gcn,3,fold0,BLOCKED_BASE_ARTIFACT,INDEX_REFERENCED_FILE_MISSING,CANONICAL_PREDICTION_PATH_MISSING;INDEXED_SOURCE_ARCHIVE_MISSING,960fb930d657634e38cb91078ed64d107972340c874d2e287792f1a7a3732e6f,,,,,da4e03324bc62b70e54bb53a2641d391dcd93a33dee316df5860bbbcd1821758,UNRESOLVED_LEGACY_CODE,UNRESOLVED
elliptic,node_classification,isolated_inductive,gcn,4,fold0,BLOCKED_BASE_ARTIFACT,INDEX_REFERENCED_FILE_MISSING,CANONICAL_PREDICTION_PATH_MISSING;INDEXED_SOURCE_ARCHIVE_MISSING,92bbf278a2912b0f8bb26525d0153e99ad1298e4227b4be8770825557158e124,,,,,b65f86b2e6f7bde995d5529b122d0e16dd4eea587222d6101d28b7e11ea1f72b,UNRESOLVED_LEGACY_CODE,UNRESOLVED
elliptic,node_classification,isolated_inductive,gcn,5,fold0,BLOCKED_BASE_ARTIFACT,INDEX_REFERENCED_FILE_MISSING,CANONICAL_PREDICTION_PATH_MISSING;INDEXED_SOURCE_ARCHIVE_MISSING,fc8ebcab24e72c52e48fc0fc5040bf0913525e0211b12a5c848627a7c6a4fd30,,,,,da4e03324bc62b70e54bb53a2641d391dcd93a33dee316df5860bbbcd1821758,UNRESOLVED_LEGACY_CODE,UNRESOLVED
elliptic,node_classification,isolated_inductive,gcn,6,fold0,BLOCKED_BASE_ARTIFACT,INDEX_REFERENCED_FILE_MISSING,CANONICAL_PREDICTION_PATH_MISSING;INDEXED_SOURCE_ARCHIVE_MISSING,9bbecf623a1014267b04e8f962047d196ec38e46097cdfb8dd89a4d356304028,,,,,b65f86b2e6f7bde995d5529b122d0e16dd4eea587222d6101d28b7e11ea1f72b,UNRESOLVED_LEGACY_CODE,UNRESOLVED
elliptic,node_classification,isolated_inductive,gcn,7,fold0,BLOCKED_BASE_ARTIFACT,INDEX_REFERENCED_FILE_MISSING,CANONICAL_PREDICTION_PATH_MISSING;INDEXED_SOURCE_ARCHIVE_MISSING,0aa5c3704989735ce8ff0e6dc3e311746b1d9739d1e400cbce8cbe600711dbf9,,,,,da4e03324bc62b70e54bb53a2641d391dcd93a33dee316df5860bbbcd1821758,UNRESOLVED_LEGACY_CODE,UNRESOLVED
elliptic,node_classification,isolated_inductive,gcn,8,fold0,BLOCKED_BASE_ARTIFACT,INDEX_REFERENCED_FILE_MISSING,CANONICAL_PREDICTION_PATH_MISSING;INDEXED_SOURCE_ARCHIVE_MISSING,ca1436c560eb08fa7947b3d74fcc112a2f7332f1103cd41b8ca720c4fbed3ce6,,,,,b65f86b2e6f7bde995d5529b122d0e16dd4eea587222d6101d28b7e11ea1f72b,UNRESOLVED_LEGACY_CODE,UNRESOLVED
elliptic,node_classification,isolated_inductive,gcn,9,fold0,BLOCKED_BASE_ARTIFACT,INDEX_REFERENCED_FILE_MISSING,CANONICAL_PREDICTION_PATH_MISSING;INDEXED_SOURCE_ARCHIVE_MISSING,d0acde552bde3a867bfd77068cdb13a235bbe2eb3bedf2c91f4ff806ba16434a,,,,,da4e03324bc62b70e54bb53a2641d391dcd93a33dee316df5860bbbcd1821758,UNRESOLVED_LEGACY_CODE,UNRESOLVED
elliptic,node_classification,isolated_inductive,gcn,10,fold0,BLOCKED_BASE_ARTIFACT,INDEX_REFERENCED_FILE_MISSING,CANONICAL_PREDICTION_PATH_MISSING;INDEXED_SOURCE_ARCHIVE_MISSING,ee4833898e118c8e67ca508e7b6d1f134aa4a81019071e54795602d469ab3ea5,,,,,b65f86b2e6f7bde995d5529b122d0e16dd4eea587222d6101d28b7e11ea1f72b,UNRESOLVED_LEGACY_CODE,UNRESOLVED
elliptic,node_classification,isolated_inductive,graphsage,1,fold0,BLOCKED_BASE_ARTIFACT,INDEX_REFERENCED_FILE_MISSING,CANONICAL_PREDICTION_PATH_MISSING;INDEXED_SOURCE_ARCHIVE_MISSING;UNVERIFIED_RAW_COORDINATE_CANDIDATES_NOT_ALIASED,0aef2b2e82ceb2d0c5eebe81d8ce5e60981051072d72a511f65518d4ffaeab3f,,,,,da4e03324bc62b70e54bb53a2641d391dcd93a33dee316df5860bbbcd1821758,UNRESOLVED_LEGACY_CODE,UNRESOLVED
elliptic,node_classification,isolated_inductive,graphsage,2,fold0,BLOCKED_BASE_ARTIFACT,INDEX_REFERENCED_FILE_MISSING,CANONICAL_PREDICTION_PATH_MISSING;INDEXED_SOURCE_ARCHIVE_MISSING;UNVERIFIED_RAW_COORDINATE_CANDIDATES_NOT_ALIASED,7942161b606b38cad5c6684f3412d7169bef94000311037aad02c2c6ba3f0175,,,,,b65f86b2e6f7bde995d5529b122d0e16dd4eea587222d6101d28b7e11ea1f72b,UNRESOLVED_LEGACY_CODE,UNRESOLVED
elliptic,node_classification,isolated_inductive,graphsage,3,fold0,BLOCKED_BASE_ARTIFACT,INDEX_REFERENCED_FILE_MISSING,CANONICAL_PREDICTION_PATH_MISSING;INDEXED_SOURCE_ARCHIVE_MISSING;UNVERIFIED_RAW_COORDINATE_CANDIDATES_NOT_ALIASED,7a08ffcd64d7582fe380616b1911635c90a7d9df60af400a7c453812d3792f7e,,,,,da4e03324bc62b70e54bb53a2641d391dcd93a33dee316df5860bbbcd1821758,UNRESOLVED_LEGACY_CODE,UNRESOLVED
elliptic,node_classification,isolated_inductive,graphsage,4,fold0,BLOCKED_BASE_ARTIFACT,INDEX_REFERENCED_FILE_MISSING,CANONICAL_PREDICTION_PATH_MISSING;INDEXED_SOURCE_ARCHIVE_MISSING;UNVERIFIED_RAW_COORDINATE_CANDIDATES_NOT_ALIASED,530a58845e8bb3bea44f136ace941f014a43a81dcb879a88505fba898b002c45,,,,,b65f86b2e6f7bde995d5529b122d0e16dd4eea587222d6101d28b7e11ea1f72b,UNRESOLVED_LEGACY_CODE,UNRESOLVED
elliptic,node_classification,isolated_inductive,graphsage,5,fold0,BLOCKED_BASE_ARTIFACT,INDEX_REFERENCED_FILE_MISSING,CANONICAL_PREDICTION_PATH_MISSING;INDEXED_SOURCE_ARCHIVE_MISSING;UNVERIFIED_RAW_COORDINATE_CANDIDATES_NOT_ALIASED,9c6359637b832d135773cd2eb758bbd4629e7b2b24194bdc6fc8508b8c582ff5,,,,,da4e03324bc62b70e54bb53a2641d391dcd93a33dee316df5860bbbcd1821758,UNRESOLVED_LEGACY_CODE,UNRESOLVED
elliptic,node_classification,isolated_inductive,graphsage,6,fold0,BLOCKED_BASE_ARTIFACT,INDEX_REFERENCED_FILE_MISSING,CANONICAL_PREDICTION_PATH_MISSING;INDEXED_SOURCE_ARCHIVE_MISSING,183635a5912e6f32b5628c7fd95e8014cbf3e26f2ad3de64abaad3bc82f8f183,,,,,b65f86b2e6f7bde995d5529b122d0e16dd4eea587222d6101d28b7e11ea1f72b,UNRESOLVED_LEGACY_CODE,UNRESOLVED
elliptic,node_classification,isolated_inductive,graphsage,7,fold0,BLOCKED_BASE_ARTIFACT,INDEX_REFERENCED_FILE_MISSING,CANONICAL_PREDICTION_PATH_MISSING;INDEXED_SOURCE_ARCHIVE_MISSING,ca0e2769d397b7a6f21345517073a8edcc824b6a8ca6ade0b217dd98830ea235,,,,,da4e03324bc62b70e54bb53a2641d391dcd93a33dee316df5860bbbcd1821758,UNRESOLVED_LEGACY_CODE,UNRESOLVED
elliptic,node_classification,isolated_inductive,graphsage,8,fold0,BLOCKED_BASE_ARTIFACT,INDEX_REFERENCED_FILE_MISSING,CANONICAL_PREDICTION_PATH_MISSING;INDEXED_SOURCE_ARCHIVE_MISSING,e69f98f51516ca8fdad5d8c15ab11e78a9fb9dda3cf79de5de2d75731d7f66c4,,,,,b65f86b2e6f7bde995d5529b122d0e16dd4eea587222d6101d28b7e11ea1f72b,UNRESOLVED_LEGACY_CODE,UNRESOLVED
elliptic,node_classification,isolated_inductive,graphsage,9,fold0,BLOCKED_BASE_ARTIFACT,INDEX_REFERENCED_FILE_MISSING,CANONICAL_PREDICTION_PATH_MISSING;INDEXED_SOURCE_ARCHIVE_MISSING,60da44482946090779f942dc8f2420923fc0b0afc1139039f4ada8192d1ffcb8,,,,,da4e03324bc62b70e54bb53a2641d391dcd93a33dee316df5860bbbcd1821758,UNRESOLVED_LEGACY_CODE,UNRESOLVED
elliptic,node_classification,isolated_inductive,graphsage,10,fold0,BLOCKED_BASE_ARTIFACT,INDEX_REFERENCED_FILE_MISSING,CANONICAL_PREDICTION_PATH_MISSING;INDEXED_SOURCE_ARCHIVE_MISSING,4e4e80410c602cbfbbf969b8c656227907b15e195496d638bfc77e21560e47b2,,,,,b65f86b2e6f7bde995d5529b122d0e16dd4eea587222d6101d28b7e11ea1f72b,UNRESOLVED_LEGACY_CODE,UNRESOLVED
elliptic,node_classification,strict_inductive,feature_mlp,1,fold0,BLOCKED_BASE_ARTIFACT,INDEX_REFERENCED_FILE_MISSING,CANONICAL_PREDICTION_PATH_MISSING;INDEXED_SOURCE_ARCHIVE_MISSING;UNVERIFIED_RAW_COORDINATE_CANDIDATES_NOT_ALIASED,7dcfe709dd044b65932327804556541b6dc1a6cab2d68ebb2cd6842d66dccec8,,,,,5ec4bb160e75b47f8937b3dde8f72e9157e8cbe54442e469d0e9b00876142bdb,UNRESOLVED_LEGACY_CODE,UNRESOLVED
elliptic,node_classification,strict_inductive,feature_mlp,2,fold0,BLOCKED_BASE_ARTIFACT,INDEX_REFERENCED_FILE_MISSING,CANONICAL_PREDICTION_PATH_MISSING;INDEXED_SOURCE_ARCHIVE_MISSING;UNVERIFIED_RAW_COORDINATE_CANDIDATES_NOT_ALIASED,ea69dac0012c9481a31ef6f8dc512df9990143fc83e3d5f00ff0053a5cafd0fb,,,,,6930b65733193b866c727848ec94808105e734a5963c4b1bd0f10d636bcb04ca,UNRESOLVED_LEGACY_CODE,UNRESOLVED
elliptic,node_classification,strict_inductive,feature_mlp,3,fold0,BLOCKED_BASE_ARTIFACT,INDEX_REFERENCED_FILE_MISSING,CANONICAL_PREDICTION_PATH_MISSING;INDEXED_SOURCE_ARCHIVE_MISSING;UNVERIFIED_RAW_COORDINATE_CANDIDATES_NOT_ALIASED,cb261392c80665327080dffe40feb95c8755e7b598042d512362540cf4738d04,,,,,5ec4bb160e75b47f8937b3dde8f72e9157e8cbe54442e469d0e9b00876142bdb,UNRESOLVED_LEGACY_CODE,UNRESOLVED
elliptic,node_classification,strict_inductive,feature_mlp,4,fold0,BLOCKED_BASE_ARTIFACT,INDEX_REFERENCED_FILE_MISSING,CANONICAL_PREDICTION_PATH_MISSING;INDEXED_SOURCE_ARCHIVE_MISSING;UNVERIFIED_RAW_COORDINATE_CANDIDATES_NOT_ALIASED,8d7d67f9dd8cb9556ce3bfeabc9e654a342055d11d6558b195253916185bed0a,,,,,6930b65733193b866c727848ec94808105e734a5963c4b1bd0f10d636bcb04ca,UNRESOLVED_LEGACY_CODE,UNRESOLVED
elliptic,node_classification,strict_inductive,feature_mlp,5,fold0,BLOCKED_BASE_ARTIFACT,INDEX_REFERENCED_FILE_MISSING,CANONICAL_PREDICTION_PATH_MISSING;INDEXED_SOURCE_ARCHIVE_MISSING;UNVERIFIED_RAW_COORDINATE_CANDIDATES_NOT_ALIASED,b76a0a629899e7e024469f79a5303ca819a6d748072ac5f3fdab0216ea11e35f,,,,,5ec4bb160e75b47f8937b3dde8f72e9157e8cbe54442e469d0e9b00876142bdb,UNRESOLVED_LEGACY_CODE,UNRESOLVED
elliptic,node_classification,strict_inductive,feature_mlp,6,fold0,BLOCKED_BASE_ARTIFACT,INDEX_REFERENCED_FILE_MISSING,CANONICAL_PREDICTION_PATH_MISSING;INDEXED_SOURCE_ARCHIVE_MISSING;UNVERIFIED_RAW_COORDINATE_CANDIDATES_NOT_ALIASED,5f07e52e3369933ff796d4291649444b15bf4ef64792c46e0e6687afd83d1623,,,,,6930b65733193b866c727848ec94808105e734a5963c4b1bd0f10d636bcb04ca,UNRESOLVED_LEGACY_CODE,UNRESOLVED
elliptic,node_classification,strict_inductive,feature_mlp,7,fold0,BLOCKED_BASE_ARTIFACT,INDEX_REFERENCED_FILE_MISSING,CANONICAL_PREDICTION_PATH_MISSING;INDEXED_SOURCE_ARCHIVE_MISSING;UNVERIFIED_RAW_COORDINATE_CANDIDATES_NOT_ALIASED,dae43e4a26bcde3a091f38e1d2065970e00cf8c1dfa8a588822f2d0ce0539e08,,,,,5ec4bb160e75b47f8937b3dde8f72e9157e8cbe54442e469d0e9b00876142bdb,UNRESOLVED_LEGACY_CODE,UNRESOLVED
elliptic,node_classification,strict_inductive,feature_mlp,8,fold0,BLOCKED_BASE_ARTIFACT,INDEX_REFERENCED_FILE_MISSING,CANONICAL_PREDICTION_PATH_MISSING;INDEXED_SOURCE_ARCHIVE_MISSING;UNVERIFIED_RAW_COORDINATE_CANDIDATES_NOT_ALIASED,f88fc8784787f54a41ce60eabba47e56430035ed39375c79e2f9bff6f3762020,,,,,6930b65733193b866c727848ec94808105e734a5963c4b1bd0f10d636bcb04ca,UNRESOLVED_LEGACY_CODE,UNRESOLVED
elliptic,node_classification,strict_inductive,feature_mlp,9,fold0,BLOCKED_BASE_ARTIFACT,INDEX_REFERENCED_FILE_MISSING,CANONICAL_PREDICTION_PATH_MISSING;INDEXED_SOURCE_ARCHIVE_MISSING;UNVERIFIED_RAW_COORDINATE_CANDIDATES_NOT_ALIASED,5fe7faaab6618fa32997e15b6bd7a509889f900a179fe7e3fd83e6fbee08b8ba,,,,,5ec4bb160e75b47f8937b3dde8f72e9157e8cbe54442e469d0e9b00876142bdb,UNRESOLVED_LEGACY_CODE,UNRESOLVED
elliptic,node_classification,strict_inductive,feature_mlp,10,fold0,BLOCKED_BASE_ARTIFACT,INDEX_REFERENCED_FILE_MISSING,CANONICAL_PREDICTION_PATH_MISSING;INDEXED_SOURCE_ARCHIVE_MISSING;UNVERIFIED_RAW_COORDINATE_CANDIDATES_NOT_ALIASED,7d1ebd9c2ae7bec283a826f45e454da28cff3912c9be7481f45bf8b8d5ac1185,,,,,6930b65733193b866c727848ec94808105e734a5963c4b1bd0f10d636bcb04ca,UNRESOLVED_LEGACY_CODE,UNRESOLVED
elliptic,node_classification,strict_inductive,gcn,1,fold0,BLOCKED_BASE_ARTIFACT,INDEX_REFERENCED_FILE_MISSING,CANONICAL_PREDICTION_PATH_MISSING;INDEXED_SOURCE_ARCHIVE_MISSING;UNVERIFIED_RAW_COORDINATE_CANDIDATES_NOT_ALIASED,7dbd3718c9680798ae3a179ef39b2b9fd59423fa1af71f26515894ba4562e649,,,,,5ec4bb160e75b47f8937b3dde8f72e9157e8cbe54442e469d0e9b00876142bdb,UNRESOLVED_LEGACY_CODE,UNRESOLVED
elliptic,node_classification,strict_inductive,gcn,2,fold0,BLOCKED_BASE_ARTIFACT,INDEX_REFERENCED_FILE_MISSING,CANONICAL_PREDICTION_PATH_MISSING;INDEXED_SOURCE_ARCHIVE_MISSING;UNVERIFIED_RAW_COORDINATE_CANDIDATES_NOT_ALIASED,e02570a0d493d604704523c99c7e7d4a4b5b9802c2773b69b94bb5580a1c3e70,,,,,6930b65733193b866c727848ec94808105e734a5963c4b1bd0f10d636bcb04ca,UNRESOLVED_LEGACY_CODE,UNRESOLVED
elliptic,node_classification,strict_inductive,gcn,3,fold0,BLOCKED_BASE_ARTIFACT,INDEX_REFERENCED_FILE_MISSING,CANONICAL_PREDICTION_PATH_MISSING;INDEXED_SOURCE_ARCHIVE_MISSING;UNVERIFIED_RAW_COORDINATE_CANDIDATES_NOT_ALIASED,9862792a2c3b130795585d5e2ab571ff0fae898332800fadf19fe2faa483f506,,,,,5ec4bb160e75b47f8937b3dde8f72e9157e8cbe54442e469d0e9b00876142bdb,UNRESOLVED_LEGACY_CODE,UNRESOLVED
elliptic,node_classification,strict_inductive,gcn,4,fold0,BLOCKED_BASE_ARTIFACT,INDEX_REFERENCED_FILE_MISSING,CANONICAL_PREDICTION_PATH_MISSING;INDEXED_SOURCE_ARCHIVE_MISSING;UNVERIFIED_RAW_COORDINATE_CANDIDATES_NOT_ALIASED,66cd63ce5ed06c7afec540df7e29bf73d7c53f0b5db9fe906c058c9e57402d1f,,,,,6930b65733193b866c727848ec94808105e734a5963c4b1bd0f10d636bcb04ca,UNRESOLVED_LEGACY_CODE,UNRESOLVED
elliptic,node_classification,strict_inductive,gcn,5,fold0,BLOCKED_BASE_ARTIFACT,INDEX_REFERENCED_FILE_MISSING,CANONICAL_PREDICTION_PATH_MISSING;INDEXED_SOURCE_ARCHIVE_MISSING;UNVERIFIED_RAW_COORDINATE_CANDIDATES_NOT_ALIASED,2070f94c3c92ba3fbca7d7e37532ce7436b2132df7447925c47572625eb38fa3,,,,,5ec4bb160e75b47f8937b3dde8f72e9157e8cbe54442e469d0e9b00876142bdb,UNRESOLVED_LEGACY_CODE,UNRESOLVED
elliptic,node_classification,strict_inductive,gcn,6,fold0,BLOCKED_BASE_ARTIFACT,INDEX_REFERENCED_FILE_MISSING,CANONICAL_PREDICTION_PATH_MISSING;INDEXED_SOURCE_ARCHIVE_MISSING;UNVERIFIED_RAW_COORDINATE_CANDIDATES_NOT_ALIASED,25aecff71b6d2e5b00b1e9ce682a47f2d74400c64de7ae08995259bb88b117b3,,,,,6930b65733193b866c727848ec94808105e734a5963c4b1bd0f10d636bcb04ca,UNRESOLVED_LEGACY_CODE,UNRESOLVED
elliptic,node_classification,strict_inductive,gcn,7,fold0,BLOCKED_BASE_ARTIFACT,INDEX_REFERENCED_FILE_MISSING,CANONICAL_PREDICTION_PATH_MISSING;INDEXED_SOURCE_ARCHIVE_MISSING;UNVERIFIED_RAW_COORDINATE_CANDIDATES_NOT_ALIASED,7ef8474190838a52f64598251056f63f9dc80628c7f2971cc39da91e5f77296a,,,,,5ec4bb160e75b47f8937b3dde8f72e9157e8cbe54442e469d0e9b00876142bdb,UNRESOLVED_LEGACY_CODE,UNRESOLVED
elliptic,node_classification,strict_inductive,gcn,8,fold0,BLOCKED_BASE_ARTIFACT,INDEX_REFERENCED_FILE_MISSING,CANONICAL_PREDICTION_PATH_MISSING;INDEXED_SOURCE_ARCHIVE_MISSING;UNVERIFIED_RAW_COORDINATE_CANDIDATES_NOT_ALIASED,51a24d05aaffcb2eced5197e817823afb73767f9df75e4a88db07d9e379a23bd,,,,,6930b65733193b866c727848ec94808105e734a5963c4b1bd0f10d636bcb04ca,UNRESOLVED_LEGACY_CODE,UNRESOLVED
elliptic,node_classification,strict_inductive,gcn,9,fold0,BLOCKED_BASE_ARTIFACT,INDEX_REFERENCED_FILE_MISSING,CANONICAL_PREDICTION_PATH_MISSING;INDEXED_SOURCE_ARCHIVE_MISSING;UNVERIFIED_RAW_COORDINATE_CANDIDATES_NOT_ALIASED,ae877be5e5b6d88ad3d62199c42da2937488dd90249291ae2594f08f16669110,,,,,5ec4bb160e75b47f8937b3dde8f72e9157e8cbe54442e469d0e9b00876142bdb,UNRESOLVED_LEGACY_CODE,UNRESOLVED
elliptic,node_classification,strict_inductive,gcn,10,fold0,BLOCKED_BASE_ARTIFACT,INDEX_REFERENCED_FILE_MISSING,CANONICAL_PREDICTION_PATH_MISSING;INDEXED_SOURCE_ARCHIVE_MISSING;UNVERIFIED_RAW_COORDINATE_CANDIDATES_NOT_ALIASED,4d0b3888c2018b5838836daaaf78327d89ae67b33da6f88f1ae4d09dd6c73e09,,,,,6930b65733193b866c727848ec94808105e734a5963c4b1bd0f10d636bcb04ca,UNRESOLVED_LEGACY_CODE,UNRESOLVED
elliptic,node_classification,strict_inductive,graphsage,1,fold0,BLOCKED_BASE_ARTIFACT,INDEX_REFERENCED_FILE_MISSING,CANONICAL_PREDICTION_PATH_MISSING;INDEXED_SOURCE_ARCHIVE_MISSING;UNVERIFIED_RAW_COORDINATE_CANDIDATES_NOT_ALIASED,2cefd1a6a18dcf9d93c43ac5d1cf8d5028037e704def3d280db2fae03d2d66c5,,,,,5ec4bb160e75b47f8937b3dde8f72e9157e8cbe54442e469d0e9b00876142bdb,UNRESOLVED_LEGACY_CODE,UNRESOLVED
elliptic,node_classification,strict_inductive,graphsage,2,fold0,BLOCKED_BASE_ARTIFACT,INDEX_REFERENCED_FILE_MISSING,CANONICAL_PREDICTION_PATH_MISSING;INDEXED_SOURCE_ARCHIVE_MISSING;UNVERIFIED_RAW_COORDINATE_CANDIDATES_NOT_ALIASED,649948f85d2a72ae2834e5741070085a3d8890c58ae236bb61ad357b74777c5d,,,,,6930b65733193b866c727848ec94808105e734a5963c4b1bd0f10d636bcb04ca,UNRESOLVED_LEGACY_CODE,UNRESOLVED
elliptic,node_classification,strict_inductive,graphsage,3,fold0,BLOCKED_BASE_ARTIFACT,INDEX_REFERENCED_FILE_MISSING,CANONICAL_PREDICTION_PATH_MISSING;INDEXED_SOURCE_ARCHIVE_MISSING;UNVERIFIED_RAW_COORDINATE_CANDIDATES_NOT_ALIASED,13eea981784dde22252688c8c686658f7da132ae76f71b8d983a54fd68002637,,,,,5ec4bb160e75b47f8937b3dde8f72e9157e8cbe54442e469d0e9b00876142bdb,UNRESOLVED_LEGACY_CODE,UNRESOLVED
elliptic,node_classification,strict_inductive,graphsage,4,fold0,BLOCKED_BASE_ARTIFACT,INDEX_REFERENCED_FILE_MISSING,CANONICAL_PREDICTION_PATH_MISSING;INDEXED_SOURCE_ARCHIVE_MISSING;UNVERIFIED_RAW_COORDINATE_CANDIDATES_NOT_ALIASED,55b209474dcceb89dc835323abbfc1ab201b5f5e159f3d1475be030fc95e7b3d,,,,,6930b65733193b866c727848ec94808105e734a5963c4b1bd0f10d636bcb04ca,UNRESOLVED_LEGACY_CODE,UNRESOLVED
elliptic,node_classification,strict_inductive,graphsage,5,fold0,BLOCKED_BASE_ARTIFACT,INDEX_REFERENCED_FILE_MISSING,CANONICAL_PREDICTION_PATH_MISSING;INDEXED_SOURCE_ARCHIVE_MISSING;UNVERIFIED_RAW_COORDINATE_CANDIDATES_NOT_ALIASED,c59001e133e57f2afe72e3e95993393e9c204f41dce8871750b500984e1d8c3e,,,,,5ec4bb160e75b47f8937b3dde8f72e9157e8cbe54442e469d0e9b00876142bdb,UNRESOLVED_LEGACY_CODE,UNRESOLVED
elliptic,node_classification,strict_inductive,graphsage,6,fold0,BLOCKED_BASE_ARTIFACT,INDEX_REFERENCED_FILE_MISSING,CANONICAL_PREDICTION_PATH_MISSING;INDEXED_SOURCE_ARCHIVE_MISSING;UNVERIFIED_RAW_COORDINATE_CANDIDATES_NOT_ALIASED,d73dbaa3e4a387061a70a51df47520f41185ec9d2dd6f30a1cd467ac2ae58c8c,,,,,6930b65733193b866c727848ec94808105e734a5963c4b1bd0f10d636bcb04ca,UNRESOLVED_LEGACY_CODE,UNRESOLVED
elliptic,node_classification,strict_inductive,graphsage,7,fold0,BLOCKED_BASE_ARTIFACT,INDEX_REFERENCED_FILE_MISSING,CANONICAL_PREDICTION_PATH_MISSING;INDEXED_SOURCE_ARCHIVE_MISSING;UNVERIFIED_RAW_COORDINATE_CANDIDATES_NOT_ALIASED,611bbcb78c717dd34c70ce140645b6b5d870fba32f03e03f8a8fa9db7d339e73,,,,,5ec4bb160e75b47f8937b3dde8f72e9157e8cbe54442e469d0e9b00876142bdb,UNRESOLVED_LEGACY_CODE,UNRESOLVED
elliptic,node_classification,strict_inductive,graphsage,8,fold0,BLOCKED_BASE_ARTIFACT,INDEX_REFERENCED_FILE_MISSING,CANONICAL_PREDICTION_PATH_MISSING;INDEXED_SOURCE_ARCHIVE_MISSING;UNVERIFIED_RAW_COORDINATE_CANDIDATES_NOT_ALIASED,d1c492ef1e2f790358d91e5eee6cf2fc989cfbb7b18c01043486c4ca67989e57,,,,,6930b65733193b866c727848ec94808105e734a5963c4b1bd0f10d636bcb04ca,UNRESOLVED_LEGACY_CODE,UNRESOLVED
elliptic,node_classification,strict_inductive,graphsage,9,fold0,BLOCKED_BASE_ARTIFACT,INDEX_REFERENCED_FILE_MISSING,CANONICAL_PREDICTION_PATH_MISSING;INDEXED_SOURCE_ARCHIVE_MISSING;UNVERIFIED_RAW_COORDINATE_CANDIDATES_NOT_ALIASED,afcb1208b7c479fed43e427241538e5b057ca2991aa495980f3366a6a2be448d,,,,,5ec4bb160e75b47f8937b3dde8f72e9157e8cbe54442e469d0e9b00876142bdb,UNRESOLVED_LEGACY_CODE,UNRESOLVED
elliptic,node_classification,strict_inductive,graphsage,10,fold0,BLOCKED_BASE_ARTIFACT,INDEX_REFERENCED_FILE_MISSING,CANONICAL_PREDICTION_PATH_MISSING;INDEXED_SOURCE_ARCHIVE_MISSING;UNVERIFIED_RAW_COORDINATE_CANDIDATES_NOT_ALIASED,a71655a9a9d6f98a90c218ab9d52f9492753a3c397a68288ed929cd2d16dca3d,,,,,6930b65733193b866c727848ec94808105e734a5963c4b1bd0f10d636bcb04ca,UNRESOLVED_LEGACY_CODE,UNRESOLVED
elliptic,node_classification,transductive_structure,feature_mlp,1,fold0,BLOCKED_BASE_ARTIFACT,INDEX_REFERENCED_FILE_MISSING,CANONICAL_PREDICTION_PATH_MISSING;INDEXED_SOURCE_ARCHIVE_MISSING,2087e7f0bd0480bcd4eee435ba6bae9b728c55de5734579733c7754b56e78b53,,,,,4bc3cab31927f67202b7b5518340fd10ed2cc530abc3ce555112ae150963444b,UNRESOLVED_LEGACY_CODE,UNRESOLVED
elliptic,node_classification,transductive_structure,feature_mlp,2,fold0,BLOCKED_BASE_ARTIFACT,INDEX_REFERENCED_FILE_MISSING,CANONICAL_PREDICTION_PATH_MISSING;INDEXED_SOURCE_ARCHIVE_MISSING,8aec4dba6e3bd27c5f77ae2e0580c5622c35e540946a6804f3c852e55dac8bbc,,,,,f7fbc1e77ed0dcd4154d2610f8c0961452849ec443f532b56bd565762f186e87,UNRESOLVED_LEGACY_CODE,UNRESOLVED
elliptic,node_classification,transductive_structure,feature_mlp,3,fold0,BLOCKED_BASE_ARTIFACT,INDEX_REFERENCED_FILE_MISSING,CANONICAL_PREDICTION_PATH_MISSING;INDEXED_SOURCE_ARCHIVE_MISSING,6fdef3ca0e6ecdde3f57f3e2b3cbf9ec975a0f1629a128d159d14560d417d0a0,,,,,4bc3cab31927f67202b7b5518340fd10ed2cc530abc3ce555112ae150963444b,UNRESOLVED_LEGACY_CODE,UNRESOLVED
elliptic,node_classification,transductive_structure,feature_mlp,4,fold0,BLOCKED_BASE_ARTIFACT,INDEX_REFERENCED_FILE_MISSING,CANONICAL_PREDICTION_PATH_MISSING;INDEXED_SOURCE_ARCHIVE_MISSING,fac4857fc2700d65b4c8efef79306353a086e1092304cc9c48e0f8119bfac1ac,,,,,f7fbc1e77ed0dcd4154d2610f8c0961452849ec443f532b56bd565762f186e87,UNRESOLVED_LEGACY_CODE,UNRESOLVED
elliptic,node_classification,transductive_structure,feature_mlp,5,fold0,BLOCKED_BASE_ARTIFACT,INDEX_REFERENCED_FILE_MISSING,CANONICAL_PREDICTION_PATH_MISSING;INDEXED_SOURCE_ARCHIVE_MISSING,a1875e4b7e3bbbc2c45a3672ccc21b075176ec3ebcb187050ae9a3a28cc60558,,,,,4bc3cab31927f67202b7b5518340fd10ed2cc530abc3ce555112ae150963444b,UNRESOLVED_LEGACY_CODE,UNRESOLVED
elliptic,node_classification,transductive_structure,feature_mlp,6,fold0,BLOCKED_BASE_ARTIFACT,INDEX_REFERENCED_FILE_MISSING,CANONICAL_PREDICTION_PATH_MISSING;INDEXED_SOURCE_ARCHIVE_MISSING,6ae249aa0bf5a510a5b24be85b06eebae946dc3084bf25e861b5808430ba5f18,,,,,f7fbc1e77ed0dcd4154d2610f8c0961452849ec443f532b56bd565762f186e87,UNRESOLVED_LEGACY_CODE,UNRESOLVED
elliptic,node_classification,transductive_structure,feature_mlp,7,fold0,BLOCKED_BASE_ARTIFACT,INDEX_REFERENCED_FILE_MISSING,CANONICAL_PREDICTION_PATH_MISSING;INDEXED_SOURCE_ARCHIVE_MISSING,1628d0f6792faf4dd6b339175d7c60a0b265e30781eb15d5b75d468245253266,,,,,4bc3cab31927f67202b7b5518340fd10ed2cc530abc3ce555112ae150963444b,UNRESOLVED_LEGACY_CODE,UNRESOLVED
elliptic,node_classification,transductive_structure,feature_mlp,8,fold0,BLOCKED_BASE_ARTIFACT,INDEX_REFERENCED_FILE_MISSING,CANONICAL_PREDICTION_PATH_MISSING;INDEXED_SOURCE_ARCHIVE_MISSING,6c042a089f9de7d72d5691297b087e825f16ccf51baa3b356a53ded8c7011a91,,,,,f7fbc1e77ed0dcd4154d2610f8c0961452849ec443f532b56bd565762f186e87,UNRESOLVED_LEGACY_CODE,UNRESOLVED
elliptic,node_classification,transductive_structure,feature_mlp,9,fold0,BLOCKED_BASE_ARTIFACT,INDEX_REFERENCED_FILE_MISSING,CANONICAL_PREDICTION_PATH_MISSING;INDEXED_SOURCE_ARCHIVE_MISSING,e8f586c6ed4c6a4286e487115bd38da7e5631a7182efb048b6c95979486ba224,,,,,4bc3cab31927f67202b7b5518340fd10ed2cc530abc3ce555112ae150963444b,UNRESOLVED_LEGACY_CODE,UNRESOLVED
elliptic,node_classification,transductive_structure,feature_mlp,10,fold0,BLOCKED_BASE_ARTIFACT,INDEX_REFERENCED_FILE_MISSING,CANONICAL_PREDICTION_PATH_MISSING;INDEXED_SOURCE_ARCHIVE_MISSING,d9bfa07501e0a262922f25df83dc9641f1f744103f53c812170d544eb7b7635c,,,,,f7fbc1e77ed0dcd4154d2610f8c0961452849ec443f532b56bd565762f186e87,UNRESOLVED_LEGACY_CODE,UNRESOLVED
elliptic,node_classification,transductive_structure,gcn,1,fold0,BLOCKED_BASE_ARTIFACT,INDEX_REFERENCED_FILE_MISSING,CANONICAL_PREDICTION_PATH_MISSING;INDEXED_SOURCE_ARCHIVE_MISSING;UNVERIFIED_RAW_COORDINATE_CANDIDATES_NOT_ALIASED,38c595e72c208dcc367145c5383f5c68dfa25312e94e24b07d1baa9edb139bbc,,,,,4bc3cab31927f67202b7b5518340fd10ed2cc530abc3ce555112ae150963444b,UNRESOLVED_LEGACY_CODE,UNRESOLVED
elliptic,node_classification,transductive_structure,gcn,2,fold0,BLOCKED_BASE_ARTIFACT,INDEX_REFERENCED_FILE_MISSING,CANONICAL_PREDICTION_PATH_MISSING;INDEXED_SOURCE_ARCHIVE_MISSING;UNVERIFIED_RAW_COORDINATE_CANDIDATES_NOT_ALIASED,ebf7b76ccb77a8d91fe3627a897cdc094a3fe2137bc534354a520cec601ba855,,,,,f7fbc1e77ed0dcd4154d2610f8c0961452849ec443f532b56bd565762f186e87,UNRESOLVED_LEGACY_CODE,UNRESOLVED
elliptic,node_classification,transductive_structure,gcn,3,fold0,BLOCKED_BASE_ARTIFACT,INDEX_REFERENCED_FILE_MISSING,CANONICAL_PREDICTION_PATH_MISSING;INDEXED_SOURCE_ARCHIVE_MISSING;UNVERIFIED_RAW_COORDINATE_CANDIDATES_NOT_ALIASED,ff7e5e2c5900f5c260c209787181ee70c9878a5557d7e6cf2ac9587769c2ef05,,,,,4bc3cab31927f67202b7b5518340fd10ed2cc530abc3ce555112ae150963444b,UNRESOLVED_LEGACY_CODE,UNRESOLVED
elliptic,node_classification,transductive_structure,gcn,4,fold0,BLOCKED_BASE_ARTIFACT,INDEX_REFERENCED_FILE_MISSING,CANONICAL_PREDICTION_PATH_MISSING;INDEXED_SOURCE_ARCHIVE_MISSING;UNVERIFIED_RAW_COORDINATE_CANDIDATES_NOT_ALIASED,c482efeae8a013e5b9f8d34c3ec83cad6f0e3593cfe736070d9dd63ff518b44f,,,,,f7fbc1e77ed0dcd4154d2610f8c0961452849ec443f532b56bd565762f186e87,UNRESOLVED_LEGACY_CODE,UNRESOLVED
elliptic,node_classification,transductive_structure,gcn,5,fold0,BLOCKED_BASE_ARTIFACT,INDEX_REFERENCED_FILE_MISSING,CANONICAL_PREDICTION_PATH_MISSING;INDEXED_SOURCE_ARCHIVE_MISSING;UNVERIFIED_RAW_COORDINATE_CANDIDATES_NOT_ALIASED,4205813865ac445a9361d66739960bf450a16ae20aa5570d574ee1290d6bd566,,,,,4bc3cab31927f67202b7b5518340fd10ed2cc530abc3ce555112ae150963444b,UNRESOLVED_LEGACY_CODE,UNRESOLVED
elliptic,node_classification,transductive_structure,gcn,6,fold0,BLOCKED_BASE_ARTIFACT,INDEX_REFERENCED_FILE_MISSING,CANONICAL_PREDICTION_PATH_MISSING;INDEXED_SOURCE_ARCHIVE_MISSING;UNVERIFIED_RAW_COORDINATE_CANDIDATES_NOT_ALIASED,2652124bba71270a870dcf48a7a52814961c7eafe8fefa7d145942bfdaaa855a,,,,,f7fbc1e77ed0dcd4154d2610f8c0961452849ec443f532b56bd565762f186e87,UNRESOLVED_LEGACY_CODE,UNRESOLVED
elliptic,node_classification,transductive_structure,gcn,7,fold0,BLOCKED_BASE_ARTIFACT,INDEX_REFERENCED_FILE_MISSING,CANONICAL_PREDICTION_PATH_MISSING;INDEXED_SOURCE_ARCHIVE_MISSING;UNVERIFIED_RAW_COORDINATE_CANDIDATES_NOT_ALIASED,3cb3e761964fe17cdcc4cbdce77e826f078fd4030e386603116c560116c4d6c3,,,,,4bc3cab31927f67202b7b5518340fd10ed2cc530abc3ce555112ae150963444b,UNRESOLVED_LEGACY_CODE,UNRESOLVED
elliptic,node_classification,transductive_structure,gcn,8,fold0,BLOCKED_BASE_ARTIFACT,INDEX_REFERENCED_FILE_MISSING,CANONICAL_PREDICTION_PATH_MISSING;INDEXED_SOURCE_ARCHIVE_MISSING;UNVERIFIED_RAW_COORDINATE_CANDIDATES_NOT_ALIASED,0016f344ece91d9e648acaa575622bfb45bc255566fb770fae5eea3e250b027d,,,,,f7fbc1e77ed0dcd4154d2610f8c0961452849ec443f532b56bd565762f186e87,UNRESOLVED_LEGACY_CODE,UNRESOLVED
elliptic,node_classification,transductive_structure,gcn,9,fold0,BLOCKED_BASE_ARTIFACT,INDEX_REFERENCED_FILE_MISSING,CANONICAL_PREDICTION_PATH_MISSING;INDEXED_SOURCE_ARCHIVE_MISSING;UNVERIFIED_RAW_COORDINATE_CANDIDATES_NOT_ALIASED,24464229a4176e9a6273df0f0b3e5b77a3cf185b65deef6c802b011ed74ede5f,,,,,4bc3cab31927f67202b7b5518340fd10ed2cc530abc3ce555112ae150963444b,UNRESOLVED_LEGACY_CODE,UNRESOLVED
elliptic,node_classification,transductive_structure,gcn,10,fold0,BLOCKED_BASE_ARTIFACT,INDEX_REFERENCED_FILE_MISSING,CANONICAL_PREDICTION_PATH_MISSING;INDEXED_SOURCE_ARCHIVE_MISSING;UNVERIFIED_RAW_COORDINATE_CANDIDATES_NOT_ALIASED,b2765caaa04b23236497a642edde6c7ff4efa3d812f59345d378170fd41cd7e7,,,,,f7fbc1e77ed0dcd4154d2610f8c0961452849ec443f532b56bd565762f186e87,UNRESOLVED_LEGACY_CODE,UNRESOLVED
elliptic,node_classification,transductive_structure,graphsage,1,fold0,BLOCKED_BASE_ARTIFACT,INDEX_REFERENCED_FILE_MISSING,CANONICAL_PREDICTION_PATH_MISSING;INDEXED_SOURCE_ARCHIVE_MISSING;UNVERIFIED_RAW_COORDINATE_CANDIDATES_NOT_ALIASED,7b8c61c7fa23e685f90b267f7ea37187f20f420a5f33fccfeec062198ef06156,,,,,4bc3cab31927f67202b7b5518340fd10ed2cc530abc3ce555112ae150963444b,UNRESOLVED_LEGACY_CODE,UNRESOLVED
elliptic,node_classification,transductive_structure,graphsage,2,fold0,BLOCKED_BASE_ARTIFACT,INDEX_REFERENCED_FILE_MISSING,CANONICAL_PREDICTION_PATH_MISSING;INDEXED_SOURCE_ARCHIVE_MISSING;UNVERIFIED_RAW_COORDINATE_CANDIDATES_NOT_ALIASED,6b6e09d5a0208e50068bb14a20533623acb02239a3671fc6165fe5ec9c2f4a76,,,,,f7fbc1e77ed0dcd4154d2610f8c0961452849ec443f532b56bd565762f186e87,UNRESOLVED_LEGACY_CODE,UNRESOLVED
elliptic,node_classification,transductive_structure,graphsage,3,fold0,BLOCKED_BASE_ARTIFACT,INDEX_REFERENCED_FILE_MISSING,CANONICAL_PREDICTION_PATH_MISSING;INDEXED_SOURCE_ARCHIVE_MISSING;UNVERIFIED_RAW_COORDINATE_CANDIDATES_NOT_ALIASED,e9829f9239cbb8d827d55c3701493c2815562a70357e3cd208bebea664cac7fb,,,,,4bc3cab31927f67202b7b5518340fd10ed2cc530abc3ce555112ae150963444b,UNRESOLVED_LEGACY_CODE,UNRESOLVED
elliptic,node_classification,transductive_structure,graphsage,4,fold0,BLOCKED_BASE_ARTIFACT,INDEX_REFERENCED_FILE_MISSING,CANONICAL_PREDICTION_PATH_MISSING;INDEXED_SOURCE_ARCHIVE_MISSING;UNVERIFIED_RAW_COORDINATE_CANDIDATES_NOT_ALIASED,ab27a47b0aec2e56be7cc2a06da5bd6df28d1c7cc3feb3363b2cbf92d410f2eb,,,,,f7fbc1e77ed0dcd4154d2610f8c0961452849ec443f532b56bd565762f186e87,UNRESOLVED_LEGACY_CODE,UNRESOLVED
elliptic,node_classification,transductive_structure,graphsage,5,fold0,BLOCKED_BASE_ARTIFACT,INDEX_REFERENCED_FILE_MISSING,CANONICAL_PREDICTION_PATH_MISSING;INDEXED_SOURCE_ARCHIVE_MISSING;UNVERIFIED_RAW_COORDINATE_CANDIDATES_NOT_ALIASED,1bd4e09b477a893bbdf696e3590514874f005108cca6a2ef1af0ed18f45dd7cb,,,,,4bc3cab31927f67202b7b5518340fd10ed2cc530abc3ce555112ae150963444b,UNRESOLVED_LEGACY_CODE,UNRESOLVED
elliptic,node_classification,transductive_structure,graphsage,6,fold0,BLOCKED_BASE_ARTIFACT,INDEX_REFERENCED_FILE_MISSING,CANONICAL_PREDICTION_PATH_MISSING;INDEXED_SOURCE_ARCHIVE_MISSING;UNVERIFIED_RAW_COORDINATE_CANDIDATES_NOT_ALIASED,92a01a9e6a6f969cc027cda420a73a14a42472bab778c53b467d6a21f40a3432,,,,,f7fbc1e77ed0dcd4154d2610f8c0961452849ec443f532b56bd565762f186e87,UNRESOLVED_LEGACY_CODE,UNRESOLVED
elliptic,node_classification,transductive_structure,graphsage,7,fold0,BLOCKED_BASE_ARTIFACT,INDEX_REFERENCED_FILE_MISSING,CANONICAL_PREDICTION_PATH_MISSING;INDEXED_SOURCE_ARCHIVE_MISSING;UNVERIFIED_RAW_COORDINATE_CANDIDATES_NOT_ALIASED,a7d5de8b2d66061cd9614dfbc3572880171c61fd8bee5e683db0d424d67944b4,,,,,4bc3cab31927f67202b7b5518340fd10ed2cc530abc3ce555112ae150963444b,UNRESOLVED_LEGACY_CODE,UNRESOLVED
elliptic,node_classification,transductive_structure,graphsage,8,fold0,BLOCKED_BASE_ARTIFACT,INDEX_REFERENCED_FILE_MISSING,CANONICAL_PREDICTION_PATH_MISSING;INDEXED_SOURCE_ARCHIVE_MISSING;UNVERIFIED_RAW_COORDINATE_CANDIDATES_NOT_ALIASED,5368ff45da484caab02c506ab5fc6a4344d357a3d9307634cb508ed021f62494,,,,,f7fbc1e77ed0dcd4154d2610f8c0961452849ec443f532b56bd565762f186e87,UNRESOLVED_LEGACY_CODE,UNRESOLVED
elliptic,node_classification,transductive_structure,graphsage,9,fold0,BLOCKED_BASE_ARTIFACT,INDEX_REFERENCED_FILE_MISSING,CANONICAL_PREDICTION_PATH_MISSING;INDEXED_SOURCE_ARCHIVE_MISSING;UNVERIFIED_RAW_COORDINATE_CANDIDATES_NOT_ALIASED,4cf2f2784aa7d1fa80baa2065128044621d7f6dbf1f1f9066e4bd8989d99694a,,,,,4bc3cab31927f67202b7b5518340fd10ed2cc530abc3ce555112ae150963444b,UNRESOLVED_LEGACY_CODE,UNRESOLVED
elliptic,node_classification,transductive_structure,graphsage,10,fold0,BLOCKED_BASE_ARTIFACT,INDEX_REFERENCED_FILE_MISSING,CANONICAL_PREDICTION_PATH_MISSING;INDEXED_SOURCE_ARCHIVE_MISSING;UNVERIFIED_RAW_COORDINATE_CANDIDATES_NOT_ALIASED,d59b031a52eec333e00fa6811b41ecafb75611036e54498597fd142f0b18d9a6,,,,,f7fbc1e77ed0dcd4154d2610f8c0961452849ec443f532b56bd565762f186e87,UNRESOLVED_LEGACY_CODE,UNRESOLVED
