dataset,protocol_id,expert_id,expert_prediction_seed,fold,status,indexed_prediction_path,source_archive_path,source_archive_sha256,source_archive_member,result_path,reason_codes,future_run_category
dgraphfin,isolated_inductive,feature_mlp,1,fold0,INDEX_REFERENCED_FILE_MISSING,kaggleoutputs/dgraphfin_10seed_inductive_isolated/predictions/dgraphfin__inductive_isolated__mlp__seed1.csv,$HISTORICAL_GNN_FRAUD_REPO/kaggleoutputs/dgraphfin_10seed_inductive_isolated.zip,6ce0d2e37893a7a162d6d575347f6606eb63f90b7940cc3a259dc309cf88b8c8,predictions/dgraphfin__inductive_isolated__mlp__seed1.csv,$HISTORICAL_GNN_FRAUD_REPO/results/runs_rb09v3/runs.csv#dgraphfin:inductive_isolated:mlp:seed1,CANONICAL_PREDICTION_PATH_MISSING;INDEXED_SOURCE_ARCHIVE_MISSING,D
dgraphfin,isolated_inductive,feature_mlp,2,fold0,INDEX_REFERENCED_FILE_MISSING,kaggleoutputs/dgraphfin_10seed_inductive_isolated/predictions/dgraphfin__inductive_isolated__mlp__seed2.csv,$HISTORICAL_GNN_FRAUD_REPO/kaggleoutputs/dgraphfin_10seed_inductive_isolated.zip,6ce0d2e37893a7a162d6d575347f6606eb63f90b7940cc3a259dc309cf88b8c8,predictions/dgraphfin__inductive_isolated__mlp__seed2.csv,$HISTORICAL_GNN_FRAUD_REPO/results/runs_rb09v3/runs.csv#dgraphfin:inductive_isolated:mlp:seed2,CANONICAL_PREDICTION_PATH_MISSING;INDEXED_SOURCE_ARCHIVE_MISSING,D
dgraphfin,isolated_inductive,feature_mlp,3,fold0,INDEX_REFERENCED_FILE_MISSING,kaggleoutputs/dgraphfin_10seed_inductive_isolated/predictions/dgraphfin__inductive_isolated__mlp__seed3.csv,$HISTORICAL_GNN_FRAUD_REPO/kaggleoutputs/dgraphfin_10seed_inductive_isolated.zip,6ce0d2e37893a7a162d6d575347f6606eb63f90b7940cc3a259dc309cf88b8c8,predictions/dgraphfin__inductive_isolated__mlp__seed3.csv,$HISTORICAL_GNN_FRAUD_REPO/results/runs_rb09v3/runs.csv#dgraphfin:inductive_isolated:mlp:seed3,CANONICAL_PREDICTION_PATH_MISSING;INDEXED_SOURCE_ARCHIVE_MISSING,D
dgraphfin,isolated_inductive,feature_mlp,4,fold0,INDEX_REFERENCED_FILE_MISSING,kaggleoutputs/dgraphfin_10seed_inductive_isolated/predictions/dgraphfin__inductive_isolated__mlp__seed4.csv,$HISTORICAL_GNN_FRAUD_REPO/kaggleoutputs/dgraphfin_10seed_inductive_isolated.zip,6ce0d2e37893a7a162d6d575347f6606eb63f90b7940cc3a259dc309cf88b8c8,predictions/dgraphfin__inductive_isolated__mlp__seed4.csv,$HISTORICAL_GNN_FRAUD_REPO/results/runs_rb09v3/runs.csv#dgraphfin:inductive_isolated:mlp:seed4,CANONICAL_PREDICTION_PATH_MISSING;INDEXED_SOURCE_ARCHIVE_MISSING,D
dgraphfin,isolated_inductive,feature_mlp,5,fold0,INDEX_REFERENCED_FILE_MISSING,kaggleoutputs/dgraphfin_10seed_inductive_isolated/predictions/dgraphfin__inductive_isolated__mlp__seed5.csv,$HISTORICAL_GNN_FRAUD_REPO/kaggleoutputs/dgraphfin_10seed_inductive_isolated.zip,6ce0d2e37893a7a162d6d575347f6606eb63f90b7940cc3a259dc309cf88b8c8,predictions/dgraphfin__inductive_isolated__mlp__seed5.csv,$HISTORICAL_GNN_FRAUD_REPO/results/runs_rb09v3/runs.csv#dgraphfin:inductive_isolated:mlp:seed5,CANONICAL_PREDICTION_PATH_MISSING;INDEXED_SOURCE_ARCHIVE_MISSING,D
dgraphfin,isolated_inductive,feature_mlp,6,fold0,INDEX_REFERENCED_FILE_MISSING,kaggleoutputs/dgraphfin_10seed_inductive_isolated/predictions/dgraphfin__inductive_isolated__mlp__seed6.csv,$HISTORICAL_GNN_FRAUD_REPO/kaggleoutputs/dgraphfin_10seed_inductive_isolated.zip,6ce0d2e37893a7a162d6d575347f6606eb63f90b7940cc3a259dc309cf88b8c8,predictions/dgraphfin__inductive_isolated__mlp__seed6.csv,$HISTORICAL_GNN_FRAUD_REPO/results/runs_rb09v3/runs.csv#dgraphfin:inductive_isolated:mlp:seed6,CANONICAL_PREDICTION_PATH_MISSING;INDEXED_SOURCE_ARCHIVE_MISSING,D
dgraphfin,isolated_inductive,feature_mlp,7,fold0,INDEX_REFERENCED_FILE_MISSING,kaggleoutputs/dgraphfin_10seed_inductive_isolated/predictions/dgraphfin__inductive_isolated__mlp__seed7.csv,$HISTORICAL_GNN_FRAUD_REPO/kaggleoutputs/dgraphfin_10seed_inductive_isolated.zip,6ce0d2e37893a7a162d6d575347f6606eb63f90b7940cc3a259dc309cf88b8c8,predictions/dgraphfin__inductive_isolated__mlp__seed7.csv,$HISTORICAL_GNN_FRAUD_REPO/results/runs_rb09v3/runs.csv#dgraphfin:inductive_isolated:mlp:seed7,CANONICAL_PREDICTION_PATH_MISSING;INDEXED_SOURCE_ARCHIVE_MISSING,D
dgraphfin,isolated_inductive,feature_mlp,8,fold0,INDEX_REFERENCED_FILE_MISSING,kaggleoutputs/dgraphfin_10seed_inductive_isolated/predictions/dgraphfin__inductive_isolated__mlp__seed8.csv,$HISTORICAL_GNN_FRAUD_REPO/kaggleoutputs/dgraphfin_10seed_inductive_isolated.zip,6ce0d2e37893a7a162d6d575347f6606eb63f90b7940cc3a259dc309cf88b8c8,predictions/dgraphfin__inductive_isolated__mlp__seed8.csv,$HISTORICAL_GNN_FRAUD_REPO/results/runs_rb09v3/runs.csv#dgraphfin:inductive_isolated:mlp:seed8,CANONICAL_PREDICTION_PATH_MISSING;INDEXED_SOURCE_ARCHIVE_MISSING,D
dgraphfin,isolated_inductive,feature_mlp,9,fold0,INDEX_REFERENCED_FILE_MISSING,kaggleoutputs/dgraphfin_10seed_inductive_isolated/predictions/dgraphfin__inductive_isolated__mlp__seed9.csv,$HISTORICAL_GNN_FRAUD_REPO/kaggleoutputs/dgraphfin_10seed_inductive_isolated.zip,6ce0d2e37893a7a162d6d575347f6606eb63f90b7940cc3a259dc309cf88b8c8,predictions/dgraphfin__inductive_isolated__mlp__seed9.csv,$HISTORICAL_GNN_FRAUD_REPO/results/runs_rb09v3/runs.csv#dgraphfin:inductive_isolated:mlp:seed9,CANONICAL_PREDICTION_PATH_MISSING;INDEXED_SOURCE_ARCHIVE_MISSING,D
dgraphfin,isolated_inductive,feature_mlp,10,fold0,INDEX_REFERENCED_FILE_MISSING,kaggleoutputs/dgraphfin_10seed_inductive_isolated/predictions/dgraphfin__inductive_isolated__mlp__seed10.csv,$HISTORICAL_GNN_FRAUD_REPO/kaggleoutputs/dgraphfin_10seed_inductive_isolated.zip,6ce0d2e37893a7a162d6d575347f6606eb63f90b7940cc3a259dc309cf88b8c8,predictions/dgraphfin__inductive_isolated__mlp__seed10.csv,$HISTORICAL_GNN_FRAUD_REPO/results/runs_rb09v3/runs.csv#dgraphfin:inductive_isolated:mlp:seed10,CANONICAL_PREDICTION_PATH_MISSING;INDEXED_SOURCE_ARCHIVE_MISSING,D
dgraphfin,isolated_inductive,gcn,1,fold0,INDEX_REFERENCED_FILE_MISSING,kaggleoutputs/dgraphfin_10seed_inductive_isolated/predictions/dgraphfin__inductive_isolated__gcn__seed1.csv,$HISTORICAL_GNN_FRAUD_REPO/kaggleoutputs/dgraphfin_10seed_inductive_isolated.zip,6ce0d2e37893a7a162d6d575347f6606eb63f90b7940cc3a259dc309cf88b8c8,predictions/dgraphfin__inductive_isolated__gcn__seed1.csv,$HISTORICAL_GNN_FRAUD_REPO/results/runs_rb09v3/runs.csv#dgraphfin:inductive_isolated:gcn:seed1,CANONICAL_PREDICTION_PATH_MISSING;INDEXED_SOURCE_ARCHIVE_MISSING,D
dgraphfin,isolated_inductive,gcn,2,fold0,INDEX_REFERENCED_FILE_MISSING,kaggleoutputs/dgraphfin_10seed_inductive_isolated/predictions/dgraphfin__inductive_isolated__gcn__seed2.csv,$HISTORICAL_GNN_FRAUD_REPO/kaggleoutputs/dgraphfin_10seed_inductive_isolated.zip,6ce0d2e37893a7a162d6d575347f6606eb63f90b7940cc3a259dc309cf88b8c8,predictions/dgraphfin__inductive_isolated__gcn__seed2.csv,$HISTORICAL_GNN_FRAUD_REPO/results/runs_rb09v3/runs.csv#dgraphfin:inductive_isolated:gcn:seed2,CANONICAL_PREDICTION_PATH_MISSING;INDEXED_SOURCE_ARCHIVE_MISSING,D
dgraphfin,isolated_inductive,gcn,3,fold0,INDEX_REFERENCED_FILE_MISSING,kaggleoutputs/dgraphfin_10seed_inductive_isolated/predictions/dgraphfin__inductive_isolated__gcn__seed3.csv,$HISTORICAL_GNN_FRAUD_REPO/kaggleoutputs/dgraphfin_10seed_inductive_isolated.zip,6ce0d2e37893a7a162d6d575347f6606eb63f90b7940cc3a259dc309cf88b8c8,predictions/dgraphfin__inductive_isolated__gcn__seed3.csv,$HISTORICAL_GNN_FRAUD_REPO/results/runs_rb09v3/runs.csv#dgraphfin:inductive_isolated:gcn:seed3,CANONICAL_PREDICTION_PATH_MISSING;INDEXED_SOURCE_ARCHIVE_MISSING,D
dgraphfin,isolated_inductive,gcn,4,fold0,INDEX_REFERENCED_FILE_MISSING,kaggleoutputs/dgraphfin_10seed_inductive_isolated/predictions/dgraphfin__inductive_isolated__gcn__seed4.csv,$HISTORICAL_GNN_FRAUD_REPO/kaggleoutputs/dgraphfin_10seed_inductive_isolated.zip,6ce0d2e37893a7a162d6d575347f6606eb63f90b7940cc3a259dc309cf88b8c8,predictions/dgraphfin__inductive_isolated__gcn__seed4.csv,$HISTORICAL_GNN_FRAUD_REPO/results/runs_rb09v3/runs.csv#dgraphfin:inductive_isolated:gcn:seed4,CANONICAL_PREDICTION_PATH_MISSING;INDEXED_SOURCE_ARCHIVE_MISSING,D
dgraphfin,isolated_inductive,gcn,5,fold0,INDEX_REFERENCED_FILE_MISSING,kaggleoutputs/dgraphfin_10seed_inductive_isolated/predictions/dgraphfin__inductive_isolated__gcn__seed5.csv,$HISTORICAL_GNN_FRAUD_REPO/kaggleoutputs/dgraphfin_10seed_inductive_isolated.zip,6ce0d2e37893a7a162d6d575347f6606eb63f90b7940cc3a259dc309cf88b8c8,predictions/dgraphfin__inductive_isolated__gcn__seed5.csv,$HISTORICAL_GNN_FRAUD_REPO/results/runs_rb09v3/runs.csv#dgraphfin:inductive_isolated:gcn:seed5,CANONICAL_PREDICTION_PATH_MISSING;INDEXED_SOURCE_ARCHIVE_MISSING,D
dgraphfin,isolated_inductive,gcn,6,fold0,INDEX_REFERENCED_FILE_MISSING,kaggleoutputs/dgraphfin_10seed_inductive_isolated/predictions/dgraphfin__inductive_isolated__gcn__seed6.csv,$HISTORICAL_GNN_FRAUD_REPO/kaggleoutputs/dgraphfin_10seed_inductive_isolated.zip,6ce0d2e37893a7a162d6d575347f6606eb63f90b7940cc3a259dc309cf88b8c8,predictions/dgraphfin__inductive_isolated__gcn__seed6.csv,$HISTORICAL_GNN_FRAUD_REPO/results/runs_rb09v3/runs.csv#dgraphfin:inductive_isolated:gcn:seed6,CANONICAL_PREDICTION_PATH_MISSING;INDEXED_SOURCE_ARCHIVE_MISSING,D
dgraphfin,isolated_inductive,gcn,7,fold0,INDEX_REFERENCED_FILE_MISSING,kaggleoutputs/dgraphfin_10seed_inductive_isolated/predictions/dgraphfin__inductive_isolated__gcn__seed7.csv,$HISTORICAL_GNN_FRAUD_REPO/kaggleoutputs/dgraphfin_10seed_inductive_isolated.zip,6ce0d2e37893a7a162d6d575347f6606eb63f90b7940cc3a259dc309cf88b8c8,predictions/dgraphfin__inductive_isolated__gcn__seed7.csv,$HISTORICAL_GNN_FRAUD_REPO/results/runs_rb09v3/runs.csv#dgraphfin:inductive_isolated:gcn:seed7,CANONICAL_PREDICTION_PATH_MISSING;INDEXED_SOURCE_ARCHIVE_MISSING,D
dgraphfin,isolated_inductive,gcn,8,fold0,INDEX_REFERENCED_FILE_MISSING,kaggleoutputs/dgraphfin_10seed_inductive_isolated/predictions/dgraphfin__inductive_isolated__gcn__seed8.csv,$HISTORICAL_GNN_FRAUD_REPO/kaggleoutputs/dgraphfin_10seed_inductive_isolated.zip,6ce0d2e37893a7a162d6d575347f6606eb63f90b7940cc3a259dc309cf88b8c8,predictions/dgraphfin__inductive_isolated__gcn__seed8.csv,$HISTORICAL_GNN_FRAUD_REPO/results/runs_rb09v3/runs.csv#dgraphfin:inductive_isolated:gcn:seed8,CANONICAL_PREDICTION_PATH_MISSING;INDEXED_SOURCE_ARCHIVE_MISSING,D
dgraphfin,isolated_inductive,gcn,9,fold0,INDEX_REFERENCED_FILE_MISSING,kaggleoutputs/dgraphfin_10seed_inductive_isolated/predictions/dgraphfin__inductive_isolated__gcn__seed9.csv,$HISTORICAL_GNN_FRAUD_REPO/kaggleoutputs/dgraphfin_10seed_inductive_isolated.zip,6ce0d2e37893a7a162d6d575347f6606eb63f90b7940cc3a259dc309cf88b8c8,predictions/dgraphfin__inductive_isolated__gcn__seed9.csv,$HISTORICAL_GNN_FRAUD_REPO/results/runs_rb09v3/runs.csv#dgraphfin:inductive_isolated:gcn:seed9,CANONICAL_PREDICTION_PATH_MISSING;INDEXED_SOURCE_ARCHIVE_MISSING,D
dgraphfin,isolated_inductive,gcn,10,fold0,INDEX_REFERENCED_FILE_MISSING,kaggleoutputs/dgraphfin_10seed_inductive_isolated/predictions/dgraphfin__inductive_isolated__gcn__seed10.csv,$HISTORICAL_GNN_FRAUD_REPO/kaggleoutputs/dgraphfin_10seed_inductive_isolated.zip,6ce0d2e37893a7a162d6d575347f6606eb63f90b7940cc3a259dc309cf88b8c8,predictions/dgraphfin__inductive_isolated__gcn__seed10.csv,$HISTORICAL_GNN_FRAUD_REPO/results/runs_rb09v3/runs.csv#dgraphfin:inductive_isolated:gcn:seed10,CANONICAL_PREDICTION_PATH_MISSING;INDEXED_SOURCE_ARCHIVE_MISSING,D
dgraphfin,isolated_inductive,graphsage,1,fold0,INDEX_REFERENCED_FILE_MISSING,kaggleoutputs/dgraphfin_10seed_inductive_isolated/predictions/dgraphfin__inductive_isolated__sage__seed1.csv,$HISTORICAL_GNN_FRAUD_REPO/kaggleoutputs/dgraphfin_10seed_inductive_isolated.zip,6ce0d2e37893a7a162d6d575347f6606eb63f90b7940cc3a259dc309cf88b8c8,predictions/dgraphfin__inductive_isolated__sage__seed1.csv,$HISTORICAL_GNN_FRAUD_REPO/results/runs_rb09v3/runs.csv#dgraphfin:inductive_isolated:sage:seed1,CANONICAL_PREDICTION_PATH_MISSING;INDEXED_SOURCE_ARCHIVE_MISSING,D
dgraphfin,isolated_inductive,graphsage,2,fold0,INDEX_REFERENCED_FILE_MISSING,kaggleoutputs/dgraphfin_10seed_inductive_isolated/predictions/dgraphfin__inductive_isolated__sage__seed2.csv,$HISTORICAL_GNN_FRAUD_REPO/kaggleoutputs/dgraphfin_10seed_inductive_isolated.zip,6ce0d2e37893a7a162d6d575347f6606eb63f90b7940cc3a259dc309cf88b8c8,predictions/dgraphfin__inductive_isolated__sage__seed2.csv,$HISTORICAL_GNN_FRAUD_REPO/results/runs_rb09v3/runs.csv#dgraphfin:inductive_isolated:sage:seed2,CANONICAL_PREDICTION_PATH_MISSING;INDEXED_SOURCE_ARCHIVE_MISSING,D
dgraphfin,isolated_inductive,graphsage,3,fold0,INDEX_REFERENCED_FILE_MISSING,kaggleoutputs/dgraphfin_10seed_inductive_isolated/predictions/dgraphfin__inductive_isolated__sage__seed3.csv,$HISTORICAL_GNN_FRAUD_REPO/kaggleoutputs/dgraphfin_10seed_inductive_isolated.zip,6ce0d2e37893a7a162d6d575347f6606eb63f90b7940cc3a259dc309cf88b8c8,predictions/dgraphfin__inductive_isolated__sage__seed3.csv,$HISTORICAL_GNN_FRAUD_REPO/results/runs_rb09v3/runs.csv#dgraphfin:inductive_isolated:sage:seed3,CANONICAL_PREDICTION_PATH_MISSING;INDEXED_SOURCE_ARCHIVE_MISSING,D
dgraphfin,isolated_inductive,graphsage,4,fold0,INDEX_REFERENCED_FILE_MISSING,kaggleoutputs/dgraphfin_10seed_inductive_isolated/predictions/dgraphfin__inductive_isolated__sage__seed4.csv,$HISTORICAL_GNN_FRAUD_REPO/kaggleoutputs/dgraphfin_10seed_inductive_isolated.zip,6ce0d2e37893a7a162d6d575347f6606eb63f90b7940cc3a259dc309cf88b8c8,predictions/dgraphfin__inductive_isolated__sage__seed4.csv,$HISTORICAL_GNN_FRAUD_REPO/results/runs_rb09v3/runs.csv#dgraphfin:inductive_isolated:sage:seed4,CANONICAL_PREDICTION_PATH_MISSING;INDEXED_SOURCE_ARCHIVE_MISSING,D
dgraphfin,isolated_inductive,graphsage,5,fold0,INDEX_REFERENCED_FILE_MISSING,kaggleoutputs/dgraphfin_10seed_inductive_isolated/predictions/dgraphfin__inductive_isolated__sage__seed5.csv,$HISTORICAL_GNN_FRAUD_REPO/kaggleoutputs/dgraphfin_10seed_inductive_isolated.zip,6ce0d2e37893a7a162d6d575347f6606eb63f90b7940cc3a259dc309cf88b8c8,predictions/dgraphfin__inductive_isolated__sage__seed5.csv,$HISTORICAL_GNN_FRAUD_REPO/results/runs_rb09v3/runs.csv#dgraphfin:inductive_isolated:sage:seed5,CANONICAL_PREDICTION_PATH_MISSING;INDEXED_SOURCE_ARCHIVE_MISSING,D
dgraphfin,isolated_inductive,graphsage,6,fold0,INDEX_REFERENCED_FILE_MISSING,kaggleoutputs/dgraphfin_10seed_inductive_isolated/predictions/dgraphfin__inductive_isolated__sage__seed6.csv,$HISTORICAL_GNN_FRAUD_REPO/kaggleoutputs/dgraphfin_10seed_inductive_isolated.zip,6ce0d2e37893a7a162d6d575347f6606eb63f90b7940cc3a259dc309cf88b8c8,predictions/dgraphfin__inductive_isolated__sage__seed6.csv,$HISTORICAL_GNN_FRAUD_REPO/results/runs_rb09v3/runs.csv#dgraphfin:inductive_isolated:sage:seed6,CANONICAL_PREDICTION_PATH_MISSING;INDEXED_SOURCE_ARCHIVE_MISSING,D
dgraphfin,isolated_inductive,graphsage,7,fold0,INDEX_REFERENCED_FILE_MISSING,kaggleoutputs/dgraphfin_10seed_inductive_isolated/predictions/dgraphfin__inductive_isolated__sage__seed7.csv,$HISTORICAL_GNN_FRAUD_REPO/kaggleoutputs/dgraphfin_10seed_inductive_isolated.zip,6ce0d2e37893a7a162d6d575347f6606eb63f90b7940cc3a259dc309cf88b8c8,predictions/dgraphfin__inductive_isolated__sage__seed7.csv,$HISTORICAL_GNN_FRAUD_REPO/results/runs_rb09v3/runs.csv#dgraphfin:inductive_isolated:sage:seed7,CANONICAL_PREDICTION_PATH_MISSING;INDEXED_SOURCE_ARCHIVE_MISSING,D
dgraphfin,isolated_inductive,graphsage,8,fold0,INDEX_REFERENCED_FILE_MISSING,kaggleoutputs/dgraphfin_10seed_inductive_isolated/predictions/dgraphfin__inductive_isolated__sage__seed8.csv,$HISTORICAL_GNN_FRAUD_REPO/kaggleoutputs/dgraphfin_10seed_inductive_isolated.zip,6ce0d2e37893a7a162d6d575347f6606eb63f90b7940cc3a259dc309cf88b8c8,predictions/dgraphfin__inductive_isolated__sage__seed8.csv,$HISTORICAL_GNN_FRAUD_REPO/results/runs_rb09v3/runs.csv#dgraphfin:inductive_isolated:sage:seed8,CANONICAL_PREDICTION_PATH_MISSING;INDEXED_SOURCE_ARCHIVE_MISSING,D
dgraphfin,isolated_inductive,graphsage,9,fold0,INDEX_REFERENCED_FILE_MISSING,kaggleoutputs/dgraphfin_10seed_inductive_isolated/predictions/dgraphfin__inductive_isolated__sage__seed9.csv,$HISTORICAL_GNN_FRAUD_REPO/kaggleoutputs/dgraphfin_10seed_inductive_isolated.zip,6ce0d2e37893a7a162d6d575347f6606eb63f90b7940cc3a259dc309cf88b8c8,predictions/dgraphfin__inductive_isolated__sage__seed9.csv,$HISTORICAL_GNN_FRAUD_REPO/results/runs_rb09v3/runs.csv#dgraphfin:inductive_isolated:sage:seed9,CANONICAL_PREDICTION_PATH_MISSING;INDEXED_SOURCE_ARCHIVE_MISSING,D
dgraphfin,isolated_inductive,graphsage,10,fold0,INDEX_REFERENCED_FILE_MISSING,kaggleoutputs/dgraphfin_10seed_inductive_isolated/predictions/dgraphfin__inductive_isolated__sage__seed10.csv,$HISTORICAL_GNN_FRAUD_REPO/kaggleoutputs/dgraphfin_10seed_inductive_isolated.zip,6ce0d2e37893a7a162d6d575347f6606eb63f90b7940cc3a259dc309cf88b8c8,predictions/dgraphfin__inductive_isolated__sage__seed10.csv,$HISTORICAL_GNN_FRAUD_REPO/results/runs_rb09v3/runs.csv#dgraphfin:inductive_isolated:sage:seed10,CANONICAL_PREDICTION_PATH_MISSING;INDEXED_SOURCE_ARCHIVE_MISSING,D
dgraphfin,strict_inductive,feature_mlp,1,fold0,INDEX_REFERENCED_FILE_MISSING,kaggleoutputs/dgraphfin_10seed_strict_inductive/predictions/dgraphfin__strict_inductive__mlp__seed1.csv,$HISTORICAL_GNN_FRAUD_REPO/kaggleoutputs/dgraphfin_10seed_strict_inductive.zip,e0055d3482107d16c7d52574b0a32adc1e7ae9236b67dbdf12f57327c0e6bce5,predictions/dgraphfin__strict_inductive__mlp__seed1.csv,$HISTORICAL_GNN_FRAUD_REPO/results/runs_rb09v3/runs.csv#dgraphfin:strict_inductive:mlp:seed1,CANONICAL_PREDICTION_PATH_MISSING;INDEXED_SOURCE_ARCHIVE_MISSING,D
dgraphfin,strict_inductive,feature_mlp,2,fold0,INDEX_REFERENCED_FILE_MISSING,kaggleoutputs/dgraphfin_10seed_strict_inductive/predictions/dgraphfin__strict_inductive__mlp__seed2.csv,$HISTORICAL_GNN_FRAUD_REPO/kaggleoutputs/dgraphfin_10seed_strict_inductive.zip,e0055d3482107d16c7d52574b0a32adc1e7ae9236b67dbdf12f57327c0e6bce5,predictions/dgraphfin__strict_inductive__mlp__seed2.csv,$HISTORICAL_GNN_FRAUD_REPO/results/runs_rb09v3/runs.csv#dgraphfin:strict_inductive:mlp:seed2,CANONICAL_PREDICTION_PATH_MISSING;INDEXED_SOURCE_ARCHIVE_MISSING,D
dgraphfin,strict_inductive,feature_mlp,3,fold0,INDEX_REFERENCED_FILE_MISSING,kaggleoutputs/dgraphfin_10seed_strict_inductive/predictions/dgraphfin__strict_inductive__mlp__seed3.csv,$HISTORICAL_GNN_FRAUD_REPO/kaggleoutputs/dgraphfin_10seed_strict_inductive.zip,e0055d3482107d16c7d52574b0a32adc1e7ae9236b67dbdf12f57327c0e6bce5,predictions/dgraphfin__strict_inductive__mlp__seed3.csv,$HISTORICAL_GNN_FRAUD_REPO/results/runs_rb09v3/runs.csv#dgraphfin:strict_inductive:mlp:seed3,CANONICAL_PREDICTION_PATH_MISSING;INDEXED_SOURCE_ARCHIVE_MISSING,D
dgraphfin,strict_inductive,feature_mlp,4,fold0,INDEX_REFERENCED_FILE_MISSING,kaggleoutputs/dgraphfin_10seed_strict_inductive/predictions/dgraphfin__strict_inductive__mlp__seed4.csv,$HISTORICAL_GNN_FRAUD_REPO/kaggleoutputs/dgraphfin_10seed_strict_inductive.zip,e0055d3482107d16c7d52574b0a32adc1e7ae9236b67dbdf12f57327c0e6bce5,predictions/dgraphfin__strict_inductive__mlp__seed4.csv,$HISTORICAL_GNN_FRAUD_REPO/results/runs_rb09v3/runs.csv#dgraphfin:strict_inductive:mlp:seed4,CANONICAL_PREDICTION_PATH_MISSING;INDEXED_SOURCE_ARCHIVE_MISSING,D
dgraphfin,strict_inductive,feature_mlp,5,fold0,INDEX_REFERENCED_FILE_MISSING,kaggleoutputs/dgraphfin_10seed_strict_inductive/predictions/dgraphfin__strict_inductive__mlp__seed5.csv,$HISTORICAL_GNN_FRAUD_REPO/kaggleoutputs/dgraphfin_10seed_strict_inductive.zip,e0055d3482107d16c7d52574b0a32adc1e7ae9236b67dbdf12f57327c0e6bce5,predictions/dgraphfin__strict_inductive__mlp__seed5.csv,$HISTORICAL_GNN_FRAUD_REPO/results/runs_rb09v3/runs.csv#dgraphfin:strict_inductive:mlp:seed5,CANONICAL_PREDICTION_PATH_MISSING;INDEXED_SOURCE_ARCHIVE_MISSING,D
dgraphfin,strict_inductive,feature_mlp,6,fold0,INDEX_REFERENCED_FILE_MISSING,kaggleoutputs/dgraphfin_10seed_strict_inductive/predictions/dgraphfin__strict_inductive__mlp__seed6.csv,$HISTORICAL_GNN_FRAUD_REPO/kaggleoutputs/dgraphfin_10seed_strict_inductive.zip,e0055d3482107d16c7d52574b0a32adc1e7ae9236b67dbdf12f57327c0e6bce5,predictions/dgraphfin__strict_inductive__mlp__seed6.csv,$HISTORICAL_GNN_FRAUD_REPO/results/runs_rb09v3/runs.csv#dgraphfin:strict_inductive:mlp:seed6,CANONICAL_PREDICTION_PATH_MISSING;INDEXED_SOURCE_ARCHIVE_MISSING,D
dgraphfin,strict_inductive,feature_mlp,7,fold0,INDEX_REFERENCED_FILE_MISSING,kaggleoutputs/dgraphfin_10seed_strict_inductive/predictions/dgraphfin__strict_inductive__mlp__seed7.csv,$HISTORICAL_GNN_FRAUD_REPO/kaggleoutputs/dgraphfin_10seed_strict_inductive.zip,e0055d3482107d16c7d52574b0a32adc1e7ae9236b67dbdf12f57327c0e6bce5,predictions/dgraphfin__strict_inductive__mlp__seed7.csv,$HISTORICAL_GNN_FRAUD_REPO/results/runs_rb09v3/runs.csv#dgraphfin:strict_inductive:mlp:seed7,CANONICAL_PREDICTION_PATH_MISSING;INDEXED_SOURCE_ARCHIVE_MISSING,D
dgraphfin,strict_inductive,feature_mlp,8,fold0,INDEX_REFERENCED_FILE_MISSING,kaggleoutputs/dgraphfin_10seed_strict_inductive/predictions/dgraphfin__strict_inductive__mlp__seed8.csv,$HISTORICAL_GNN_FRAUD_REPO/kaggleoutputs/dgraphfin_10seed_strict_inductive.zip,e0055d3482107d16c7d52574b0a32adc1e7ae9236b67dbdf12f57327c0e6bce5,predictions/dgraphfin__strict_inductive__mlp__seed8.csv,$HISTORICAL_GNN_FRAUD_REPO/results/runs_rb09v3/runs.csv#dgraphfin:strict_inductive:mlp:seed8,CANONICAL_PREDICTION_PATH_MISSING;INDEXED_SOURCE_ARCHIVE_MISSING,D
dgraphfin,strict_inductive,feature_mlp,9,fold0,INDEX_REFERENCED_FILE_MISSING,kaggleoutputs/dgraphfin_10seed_strict_inductive/predictions/dgraphfin__strict_inductive__mlp__seed9.csv,$HISTORICAL_GNN_FRAUD_REPO/kaggleoutputs/dgraphfin_10seed_strict_inductive.zip,e0055d3482107d16c7d52574b0a32adc1e7ae9236b67dbdf12f57327c0e6bce5,predictions/dgraphfin__strict_inductive__mlp__seed9.csv,$HISTORICAL_GNN_FRAUD_REPO/results/runs_rb09v3/runs.csv#dgraphfin:strict_inductive:mlp:seed9,CANONICAL_PREDICTION_PATH_MISSING;INDEXED_SOURCE_ARCHIVE_MISSING,D
dgraphfin,strict_inductive,feature_mlp,10,fold0,INDEX_REFERENCED_FILE_MISSING,kaggleoutputs/dgraphfin_10seed_strict_inductive/predictions/dgraphfin__strict_inductive__mlp__seed10.csv,$HISTORICAL_GNN_FRAUD_REPO/kaggleoutputs/dgraphfin_10seed_strict_inductive.zip,e0055d3482107d16c7d52574b0a32adc1e7ae9236b67dbdf12f57327c0e6bce5,predictions/dgraphfin__strict_inductive__mlp__seed10.csv,$HISTORICAL_GNN_FRAUD_REPO/results/runs_rb09v3/runs.csv#dgraphfin:strict_inductive:mlp:seed10,CANONICAL_PREDICTION_PATH_MISSING;INDEXED_SOURCE_ARCHIVE_MISSING,D
dgraphfin,strict_inductive,gcn,1,fold0,INDEX_REFERENCED_FILE_MISSING,kaggleoutputs/dgraphfin_10seed_strict_inductive/predictions/dgraphfin__strict_inductive__gcn__seed1.csv,$HISTORICAL_GNN_FRAUD_REPO/kaggleoutputs/dgraphfin_10seed_strict_inductive.zip,e0055d3482107d16c7d52574b0a32adc1e7ae9236b67dbdf12f57327c0e6bce5,predictions/dgraphfin__strict_inductive__gcn__seed1.csv,$HISTORICAL_GNN_FRAUD_REPO/results/runs_rb09v3/runs.csv#dgraphfin:strict_inductive:gcn:seed1,CANONICAL_PREDICTION_PATH_MISSING;INDEXED_SOURCE_ARCHIVE_MISSING;UNVERIFIED_RAW_COORDINATE_CANDIDATES_NOT_ALIASED,D
dgraphfin,strict_inductive,gcn,2,fold0,INDEX_REFERENCED_FILE_MISSING,kaggleoutputs/dgraphfin_10seed_strict_inductive/predictions/dgraphfin__strict_inductive__gcn__seed2.csv,$HISTORICAL_GNN_FRAUD_REPO/kaggleoutputs/dgraphfin_10seed_strict_inductive.zip,e0055d3482107d16c7d52574b0a32adc1e7ae9236b67dbdf12f57327c0e6bce5,predictions/dgraphfin__strict_inductive__gcn__seed2.csv,$HISTORICAL_GNN_FRAUD_REPO/results/runs_rb09v3/runs.csv#dgraphfin:strict_inductive:gcn:seed2,CANONICAL_PREDICTION_PATH_MISSING;INDEXED_SOURCE_ARCHIVE_MISSING;UNVERIFIED_RAW_COORDINATE_CANDIDATES_NOT_ALIASED,D
dgraphfin,strict_inductive,gcn,3,fold0,INDEX_REFERENCED_FILE_MISSING,kaggleoutputs/dgraphfin_10seed_strict_inductive/predictions/dgraphfin__strict_inductive__gcn__seed3.csv,$HISTORICAL_GNN_FRAUD_REPO/kaggleoutputs/dgraphfin_10seed_strict_inductive.zip,e0055d3482107d16c7d52574b0a32adc1e7ae9236b67dbdf12f57327c0e6bce5,predictions/dgraphfin__strict_inductive__gcn__seed3.csv,$HISTORICAL_GNN_FRAUD_REPO/results/runs_rb09v3/runs.csv#dgraphfin:strict_inductive:gcn:seed3,CANONICAL_PREDICTION_PATH_MISSING;INDEXED_SOURCE_ARCHIVE_MISSING;UNVERIFIED_RAW_COORDINATE_CANDIDATES_NOT_ALIASED,D
dgraphfin,strict_inductive,gcn,4,fold0,INDEX_REFERENCED_FILE_MISSING,kaggleoutputs/dgraphfin_10seed_strict_inductive/predictions/dgraphfin__strict_inductive__gcn__seed4.csv,$HISTORICAL_GNN_FRAUD_REPO/kaggleoutputs/dgraphfin_10seed_strict_inductive.zip,e0055d3482107d16c7d52574b0a32adc1e7ae9236b67dbdf12f57327c0e6bce5,predictions/dgraphfin__strict_inductive__gcn__seed4.csv,$HISTORICAL_GNN_FRAUD_REPO/results/runs_rb09v3/runs.csv#dgraphfin:strict_inductive:gcn:seed4,CANONICAL_PREDICTION_PATH_MISSING;INDEXED_SOURCE_ARCHIVE_MISSING,D
dgraphfin,strict_inductive,gcn,5,fold0,INDEX_REFERENCED_FILE_MISSING,kaggleoutputs/dgraphfin_10seed_strict_inductive/predictions/dgraphfin__strict_inductive__gcn__seed5.csv,$HISTORICAL_GNN_FRAUD_REPO/kaggleoutputs/dgraphfin_10seed_strict_inductive.zip,e0055d3482107d16c7d52574b0a32adc1e7ae9236b67dbdf12f57327c0e6bce5,predictions/dgraphfin__strict_inductive__gcn__seed5.csv,$HISTORICAL_GNN_FRAUD_REPO/results/runs_rb09v3/runs.csv#dgraphfin:strict_inductive:gcn:seed5,CANONICAL_PREDICTION_PATH_MISSING;INDEXED_SOURCE_ARCHIVE_MISSING,D
dgraphfin,strict_inductive,gcn,6,fold0,INDEX_REFERENCED_FILE_MISSING,kaggleoutputs/dgraphfin_10seed_strict_inductive/predictions/dgraphfin__strict_inductive__gcn__seed6.csv,$HISTORICAL_GNN_FRAUD_REPO/kaggleoutputs/dgraphfin_10seed_strict_inductive.zip,e0055d3482107d16c7d52574b0a32adc1e7ae9236b67dbdf12f57327c0e6bce5,predictions/dgraphfin__strict_inductive__gcn__seed6.csv,$HISTORICAL_GNN_FRAUD_REPO/results/runs_rb09v3/runs.csv#dgraphfin:strict_inductive:gcn:seed6,CANONICAL_PREDICTION_PATH_MISSING;INDEXED_SOURCE_ARCHIVE_MISSING,D
dgraphfin,strict_inductive,gcn,7,fold0,INDEX_REFERENCED_FILE_MISSING,kaggleoutputs/dgraphfin_10seed_strict_inductive/predictions/dgraphfin__strict_inductive__gcn__seed7.csv,$HISTORICAL_GNN_FRAUD_REPO/kaggleoutputs/dgraphfin_10seed_strict_inductive.zip,e0055d3482107d16c7d52574b0a32adc1e7ae9236b67dbdf12f57327c0e6bce5,predictions/dgraphfin__strict_inductive__gcn__seed7.csv,$HISTORICAL_GNN_FRAUD_REPO/results/runs_rb09v3/runs.csv#dgraphfin:strict_inductive:gcn:seed7,CANONICAL_PREDICTION_PATH_MISSING;INDEXED_SOURCE_ARCHIVE_MISSING,D
dgraphfin,strict_inductive,gcn,8,fold0,INDEX_REFERENCED_FILE_MISSING,kaggleoutputs/dgraphfin_10seed_strict_inductive/predictions/dgraphfin__strict_inductive__gcn__seed8.csv,$HISTORICAL_GNN_FRAUD_REPO/kaggleoutputs/dgraphfin_10seed_strict_inductive.zip,e0055d3482107d16c7d52574b0a32adc1e7ae9236b67dbdf12f57327c0e6bce5,predictions/dgraphfin__strict_inductive__gcn__seed8.csv,$HISTORICAL_GNN_FRAUD_REPO/results/runs_rb09v3/runs.csv#dgraphfin:strict_inductive:gcn:seed8,CANONICAL_PREDICTION_PATH_MISSING;INDEXED_SOURCE_ARCHIVE_MISSING,D
dgraphfin,strict_inductive,gcn,9,fold0,INDEX_REFERENCED_FILE_MISSING,kaggleoutputs/dgraphfin_10seed_strict_inductive/predictions/dgraphfin__strict_inductive__gcn__seed9.csv,$HISTORICAL_GNN_FRAUD_REPO/kaggleoutputs/dgraphfin_10seed_strict_inductive.zip,e0055d3482107d16c7d52574b0a32adc1e7ae9236b67dbdf12f57327c0e6bce5,predictions/dgraphfin__strict_inductive__gcn__seed9.csv,$HISTORICAL_GNN_FRAUD_REPO/results/runs_rb09v3/runs.csv#dgraphfin:strict_inductive:gcn:seed9,CANONICAL_PREDICTION_PATH_MISSING;INDEXED_SOURCE_ARCHIVE_MISSING,D
dgraphfin,strict_inductive,gcn,10,fold0,INDEX_REFERENCED_FILE_MISSING,kaggleoutputs/dgraphfin_10seed_strict_inductive/predictions/dgraphfin__strict_inductive__gcn__seed10.csv,$HISTORICAL_GNN_FRAUD_REPO/kaggleoutputs/dgraphfin_10seed_strict_inductive.zip,e0055d3482107d16c7d52574b0a32adc1e7ae9236b67dbdf12f57327c0e6bce5,predictions/dgraphfin__strict_inductive__gcn__seed10.csv,$HISTORICAL_GNN_FRAUD_REPO/results/runs_rb09v3/runs.csv#dgraphfin:strict_inductive:gcn:seed10,CANONICAL_PREDICTION_PATH_MISSING;INDEXED_SOURCE_ARCHIVE_MISSING,D
dgraphfin,strict_inductive,graphsage,1,fold0,INDEX_REFERENCED_FILE_MISSING,kaggleoutputs/dgraphfin_10seed_strict_inductive/predictions/dgraphfin__strict_inductive__sage__seed1.csv,$HISTORICAL_GNN_FRAUD_REPO/kaggleoutputs/dgraphfin_10seed_strict_inductive.zip,e0055d3482107d16c7d52574b0a32adc1e7ae9236b67dbdf12f57327c0e6bce5,predictions/dgraphfin__strict_inductive__sage__seed1.csv,$HISTORICAL_GNN_FRAUD_REPO/results/runs_rb09v3/runs.csv#dgraphfin:strict_inductive:sage:seed1,CANONICAL_PREDICTION_PATH_MISSING;INDEXED_SOURCE_ARCHIVE_MISSING,D
dgraphfin,strict_inductive,graphsage,2,fold0,INDEX_REFERENCED_FILE_MISSING,kaggleoutputs/dgraphfin_10seed_strict_inductive/predictions/dgraphfin__strict_inductive__sage__seed2.csv,$HISTORICAL_GNN_FRAUD_REPO/kaggleoutputs/dgraphfin_10seed_strict_inductive.zip,e0055d3482107d16c7d52574b0a32adc1e7ae9236b67dbdf12f57327c0e6bce5,predictions/dgraphfin__strict_inductive__sage__seed2.csv,$HISTORICAL_GNN_FRAUD_REPO/results/runs_rb09v3/runs.csv#dgraphfin:strict_inductive:sage:seed2,CANONICAL_PREDICTION_PATH_MISSING;INDEXED_SOURCE_ARCHIVE_MISSING,D
dgraphfin,strict_inductive,graphsage,3,fold0,INDEX_REFERENCED_FILE_MISSING,kaggleoutputs/dgraphfin_10seed_strict_inductive/predictions/dgraphfin__strict_inductive__sage__seed3.csv,$HISTORICAL_GNN_FRAUD_REPO/kaggleoutputs/dgraphfin_10seed_strict_inductive.zip,e0055d3482107d16c7d52574b0a32adc1e7ae9236b67dbdf12f57327c0e6bce5,predictions/dgraphfin__strict_inductive__sage__seed3.csv,$HISTORICAL_GNN_FRAUD_REPO/results/runs_rb09v3/runs.csv#dgraphfin:strict_inductive:sage:seed3,CANONICAL_PREDICTION_PATH_MISSING;INDEXED_SOURCE_ARCHIVE_MISSING,D
dgraphfin,strict_inductive,graphsage,4,fold0,INDEX_REFERENCED_FILE_MISSING,kaggleoutputs/dgraphfin_10seed_strict_inductive/predictions/dgraphfin__strict_inductive__sage__seed4.csv,$HISTORICAL_GNN_FRAUD_REPO/kaggleoutputs/dgraphfin_10seed_strict_inductive.zip,e0055d3482107d16c7d52574b0a32adc1e7ae9236b67dbdf12f57327c0e6bce5,predictions/dgraphfin__strict_inductive__sage__seed4.csv,$HISTORICAL_GNN_FRAUD_REPO/results/runs_rb09v3/runs.csv#dgraphfin:strict_inductive:sage:seed4,CANONICAL_PREDICTION_PATH_MISSING;INDEXED_SOURCE_ARCHIVE_MISSING,D
dgraphfin,strict_inductive,graphsage,5,fold0,INDEX_REFERENCED_FILE_MISSING,kaggleoutputs/dgraphfin_10seed_strict_inductive/predictions/dgraphfin__strict_inductive__sage__seed5.csv,$HISTORICAL_GNN_FRAUD_REPO/kaggleoutputs/dgraphfin_10seed_strict_inductive.zip,e0055d3482107d16c7d52574b0a32adc1e7ae9236b67dbdf12f57327c0e6bce5,predictions/dgraphfin__strict_inductive__sage__seed5.csv,$HISTORICAL_GNN_FRAUD_REPO/results/runs_rb09v3/runs.csv#dgraphfin:strict_inductive:sage:seed5,CANONICAL_PREDICTION_PATH_MISSING;INDEXED_SOURCE_ARCHIVE_MISSING,D
dgraphfin,strict_inductive,graphsage,6,fold0,INDEX_REFERENCED_FILE_MISSING,kaggleoutputs/dgraphfin_10seed_strict_inductive/predictions/dgraphfin__strict_inductive__sage__seed6.csv,$HISTORICAL_GNN_FRAUD_REPO/kaggleoutputs/dgraphfin_10seed_strict_inductive.zip,e0055d3482107d16c7d52574b0a32adc1e7ae9236b67dbdf12f57327c0e6bce5,predictions/dgraphfin__strict_inductive__sage__seed6.csv,$HISTORICAL_GNN_FRAUD_REPO/results/runs_rb09v3/runs.csv#dgraphfin:strict_inductive:sage:seed6,CANONICAL_PREDICTION_PATH_MISSING;INDEXED_SOURCE_ARCHIVE_MISSING,D
dgraphfin,strict_inductive,graphsage,7,fold0,INDEX_REFERENCED_FILE_MISSING,kaggleoutputs/dgraphfin_10seed_strict_inductive/predictions/dgraphfin__strict_inductive__sage__seed7.csv,$HISTORICAL_GNN_FRAUD_REPO/kaggleoutputs/dgraphfin_10seed_strict_inductive.zip,e0055d3482107d16c7d52574b0a32adc1e7ae9236b67dbdf12f57327c0e6bce5,predictions/dgraphfin__strict_inductive__sage__seed7.csv,$HISTORICAL_GNN_FRAUD_REPO/results/runs_rb09v3/runs.csv#dgraphfin:strict_inductive:sage:seed7,CANONICAL_PREDICTION_PATH_MISSING;INDEXED_SOURCE_ARCHIVE_MISSING,D
dgraphfin,strict_inductive,graphsage,8,fold0,INDEX_REFERENCED_FILE_MISSING,kaggleoutputs/dgraphfin_10seed_strict_inductive/predictions/dgraphfin__strict_inductive__sage__seed8.csv,$HISTORICAL_GNN_FRAUD_REPO/kaggleoutputs/dgraphfin_10seed_strict_inductive.zip,e0055d3482107d16c7d52574b0a32adc1e7ae9236b67dbdf12f57327c0e6bce5,predictions/dgraphfin__strict_inductive__sage__seed8.csv,$HISTORICAL_GNN_FRAUD_REPO/results/runs_rb09v3/runs.csv#dgraphfin:strict_inductive:sage:seed8,CANONICAL_PREDICTION_PATH_MISSING;INDEXED_SOURCE_ARCHIVE_MISSING,D
dgraphfin,strict_inductive,graphsage,9,fold0,INDEX_REFERENCED_FILE_MISSING,kaggleoutputs/dgraphfin_10seed_strict_inductive/predictions/dgraphfin__strict_inductive__sage__seed9.csv,$HISTORICAL_GNN_FRAUD_REPO/kaggleoutputs/dgraphfin_10seed_strict_inductive.zip,e0055d3482107d16c7d52574b0a32adc1e7ae9236b67dbdf12f57327c0e6bce5,predictions/dgraphfin__strict_inductive__sage__seed9.csv,$HISTORICAL_GNN_FRAUD_REPO/results/runs_rb09v3/runs.csv#dgraphfin:strict_inductive:sage:seed9,CANONICAL_PREDICTION_PATH_MISSING;INDEXED_SOURCE_ARCHIVE_MISSING,D
dgraphfin,strict_inductive,graphsage,10,fold0,INDEX_REFERENCED_FILE_MISSING,kaggleoutputs/dgraphfin_10seed_strict_inductive/predictions/dgraphfin__strict_inductive__sage__seed10.csv,$HISTORICAL_GNN_FRAUD_REPO/kaggleoutputs/dgraphfin_10seed_strict_inductive.zip,e0055d3482107d16c7d52574b0a32adc1e7ae9236b67dbdf12f57327c0e6bce5,predictions/dgraphfin__strict_inductive__sage__seed10.csv,$HISTORICAL_GNN_FRAUD_REPO/results/runs_rb09v3/runs.csv#dgraphfin:strict_inductive:sage:seed10,CANONICAL_PREDICTION_PATH_MISSING;INDEXED_SOURCE_ARCHIVE_MISSING,D
dgraphfin,transductive_structure,feature_mlp,1,fold0,INDEX_REFERENCED_FILE_MISSING,kaggleoutputs/dgraphfin_10seed_transductive/predictions/dgraphfin__transductive__mlp__seed1.csv,$HISTORICAL_GNN_FRAUD_REPO/kaggleoutputs/dgraphfin_10seed_transductive.zip,6d0167aae53b681bb7ffc037b84c723869ba718f30feb955c333890bfe8783d5,predictions/dgraphfin__transductive__mlp__seed1.csv,$HISTORICAL_GNN_FRAUD_REPO/results/runs_rb09v3/runs.csv#dgraphfin:transductive:mlp:seed1,CANONICAL_PREDICTION_PATH_MISSING;INDEXED_SOURCE_ARCHIVE_MISSING,D
dgraphfin,transductive_structure,feature_mlp,2,fold0,INDEX_REFERENCED_FILE_MISSING,kaggleoutputs/dgraphfin_10seed_transductive/predictions/dgraphfin__transductive__mlp__seed2.csv,$HISTORICAL_GNN_FRAUD_REPO/kaggleoutputs/dgraphfin_10seed_transductive.zip,6d0167aae53b681bb7ffc037b84c723869ba718f30feb955c333890bfe8783d5,predictions/dgraphfin__transductive__mlp__seed2.csv,$HISTORICAL_GNN_FRAUD_REPO/results/runs_rb09v3/runs.csv#dgraphfin:transductive:mlp:seed2,CANONICAL_PREDICTION_PATH_MISSING;INDEXED_SOURCE_ARCHIVE_MISSING,D
dgraphfin,transductive_structure,feature_mlp,3,fold0,INDEX_REFERENCED_FILE_MISSING,kaggleoutputs/dgraphfin_10seed_transductive/predictions/dgraphfin__transductive__mlp__seed3.csv,$HISTORICAL_GNN_FRAUD_REPO/kaggleoutputs/dgraphfin_10seed_transductive.zip,6d0167aae53b681bb7ffc037b84c723869ba718f30feb955c333890bfe8783d5,predictions/dgraphfin__transductive__mlp__seed3.csv,$HISTORICAL_GNN_FRAUD_REPO/results/runs_rb09v3/runs.csv#dgraphfin:transductive:mlp:seed3,CANONICAL_PREDICTION_PATH_MISSING;INDEXED_SOURCE_ARCHIVE_MISSING,D
dgraphfin,transductive_structure,feature_mlp,4,fold0,INDEX_REFERENCED_FILE_MISSING,kaggleoutputs/dgraphfin_10seed_transductive/predictions/dgraphfin__transductive__mlp__seed4.csv,$HISTORICAL_GNN_FRAUD_REPO/kaggleoutputs/dgraphfin_10seed_transductive.zip,6d0167aae53b681bb7ffc037b84c723869ba718f30feb955c333890bfe8783d5,predictions/dgraphfin__transductive__mlp__seed4.csv,$HISTORICAL_GNN_FRAUD_REPO/results/runs_rb09v3/runs.csv#dgraphfin:transductive:mlp:seed4,CANONICAL_PREDICTION_PATH_MISSING;INDEXED_SOURCE_ARCHIVE_MISSING,D
dgraphfin,transductive_structure,feature_mlp,5,fold0,INDEX_REFERENCED_FILE_MISSING,kaggleoutputs/dgraphfin_10seed_transductive/predictions/dgraphfin__transductive__mlp__seed5.csv,$HISTORICAL_GNN_FRAUD_REPO/kaggleoutputs/dgraphfin_10seed_transductive.zip,6d0167aae53b681bb7ffc037b84c723869ba718f30feb955c333890bfe8783d5,predictions/dgraphfin__transductive__mlp__seed5.csv,$HISTORICAL_GNN_FRAUD_REPO/results/runs_rb09v3/runs.csv#dgraphfin:transductive:mlp:seed5,CANONICAL_PREDICTION_PATH_MISSING;INDEXED_SOURCE_ARCHIVE_MISSING,D
dgraphfin,transductive_structure,feature_mlp,6,fold0,INDEX_REFERENCED_FILE_MISSING,kaggleoutputs/dgraphfin_10seed_transductive/predictions/dgraphfin__transductive__mlp__seed6.csv,$HISTORICAL_GNN_FRAUD_REPO/kaggleoutputs/dgraphfin_10seed_transductive.zip,6d0167aae53b681bb7ffc037b84c723869ba718f30feb955c333890bfe8783d5,predictions/dgraphfin__transductive__mlp__seed6.csv,$HISTORICAL_GNN_FRAUD_REPO/results/runs_rb09v3/runs.csv#dgraphfin:transductive:mlp:seed6,CANONICAL_PREDICTION_PATH_MISSING;INDEXED_SOURCE_ARCHIVE_MISSING,D
dgraphfin,transductive_structure,feature_mlp,7,fold0,INDEX_REFERENCED_FILE_MISSING,kaggleoutputs/dgraphfin_10seed_transductive/predictions/dgraphfin__transductive__mlp__seed7.csv,$HISTORICAL_GNN_FRAUD_REPO/kaggleoutputs/dgraphfin_10seed_transductive.zip,6d0167aae53b681bb7ffc037b84c723869ba718f30feb955c333890bfe8783d5,predictions/dgraphfin__transductive__mlp__seed7.csv,$HISTORICAL_GNN_FRAUD_REPO/results/runs_rb09v3/runs.csv#dgraphfin:transductive:mlp:seed7,CANONICAL_PREDICTION_PATH_MISSING;INDEXED_SOURCE_ARCHIVE_MISSING,D
dgraphfin,transductive_structure,feature_mlp,8,fold0,INDEX_REFERENCED_FILE_MISSING,kaggleoutputs/dgraphfin_10seed_transductive/predictions/dgraphfin__transductive__mlp__seed8.csv,$HISTORICAL_GNN_FRAUD_REPO/kaggleoutputs/dgraphfin_10seed_transductive.zip,6d0167aae53b681bb7ffc037b84c723869ba718f30feb955c333890bfe8783d5,predictions/dgraphfin__transductive__mlp__seed8.csv,$HISTORICAL_GNN_FRAUD_REPO/results/runs_rb09v3/runs.csv#dgraphfin:transductive:mlp:seed8,CANONICAL_PREDICTION_PATH_MISSING;INDEXED_SOURCE_ARCHIVE_MISSING,D
dgraphfin,transductive_structure,feature_mlp,9,fold0,INDEX_REFERENCED_FILE_MISSING,kaggleoutputs/dgraphfin_10seed_transductive/predictions/dgraphfin__transductive__mlp__seed9.csv,$HISTORICAL_GNN_FRAUD_REPO/kaggleoutputs/dgraphfin_10seed_transductive.zip,6d0167aae53b681bb7ffc037b84c723869ba718f30feb955c333890bfe8783d5,predictions/dgraphfin__transductive__mlp__seed9.csv,$HISTORICAL_GNN_FRAUD_REPO/results/runs_rb09v3/runs.csv#dgraphfin:transductive:mlp:seed9,CANONICAL_PREDICTION_PATH_MISSING;INDEXED_SOURCE_ARCHIVE_MISSING,D
dgraphfin,transductive_structure,feature_mlp,10,fold0,INDEX_REFERENCED_FILE_MISSING,kaggleoutputs/dgraphfin_10seed_transductive/predictions/dgraphfin__transductive__mlp__seed10.csv,$HISTORICAL_GNN_FRAUD_REPO/kaggleoutputs/dgraphfin_10seed_transductive.zip,6d0167aae53b681bb7ffc037b84c723869ba718f30feb955c333890bfe8783d5,predictions/dgraphfin__transductive__mlp__seed10.csv,$HISTORICAL_GNN_FRAUD_REPO/results/runs_rb09v3/runs.csv#dgraphfin:transductive:mlp:seed10,CANONICAL_PREDICTION_PATH_MISSING;INDEXED_SOURCE_ARCHIVE_MISSING,D
dgraphfin,transductive_structure,gcn,1,fold0,INDEX_REFERENCED_FILE_MISSING,kaggleoutputs/dgraphfin_10seed_transductive/predictions/dgraphfin__transductive__gcn__seed1.csv,$HISTORICAL_GNN_FRAUD_REPO/kaggleoutputs/dgraphfin_10seed_transductive.zip,6d0167aae53b681bb7ffc037b84c723869ba718f30feb955c333890bfe8783d5,predictions/dgraphfin__transductive__gcn__seed1.csv,$HISTORICAL_GNN_FRAUD_REPO/results/runs_rb09v3/runs.csv#dgraphfin:transductive:gcn:seed1,CANONICAL_PREDICTION_PATH_MISSING;INDEXED_SOURCE_ARCHIVE_MISSING,D
dgraphfin,transductive_structure,gcn,2,fold0,INDEX_REFERENCED_FILE_MISSING,kaggleoutputs/dgraphfin_10seed_transductive/predictions/dgraphfin__transductive__gcn__seed2.csv,$HISTORICAL_GNN_FRAUD_REPO/kaggleoutputs/dgraphfin_10seed_transductive.zip,6d0167aae53b681bb7ffc037b84c723869ba718f30feb955c333890bfe8783d5,predictions/dgraphfin__transductive__gcn__seed2.csv,$HISTORICAL_GNN_FRAUD_REPO/results/runs_rb09v3/runs.csv#dgraphfin:transductive:gcn:seed2,CANONICAL_PREDICTION_PATH_MISSING;INDEXED_SOURCE_ARCHIVE_MISSING,D
dgraphfin,transductive_structure,gcn,3,fold0,INDEX_REFERENCED_FILE_MISSING,kaggleoutputs/dgraphfin_10seed_transductive/predictions/dgraphfin__transductive__gcn__seed3.csv,$HISTORICAL_GNN_FRAUD_REPO/kaggleoutputs/dgraphfin_10seed_transductive.zip,6d0167aae53b681bb7ffc037b84c723869ba718f30feb955c333890bfe8783d5,predictions/dgraphfin__transductive__gcn__seed3.csv,$HISTORICAL_GNN_FRAUD_REPO/results/runs_rb09v3/runs.csv#dgraphfin:transductive:gcn:seed3,CANONICAL_PREDICTION_PATH_MISSING;INDEXED_SOURCE_ARCHIVE_MISSING,D
dgraphfin,transductive_structure,gcn,4,fold0,INDEX_REFERENCED_FILE_MISSING,kaggleoutputs/dgraphfin_10seed_transductive/predictions/dgraphfin__transductive__gcn__seed4.csv,$HISTORICAL_GNN_FRAUD_REPO/kaggleoutputs/dgraphfin_10seed_transductive.zip,6d0167aae53b681bb7ffc037b84c723869ba718f30feb955c333890bfe8783d5,predictions/dgraphfin__transductive__gcn__seed4.csv,$HISTORICAL_GNN_FRAUD_REPO/results/runs_rb09v3/runs.csv#dgraphfin:transductive:gcn:seed4,CANONICAL_PREDICTION_PATH_MISSING;INDEXED_SOURCE_ARCHIVE_MISSING,D
dgraphfin,transductive_structure,gcn,5,fold0,INDEX_REFERENCED_FILE_MISSING,kaggleoutputs/dgraphfin_10seed_transductive/predictions/dgraphfin__transductive__gcn__seed5.csv,$HISTORICAL_GNN_FRAUD_REPO/kaggleoutputs/dgraphfin_10seed_transductive.zip,6d0167aae53b681bb7ffc037b84c723869ba718f30feb955c333890bfe8783d5,predictions/dgraphfin__transductive__gcn__seed5.csv,$HISTORICAL_GNN_FRAUD_REPO/results/runs_rb09v3/runs.csv#dgraphfin:transductive:gcn:seed5,CANONICAL_PREDICTION_PATH_MISSING;INDEXED_SOURCE_ARCHIVE_MISSING,D
dgraphfin,transductive_structure,gcn,6,fold0,INDEX_REFERENCED_FILE_MISSING,kaggleoutputs/dgraphfin_10seed_transductive/predictions/dgraphfin__transductive__gcn__seed6.csv,$HISTORICAL_GNN_FRAUD_REPO/kaggleoutputs/dgraphfin_10seed_transductive.zip,6d0167aae53b681bb7ffc037b84c723869ba718f30feb955c333890bfe8783d5,predictions/dgraphfin__transductive__gcn__seed6.csv,$HISTORICAL_GNN_FRAUD_REPO/results/runs_rb09v3/runs.csv#dgraphfin:transductive:gcn:seed6,CANONICAL_PREDICTION_PATH_MISSING;INDEXED_SOURCE_ARCHIVE_MISSING,D
dgraphfin,transductive_structure,gcn,7,fold0,INDEX_REFERENCED_FILE_MISSING,kaggleoutputs/dgraphfin_10seed_transductive/predictions/dgraphfin__transductive__gcn__seed7.csv,$HISTORICAL_GNN_FRAUD_REPO/kaggleoutputs/dgraphfin_10seed_transductive.zip,6d0167aae53b681bb7ffc037b84c723869ba718f30feb955c333890bfe8783d5,predictions/dgraphfin__transductive__gcn__seed7.csv,$HISTORICAL_GNN_FRAUD_REPO/results/runs_rb09v3/runs.csv#dgraphfin:transductive:gcn:seed7,CANONICAL_PREDICTION_PATH_MISSING;INDEXED_SOURCE_ARCHIVE_MISSING,D
dgraphfin,transductive_structure,gcn,8,fold0,INDEX_REFERENCED_FILE_MISSING,kaggleoutputs/dgraphfin_10seed_transductive/predictions/dgraphfin__transductive__gcn__seed8.csv,$HISTORICAL_GNN_FRAUD_REPO/kaggleoutputs/dgraphfin_10seed_transductive.zip,6d0167aae53b681bb7ffc037b84c723869ba718f30feb955c333890bfe8783d5,predictions/dgraphfin__transductive__gcn__seed8.csv,$HISTORICAL_GNN_FRAUD_REPO/results/runs_rb09v3/runs.csv#dgraphfin:transductive:gcn:seed8,CANONICAL_PREDICTION_PATH_MISSING;INDEXED_SOURCE_ARCHIVE_MISSING,D
dgraphfin,transductive_structure,gcn,9,fold0,INDEX_REFERENCED_FILE_MISSING,kaggleoutputs/dgraphfin_10seed_transductive/predictions/dgraphfin__transductive__gcn__seed9.csv,$HISTORICAL_GNN_FRAUD_REPO/kaggleoutputs/dgraphfin_10seed_transductive.zip,6d0167aae53b681bb7ffc037b84c723869ba718f30feb955c333890bfe8783d5,predictions/dgraphfin__transductive__gcn__seed9.csv,$HISTORICAL_GNN_FRAUD_REPO/results/runs_rb09v3/runs.csv#dgraphfin:transductive:gcn:seed9,CANONICAL_PREDICTION_PATH_MISSING;INDEXED_SOURCE_ARCHIVE_MISSING,D
dgraphfin,transductive_structure,gcn,10,fold0,INDEX_REFERENCED_FILE_MISSING,kaggleoutputs/dgraphfin_10seed_transductive/predictions/dgraphfin__transductive__gcn__seed10.csv,$HISTORICAL_GNN_FRAUD_REPO/kaggleoutputs/dgraphfin_10seed_transductive.zip,6d0167aae53b681bb7ffc037b84c723869ba718f30feb955c333890bfe8783d5,predictions/dgraphfin__transductive__gcn__seed10.csv,$HISTORICAL_GNN_FRAUD_REPO/results/runs_rb09v3/runs.csv#dgraphfin:transductive:gcn:seed10,CANONICAL_PREDICTION_PATH_MISSING;INDEXED_SOURCE_ARCHIVE_MISSING,D
dgraphfin,transductive_structure,graphsage,1,fold0,INDEX_REFERENCED_FILE_MISSING,kaggleoutputs/dgraphfin_10seed_transductive/predictions/dgraphfin__transductive__sage__seed1.csv,$HISTORICAL_GNN_FRAUD_REPO/kaggleoutputs/dgraphfin_10seed_transductive.zip,6d0167aae53b681bb7ffc037b84c723869ba718f30feb955c333890bfe8783d5,predictions/dgraphfin__transductive__sage__seed1.csv,$HISTORICAL_GNN_FRAUD_REPO/results/runs_rb09v3/runs.csv#dgraphfin:transductive:sage:seed1,CANONICAL_PREDICTION_PATH_MISSING;INDEXED_SOURCE_ARCHIVE_MISSING,D
dgraphfin,transductive_structure,graphsage,2,fold0,INDEX_REFERENCED_FILE_MISSING,kaggleoutputs/dgraphfin_10seed_transductive/predictions/dgraphfin__transductive__sage__seed2.csv,$HISTORICAL_GNN_FRAUD_REPO/kaggleoutputs/dgraphfin_10seed_transductive.zip,6d0167aae53b681bb7ffc037b84c723869ba718f30feb955c333890bfe8783d5,predictions/dgraphfin__transductive__sage__seed2.csv,$HISTORICAL_GNN_FRAUD_REPO/results/runs_rb09v3/runs.csv#dgraphfin:transductive:sage:seed2,CANONICAL_PREDICTION_PATH_MISSING;INDEXED_SOURCE_ARCHIVE_MISSING,D
dgraphfin,transductive_structure,graphsage,3,fold0,INDEX_REFERENCED_FILE_MISSING,kaggleoutputs/dgraphfin_10seed_transductive/predictions/dgraphfin__transductive__sage__seed3.csv,$HISTORICAL_GNN_FRAUD_REPO/kaggleoutputs/dgraphfin_10seed_transductive.zip,6d0167aae53b681bb7ffc037b84c723869ba718f30feb955c333890bfe8783d5,predictions/dgraphfin__transductive__sage__seed3.csv,$HISTORICAL_GNN_FRAUD_REPO/results/runs_rb09v3/runs.csv#dgraphfin:transductive:sage:seed3,CANONICAL_PREDICTION_PATH_MISSING;INDEXED_SOURCE_ARCHIVE_MISSING,D
dgraphfin,transductive_structure,graphsage,4,fold0,INDEX_REFERENCED_FILE_MISSING,kaggleoutputs/dgraphfin_10seed_transductive/predictions/dgraphfin__transductive__sage__seed4.csv,$HISTORICAL_GNN_FRAUD_REPO/kaggleoutputs/dgraphfin_10seed_transductive.zip,6d0167aae53b681bb7ffc037b84c723869ba718f30feb955c333890bfe8783d5,predictions/dgraphfin__transductive__sage__seed4.csv,$HISTORICAL_GNN_FRAUD_REPO/results/runs_rb09v3/runs.csv#dgraphfin:transductive:sage:seed4,CANONICAL_PREDICTION_PATH_MISSING;INDEXED_SOURCE_ARCHIVE_MISSING,D
dgraphfin,transductive_structure,graphsage,5,fold0,INDEX_REFERENCED_FILE_MISSING,kaggleoutputs/dgraphfin_10seed_transductive/predictions/dgraphfin__transductive__sage__seed5.csv,$HISTORICAL_GNN_FRAUD_REPO/kaggleoutputs/dgraphfin_10seed_transductive.zip,6d0167aae53b681bb7ffc037b84c723869ba718f30feb955c333890bfe8783d5,predictions/dgraphfin__transductive__sage__seed5.csv,$HISTORICAL_GNN_FRAUD_REPO/results/runs_rb09v3/runs.csv#dgraphfin:transductive:sage:seed5,CANONICAL_PREDICTION_PATH_MISSING;INDEXED_SOURCE_ARCHIVE_MISSING,D
dgraphfin,transductive_structure,graphsage,6,fold0,INDEX_REFERENCED_FILE_MISSING,kaggleoutputs/dgraphfin_10seed_transductive/predictions/dgraphfin__transductive__sage__seed6.csv,$HISTORICAL_GNN_FRAUD_REPO/kaggleoutputs/dgraphfin_10seed_transductive.zip,6d0167aae53b681bb7ffc037b84c723869ba718f30feb955c333890bfe8783d5,predictions/dgraphfin__transductive__sage__seed6.csv,$HISTORICAL_GNN_FRAUD_REPO/results/runs_rb09v3/runs.csv#dgraphfin:transductive:sage:seed6,CANONICAL_PREDICTION_PATH_MISSING;INDEXED_SOURCE_ARCHIVE_MISSING,D
dgraphfin,transductive_structure,graphsage,7,fold0,INDEX_REFERENCED_FILE_MISSING,kaggleoutputs/dgraphfin_10seed_transductive/predictions/dgraphfin__transductive__sage__seed7.csv,$HISTORICAL_GNN_FRAUD_REPO/kaggleoutputs/dgraphfin_10seed_transductive.zip,6d0167aae53b681bb7ffc037b84c723869ba718f30feb955c333890bfe8783d5,predictions/dgraphfin__transductive__sage__seed7.csv,$HISTORICAL_GNN_FRAUD_REPO/results/runs_rb09v3/runs.csv#dgraphfin:transductive:sage:seed7,CANONICAL_PREDICTION_PATH_MISSING;INDEXED_SOURCE_ARCHIVE_MISSING,D
dgraphfin,transductive_structure,graphsage,8,fold0,INDEX_REFERENCED_FILE_MISSING,kaggleoutputs/dgraphfin_10seed_transductive/predictions/dgraphfin__transductive__sage__seed8.csv,$HISTORICAL_GNN_FRAUD_REPO/kaggleoutputs/dgraphfin_10seed_transductive.zip,6d0167aae53b681bb7ffc037b84c723869ba718f30feb955c333890bfe8783d5,predictions/dgraphfin__transductive__sage__seed8.csv,$HISTORICAL_GNN_FRAUD_REPO/results/runs_rb09v3/runs.csv#dgraphfin:transductive:sage:seed8,CANONICAL_PREDICTION_PATH_MISSING;INDEXED_SOURCE_ARCHIVE_MISSING,D
dgraphfin,transductive_structure,graphsage,9,fold0,INDEX_REFERENCED_FILE_MISSING,kaggleoutputs/dgraphfin_10seed_transductive/predictions/dgraphfin__transductive__sage__seed9.csv,$HISTORICAL_GNN_FRAUD_REPO/kaggleoutputs/dgraphfin_10seed_transductive.zip,6d0167aae53b681bb7ffc037b84c723869ba718f30feb955c333890bfe8783d5,predictions/dgraphfin__transductive__sage__seed9.csv,$HISTORICAL_GNN_FRAUD_REPO/results/runs_rb09v3/runs.csv#dgraphfin:transductive:sage:seed9,CANONICAL_PREDICTION_PATH_MISSING;INDEXED_SOURCE_ARCHIVE_MISSING,D
dgraphfin,transductive_structure,graphsage,10,fold0,INDEX_REFERENCED_FILE_MISSING,kaggleoutputs/dgraphfin_10seed_transductive/predictions/dgraphfin__transductive__sage__seed10.csv,$HISTORICAL_GNN_FRAUD_REPO/kaggleoutputs/dgraphfin_10seed_transductive.zip,6d0167aae53b681bb7ffc037b84c723869ba718f30feb955c333890bfe8783d5,predictions/dgraphfin__transductive__sage__seed10.csv,$HISTORICAL_GNN_FRAUD_REPO/results/runs_rb09v3/runs.csv#dgraphfin:transductive:sage:seed10,CANONICAL_PREDICTION_PATH_MISSING;INDEXED_SOURCE_ARCHIVE_MISSING,D
elliptic,isolated_inductive,feature_mlp,1,fold0,INDEX_REFERENCED_FILE_MISSING,kaggleoutputs/elliptic_10seed_inductive_isolated/predictions/elliptic__inductive_isolated__mlp__seed1.csv,$HISTORICAL_GNN_FRAUD_REPO/kaggleoutputs/elliptic_10seed_inductive_isolated.zip,20f25a1f93604ea5eb8537c8808f9b69dae2fc82eccbccfd36c50c443aee94e8,predictions/elliptic__inductive_isolated__mlp__seed1.csv,$HISTORICAL_GNN_FRAUD_REPO/results/runs_rb09v3/runs.csv#elliptic:inductive_isolated:mlp:seed1,CANONICAL_PREDICTION_PATH_MISSING;INDEXED_SOURCE_ARCHIVE_MISSING;UNVERIFIED_RAW_COORDINATE_CANDIDATES_NOT_ALIASED,D
elliptic,isolated_inductive,feature_mlp,2,fold0,INDEX_REFERENCED_FILE_MISSING,kaggleoutputs/elliptic_10seed_inductive_isolated/predictions/elliptic__inductive_isolated__mlp__seed2.csv,$HISTORICAL_GNN_FRAUD_REPO/kaggleoutputs/elliptic_10seed_inductive_isolated.zip,20f25a1f93604ea5eb8537c8808f9b69dae2fc82eccbccfd36c50c443aee94e8,predictions/elliptic__inductive_isolated__mlp__seed2.csv,$HISTORICAL_GNN_FRAUD_REPO/results/runs_rb09v3/runs.csv#elliptic:inductive_isolated:mlp:seed2,CANONICAL_PREDICTION_PATH_MISSING;INDEXED_SOURCE_ARCHIVE_MISSING;UNVERIFIED_RAW_COORDINATE_CANDIDATES_NOT_ALIASED,D
elliptic,isolated_inductive,feature_mlp,3,fold0,INDEX_REFERENCED_FILE_MISSING,kaggleoutputs/elliptic_10seed_inductive_isolated/predictions/elliptic__inductive_isolated__mlp__seed3.csv,$HISTORICAL_GNN_FRAUD_REPO/kaggleoutputs/elliptic_10seed_inductive_isolated.zip,20f25a1f93604ea5eb8537c8808f9b69dae2fc82eccbccfd36c50c443aee94e8,predictions/elliptic__inductive_isolated__mlp__seed3.csv,$HISTORICAL_GNN_FRAUD_REPO/results/runs_rb09v3/runs.csv#elliptic:inductive_isolated:mlp:seed3,CANONICAL_PREDICTION_PATH_MISSING;INDEXED_SOURCE_ARCHIVE_MISSING;UNVERIFIED_RAW_COORDINATE_CANDIDATES_NOT_ALIASED,D
elliptic,isolated_inductive,feature_mlp,4,fold0,INDEX_REFERENCED_FILE_MISSING,kaggleoutputs/elliptic_10seed_inductive_isolated/predictions/elliptic__inductive_isolated__mlp__seed4.csv,$HISTORICAL_GNN_FRAUD_REPO/kaggleoutputs/elliptic_10seed_inductive_isolated.zip,20f25a1f93604ea5eb8537c8808f9b69dae2fc82eccbccfd36c50c443aee94e8,predictions/elliptic__inductive_isolated__mlp__seed4.csv,$HISTORICAL_GNN_FRAUD_REPO/results/runs_rb09v3/runs.csv#elliptic:inductive_isolated:mlp:seed4,CANONICAL_PREDICTION_PATH_MISSING;INDEXED_SOURCE_ARCHIVE_MISSING;UNVERIFIED_RAW_COORDINATE_CANDIDATES_NOT_ALIASED,D
elliptic,isolated_inductive,feature_mlp,5,fold0,INDEX_REFERENCED_FILE_MISSING,kaggleoutputs/elliptic_10seed_inductive_isolated/predictions/elliptic__inductive_isolated__mlp__seed5.csv,$HISTORICAL_GNN_FRAUD_REPO/kaggleoutputs/elliptic_10seed_inductive_isolated.zip,20f25a1f93604ea5eb8537c8808f9b69dae2fc82eccbccfd36c50c443aee94e8,predictions/elliptic__inductive_isolated__mlp__seed5.csv,$HISTORICAL_GNN_FRAUD_REPO/results/runs_rb09v3/runs.csv#elliptic:inductive_isolated:mlp:seed5,CANONICAL_PREDICTION_PATH_MISSING;INDEXED_SOURCE_ARCHIVE_MISSING;UNVERIFIED_RAW_COORDINATE_CANDIDATES_NOT_ALIASED,D
elliptic,isolated_inductive,feature_mlp,6,fold0,INDEX_REFERENCED_FILE_MISSING,kaggleoutputs/elliptic_10seed_inductive_isolated/predictions/elliptic__inductive_isolated__mlp__seed6.csv,$HISTORICAL_GNN_FRAUD_REPO/kaggleoutputs/elliptic_10seed_inductive_isolated.zip,20f25a1f93604ea5eb8537c8808f9b69dae2fc82eccbccfd36c50c443aee94e8,predictions/elliptic__inductive_isolated__mlp__seed6.csv,$HISTORICAL_GNN_FRAUD_REPO/results/runs_rb09v3/runs.csv#elliptic:inductive_isolated:mlp:seed6,CANONICAL_PREDICTION_PATH_MISSING;INDEXED_SOURCE_ARCHIVE_MISSING,D
elliptic,isolated_inductive,feature_mlp,7,fold0,INDEX_REFERENCED_FILE_MISSING,kaggleoutputs/elliptic_10seed_inductive_isolated/predictions/elliptic__inductive_isolated__mlp__seed7.csv,$HISTORICAL_GNN_FRAUD_REPO/kaggleoutputs/elliptic_10seed_inductive_isolated.zip,20f25a1f93604ea5eb8537c8808f9b69dae2fc82eccbccfd36c50c443aee94e8,predictions/elliptic__inductive_isolated__mlp__seed7.csv,$HISTORICAL_GNN_FRAUD_REPO/results/runs_rb09v3/runs.csv#elliptic:inductive_isolated:mlp:seed7,CANONICAL_PREDICTION_PATH_MISSING;INDEXED_SOURCE_ARCHIVE_MISSING,D
elliptic,isolated_inductive,feature_mlp,8,fold0,INDEX_REFERENCED_FILE_MISSING,kaggleoutputs/elliptic_10seed_inductive_isolated/predictions/elliptic__inductive_isolated__mlp__seed8.csv,$HISTORICAL_GNN_FRAUD_REPO/kaggleoutputs/elliptic_10seed_inductive_isolated.zip,20f25a1f93604ea5eb8537c8808f9b69dae2fc82eccbccfd36c50c443aee94e8,predictions/elliptic__inductive_isolated__mlp__seed8.csv,$HISTORICAL_GNN_FRAUD_REPO/results/runs_rb09v3/runs.csv#elliptic:inductive_isolated:mlp:seed8,CANONICAL_PREDICTION_PATH_MISSING;INDEXED_SOURCE_ARCHIVE_MISSING,D
elliptic,isolated_inductive,feature_mlp,9,fold0,INDEX_REFERENCED_FILE_MISSING,kaggleoutputs/elliptic_10seed_inductive_isolated/predictions/elliptic__inductive_isolated__mlp__seed9.csv,$HISTORICAL_GNN_FRAUD_REPO/kaggleoutputs/elliptic_10seed_inductive_isolated.zip,20f25a1f93604ea5eb8537c8808f9b69dae2fc82eccbccfd36c50c443aee94e8,predictions/elliptic__inductive_isolated__mlp__seed9.csv,$HISTORICAL_GNN_FRAUD_REPO/results/runs_rb09v3/runs.csv#elliptic:inductive_isolated:mlp:seed9,CANONICAL_PREDICTION_PATH_MISSING;INDEXED_SOURCE_ARCHIVE_MISSING,D
elliptic,isolated_inductive,feature_mlp,10,fold0,INDEX_REFERENCED_FILE_MISSING,kaggleoutputs/elliptic_10seed_inductive_isolated/predictions/elliptic__inductive_isolated__mlp__seed10.csv,$HISTORICAL_GNN_FRAUD_REPO/kaggleoutputs/elliptic_10seed_inductive_isolated.zip,20f25a1f93604ea5eb8537c8808f9b69dae2fc82eccbccfd36c50c443aee94e8,predictions/elliptic__inductive_isolated__mlp__seed10.csv,$HISTORICAL_GNN_FRAUD_REPO/results/runs_rb09v3/runs.csv#elliptic:inductive_isolated:mlp:seed10,CANONICAL_PREDICTION_PATH_MISSING;INDEXED_SOURCE_ARCHIVE_MISSING,D
elliptic,isolated_inductive,gcn,1,fold0,INDEX_REFERENCED_FILE_MISSING,kaggleoutputs/elliptic_10seed_inductive_isolated/predictions/elliptic__inductive_isolated__gcn__seed1.csv,$HISTORICAL_GNN_FRAUD_REPO/kaggleoutputs/elliptic_10seed_inductive_isolated.zip,20f25a1f93604ea5eb8537c8808f9b69dae2fc82eccbccfd36c50c443aee94e8,predictions/elliptic__inductive_isolated__gcn__seed1.csv,$HISTORICAL_GNN_FRAUD_REPO/results/runs_rb09v3/runs.csv#elliptic:inductive_isolated:gcn:seed1,CANONICAL_PREDICTION_PATH_MISSING;INDEXED_SOURCE_ARCHIVE_MISSING;UNVERIFIED_RAW_COORDINATE_CANDIDATES_NOT_ALIASED,D
elliptic,isolated_inductive,gcn,2,fold0,INDEX_REFERENCED_FILE_MISSING,kaggleoutputs/elliptic_10seed_inductive_isolated/predictions/elliptic__inductive_isolated__gcn__seed2.csv,$HISTORICAL_GNN_FRAUD_REPO/kaggleoutputs/elliptic_10seed_inductive_isolated.zip,20f25a1f93604ea5eb8537c8808f9b69dae2fc82eccbccfd36c50c443aee94e8,predictions/elliptic__inductive_isolated__gcn__seed2.csv,$HISTORICAL_GNN_FRAUD_REPO/results/runs_rb09v3/runs.csv#elliptic:inductive_isolated:gcn:seed2,CANONICAL_PREDICTION_PATH_MISSING;INDEXED_SOURCE_ARCHIVE_MISSING;UNVERIFIED_RAW_COORDINATE_CANDIDATES_NOT_ALIASED,D
elliptic,isolated_inductive,gcn,3,fold0,INDEX_REFERENCED_FILE_MISSING,kaggleoutputs/elliptic_10seed_inductive_isolated/predictions/elliptic__inductive_isolated__gcn__seed3.csv,$HISTORICAL_GNN_FRAUD_REPO/kaggleoutputs/elliptic_10seed_inductive_isolated.zip,20f25a1f93604ea5eb8537c8808f9b69dae2fc82eccbccfd36c50c443aee94e8,predictions/elliptic__inductive_isolated__gcn__seed3.csv,$HISTORICAL_GNN_FRAUD_REPO/results/runs_rb09v3/runs.csv#elliptic:inductive_isolated:gcn:seed3,CANONICAL_PREDICTION_PATH_MISSING;INDEXED_SOURCE_ARCHIVE_MISSING,D
elliptic,isolated_inductive,gcn,4,fold0,INDEX_REFERENCED_FILE_MISSING,kaggleoutputs/elliptic_10seed_inductive_isolated/predictions/elliptic__inductive_isolated__gcn__seed4.csv,$HISTORICAL_GNN_FRAUD_REPO/kaggleoutputs/elliptic_10seed_inductive_isolated.zip,20f25a1f93604ea5eb8537c8808f9b69dae2fc82eccbccfd36c50c443aee94e8,predictions/elliptic__inductive_isolated__gcn__seed4.csv,$HISTORICAL_GNN_FRAUD_REPO/results/runs_rb09v3/runs.csv#elliptic:inductive_isolated:gcn:seed4,CANONICAL_PREDICTION_PATH_MISSING;INDEXED_SOURCE_ARCHIVE_MISSING,D
elliptic,isolated_inductive,gcn,5,fold0,INDEX_REFERENCED_FILE_MISSING,kaggleoutputs/elliptic_10seed_inductive_isolated/predictions/elliptic__inductive_isolated__gcn__seed5.csv,$HISTORICAL_GNN_FRAUD_REPO/kaggleoutputs/elliptic_10seed_inductive_isolated.zip,20f25a1f93604ea5eb8537c8808f9b69dae2fc82eccbccfd36c50c443aee94e8,predictions/elliptic__inductive_isolated__gcn__seed5.csv,$HISTORICAL_GNN_FRAUD_REPO/results/runs_rb09v3/runs.csv#elliptic:inductive_isolated:gcn:seed5,CANONICAL_PREDICTION_PATH_MISSING;INDEXED_SOURCE_ARCHIVE_MISSING,D
elliptic,isolated_inductive,gcn,6,fold0,INDEX_REFERENCED_FILE_MISSING,kaggleoutputs/elliptic_10seed_inductive_isolated/predictions/elliptic__inductive_isolated__gcn__seed6.csv,$HISTORICAL_GNN_FRAUD_REPO/kaggleoutputs/elliptic_10seed_inductive_isolated.zip,20f25a1f93604ea5eb8537c8808f9b69dae2fc82eccbccfd36c50c443aee94e8,predictions/elliptic__inductive_isolated__gcn__seed6.csv,$HISTORICAL_GNN_FRAUD_REPO/results/runs_rb09v3/runs.csv#elliptic:inductive_isolated:gcn:seed6,CANONICAL_PREDICTION_PATH_MISSING;INDEXED_SOURCE_ARCHIVE_MISSING,D
elliptic,isolated_inductive,gcn,7,fold0,INDEX_REFERENCED_FILE_MISSING,kaggleoutputs/elliptic_10seed_inductive_isolated/predictions/elliptic__inductive_isolated__gcn__seed7.csv,$HISTORICAL_GNN_FRAUD_REPO/kaggleoutputs/elliptic_10seed_inductive_isolated.zip,20f25a1f93604ea5eb8537c8808f9b69dae2fc82eccbccfd36c50c443aee94e8,predictions/elliptic__inductive_isolated__gcn__seed7.csv,$HISTORICAL_GNN_FRAUD_REPO/results/runs_rb09v3/runs.csv#elliptic:inductive_isolated:gcn:seed7,CANONICAL_PREDICTION_PATH_MISSING;INDEXED_SOURCE_ARCHIVE_MISSING,D
elliptic,isolated_inductive,gcn,8,fold0,INDEX_REFERENCED_FILE_MISSING,kaggleoutputs/elliptic_10seed_inductive_isolated/predictions/elliptic__inductive_isolated__gcn__seed8.csv,$HISTORICAL_GNN_FRAUD_REPO/kaggleoutputs/elliptic_10seed_inductive_isolated.zip,20f25a1f93604ea5eb8537c8808f9b69dae2fc82eccbccfd36c50c443aee94e8,predictions/elliptic__inductive_isolated__gcn__seed8.csv,$HISTORICAL_GNN_FRAUD_REPO/results/runs_rb09v3/runs.csv#elliptic:inductive_isolated:gcn:seed8,CANONICAL_PREDICTION_PATH_MISSING;INDEXED_SOURCE_ARCHIVE_MISSING,D
elliptic,isolated_inductive,gcn,9,fold0,INDEX_REFERENCED_FILE_MISSING,kaggleoutputs/elliptic_10seed_inductive_isolated/predictions/elliptic__inductive_isolated__gcn__seed9.csv,$HISTORICAL_GNN_FRAUD_REPO/kaggleoutputs/elliptic_10seed_inductive_isolated.zip,20f25a1f93604ea5eb8537c8808f9b69dae2fc82eccbccfd36c50c443aee94e8,predictions/elliptic__inductive_isolated__gcn__seed9.csv,$HISTORICAL_GNN_FRAUD_REPO/results/runs_rb09v3/runs.csv#elliptic:inductive_isolated:gcn:seed9,CANONICAL_PREDICTION_PATH_MISSING;INDEXED_SOURCE_ARCHIVE_MISSING,D
elliptic,isolated_inductive,gcn,10,fold0,INDEX_REFERENCED_FILE_MISSING,kaggleoutputs/elliptic_10seed_inductive_isolated/predictions/elliptic__inductive_isolated__gcn__seed10.csv,$HISTORICAL_GNN_FRAUD_REPO/kaggleoutputs/elliptic_10seed_inductive_isolated.zip,20f25a1f93604ea5eb8537c8808f9b69dae2fc82eccbccfd36c50c443aee94e8,predictions/elliptic__inductive_isolated__gcn__seed10.csv,$HISTORICAL_GNN_FRAUD_REPO/results/runs_rb09v3/runs.csv#elliptic:inductive_isolated:gcn:seed10,CANONICAL_PREDICTION_PATH_MISSING;INDEXED_SOURCE_ARCHIVE_MISSING,D
elliptic,isolated_inductive,graphsage,1,fold0,INDEX_REFERENCED_FILE_MISSING,kaggleoutputs/elliptic_10seed_inductive_isolated/predictions/elliptic__inductive_isolated__sage__seed1.csv,$HISTORICAL_GNN_FRAUD_REPO/kaggleoutputs/elliptic_10seed_inductive_isolated.zip,20f25a1f93604ea5eb8537c8808f9b69dae2fc82eccbccfd36c50c443aee94e8,predictions/elliptic__inductive_isolated__sage__seed1.csv,$HISTORICAL_GNN_FRAUD_REPO/results/runs_rb09v3/runs.csv#elliptic:inductive_isolated:sage:seed1,CANONICAL_PREDICTION_PATH_MISSING;INDEXED_SOURCE_ARCHIVE_MISSING;UNVERIFIED_RAW_COORDINATE_CANDIDATES_NOT_ALIASED,D
elliptic,isolated_inductive,graphsage,2,fold0,INDEX_REFERENCED_FILE_MISSING,kaggleoutputs/elliptic_10seed_inductive_isolated/predictions/elliptic__inductive_isolated__sage__seed2.csv,$HISTORICAL_GNN_FRAUD_REPO/kaggleoutputs/elliptic_10seed_inductive_isolated.zip,20f25a1f93604ea5eb8537c8808f9b69dae2fc82eccbccfd36c50c443aee94e8,predictions/elliptic__inductive_isolated__sage__seed2.csv,$HISTORICAL_GNN_FRAUD_REPO/results/runs_rb09v3/runs.csv#elliptic:inductive_isolated:sage:seed2,CANONICAL_PREDICTION_PATH_MISSING;INDEXED_SOURCE_ARCHIVE_MISSING;UNVERIFIED_RAW_COORDINATE_CANDIDATES_NOT_ALIASED,D
elliptic,isolated_inductive,graphsage,3,fold0,INDEX_REFERENCED_FILE_MISSING,kaggleoutputs/elliptic_10seed_inductive_isolated/predictions/elliptic__inductive_isolated__sage__seed3.csv,$HISTORICAL_GNN_FRAUD_REPO/kaggleoutputs/elliptic_10seed_inductive_isolated.zip,20f25a1f93604ea5eb8537c8808f9b69dae2fc82eccbccfd36c50c443aee94e8,predictions/elliptic__inductive_isolated__sage__seed3.csv,$HISTORICAL_GNN_FRAUD_REPO/results/runs_rb09v3/runs.csv#elliptic:inductive_isolated:sage:seed3,CANONICAL_PREDICTION_PATH_MISSING;INDEXED_SOURCE_ARCHIVE_MISSING;UNVERIFIED_RAW_COORDINATE_CANDIDATES_NOT_ALIASED,D
elliptic,isolated_inductive,graphsage,4,fold0,INDEX_REFERENCED_FILE_MISSING,kaggleoutputs/elliptic_10seed_inductive_isolated/predictions/elliptic__inductive_isolated__sage__seed4.csv,$HISTORICAL_GNN_FRAUD_REPO/kaggleoutputs/elliptic_10seed_inductive_isolated.zip,20f25a1f93604ea5eb8537c8808f9b69dae2fc82eccbccfd36c50c443aee94e8,predictions/elliptic__inductive_isolated__sage__seed4.csv,$HISTORICAL_GNN_FRAUD_REPO/results/runs_rb09v3/runs.csv#elliptic:inductive_isolated:sage:seed4,CANONICAL_PREDICTION_PATH_MISSING;INDEXED_SOURCE_ARCHIVE_MISSING;UNVERIFIED_RAW_COORDINATE_CANDIDATES_NOT_ALIASED,D
elliptic,isolated_inductive,graphsage,5,fold0,INDEX_REFERENCED_FILE_MISSING,kaggleoutputs/elliptic_10seed_inductive_isolated/predictions/elliptic__inductive_isolated__sage__seed5.csv,$HISTORICAL_GNN_FRAUD_REPO/kaggleoutputs/elliptic_10seed_inductive_isolated.zip,20f25a1f93604ea5eb8537c8808f9b69dae2fc82eccbccfd36c50c443aee94e8,predictions/elliptic__inductive_isolated__sage__seed5.csv,$HISTORICAL_GNN_FRAUD_REPO/results/runs_rb09v3/runs.csv#elliptic:inductive_isolated:sage:seed5,CANONICAL_PREDICTION_PATH_MISSING;INDEXED_SOURCE_ARCHIVE_MISSING;UNVERIFIED_RAW_COORDINATE_CANDIDATES_NOT_ALIASED,D
elliptic,isolated_inductive,graphsage,6,fold0,INDEX_REFERENCED_FILE_MISSING,kaggleoutputs/elliptic_10seed_inductive_isolated/predictions/elliptic__inductive_isolated__sage__seed6.csv,$HISTORICAL_GNN_FRAUD_REPO/kaggleoutputs/elliptic_10seed_inductive_isolated.zip,20f25a1f93604ea5eb8537c8808f9b69dae2fc82eccbccfd36c50c443aee94e8,predictions/elliptic__inductive_isolated__sage__seed6.csv,$HISTORICAL_GNN_FRAUD_REPO/results/runs_rb09v3/runs.csv#elliptic:inductive_isolated:sage:seed6,CANONICAL_PREDICTION_PATH_MISSING;INDEXED_SOURCE_ARCHIVE_MISSING,D
elliptic,isolated_inductive,graphsage,7,fold0,INDEX_REFERENCED_FILE_MISSING,kaggleoutputs/elliptic_10seed_inductive_isolated/predictions/elliptic__inductive_isolated__sage__seed7.csv,$HISTORICAL_GNN_FRAUD_REPO/kaggleoutputs/elliptic_10seed_inductive_isolated.zip,20f25a1f93604ea5eb8537c8808f9b69dae2fc82eccbccfd36c50c443aee94e8,predictions/elliptic__inductive_isolated__sage__seed7.csv,$HISTORICAL_GNN_FRAUD_REPO/results/runs_rb09v3/runs.csv#elliptic:inductive_isolated:sage:seed7,CANONICAL_PREDICTION_PATH_MISSING;INDEXED_SOURCE_ARCHIVE_MISSING,D
elliptic,isolated_inductive,graphsage,8,fold0,INDEX_REFERENCED_FILE_MISSING,kaggleoutputs/elliptic_10seed_inductive_isolated/predictions/elliptic__inductive_isolated__sage__seed8.csv,$HISTORICAL_GNN_FRAUD_REPO/kaggleoutputs/elliptic_10seed_inductive_isolated.zip,20f25a1f93604ea5eb8537c8808f9b69dae2fc82eccbccfd36c50c443aee94e8,predictions/elliptic__inductive_isolated__sage__seed8.csv,$HISTORICAL_GNN_FRAUD_REPO/results/runs_rb09v3/runs.csv#elliptic:inductive_isolated:sage:seed8,CANONICAL_PREDICTION_PATH_MISSING;INDEXED_SOURCE_ARCHIVE_MISSING,D
elliptic,isolated_inductive,graphsage,9,fold0,INDEX_REFERENCED_FILE_MISSING,kaggleoutputs/elliptic_10seed_inductive_isolated/predictions/elliptic__inductive_isolated__sage__seed9.csv,$HISTORICAL_GNN_FRAUD_REPO/kaggleoutputs/elliptic_10seed_inductive_isolated.zip,20f25a1f93604ea5eb8537c8808f9b69dae2fc82eccbccfd36c50c443aee94e8,predictions/elliptic__inductive_isolated__sage__seed9.csv,$HISTORICAL_GNN_FRAUD_REPO/results/runs_rb09v3/runs.csv#elliptic:inductive_isolated:sage:seed9,CANONICAL_PREDICTION_PATH_MISSING;INDEXED_SOURCE_ARCHIVE_MISSING,D
elliptic,isolated_inductive,graphsage,10,fold0,INDEX_REFERENCED_FILE_MISSING,kaggleoutputs/elliptic_10seed_inductive_isolated/predictions/elliptic__inductive_isolated__sage__seed10.csv,$HISTORICAL_GNN_FRAUD_REPO/kaggleoutputs/elliptic_10seed_inductive_isolated.zip,20f25a1f93604ea5eb8537c8808f9b69dae2fc82eccbccfd36c50c443aee94e8,predictions/elliptic__inductive_isolated__sage__seed10.csv,$HISTORICAL_GNN_FRAUD_REPO/results/runs_rb09v3/runs.csv#elliptic:inductive_isolated:sage:seed10,CANONICAL_PREDICTION_PATH_MISSING;INDEXED_SOURCE_ARCHIVE_MISSING,D
elliptic,strict_inductive,feature_mlp,1,fold0,INDEX_REFERENCED_FILE_MISSING,kaggleoutputs/elliptic_10seed_strict_inductive/predictions/elliptic__strict_inductive__mlp__seed1.csv,$HISTORICAL_GNN_FRAUD_REPO/kaggleoutputs/elliptic_10seed_strict_inductive.zip,24752f5ffdc082dc79ca5084701fccd04d2ac9588b4b15712598bdfe8daa1e4a,predictions/elliptic__strict_inductive__mlp__seed1.csv,$HISTORICAL_GNN_FRAUD_REPO/results/runs_rb09v3/runs.csv#elliptic:strict_inductive:mlp:seed1,CANONICAL_PREDICTION_PATH_MISSING;INDEXED_SOURCE_ARCHIVE_MISSING;UNVERIFIED_RAW_COORDINATE_CANDIDATES_NOT_ALIASED,D
elliptic,strict_inductive,feature_mlp,2,fold0,INDEX_REFERENCED_FILE_MISSING,kaggleoutputs/elliptic_10seed_strict_inductive/predictions/elliptic__strict_inductive__mlp__seed2.csv,$HISTORICAL_GNN_FRAUD_REPO/kaggleoutputs/elliptic_10seed_strict_inductive.zip,24752f5ffdc082dc79ca5084701fccd04d2ac9588b4b15712598bdfe8daa1e4a,predictions/elliptic__strict_inductive__mlp__seed2.csv,$HISTORICAL_GNN_FRAUD_REPO/results/runs_rb09v3/runs.csv#elliptic:strict_inductive:mlp:seed2,CANONICAL_PREDICTION_PATH_MISSING;INDEXED_SOURCE_ARCHIVE_MISSING;UNVERIFIED_RAW_COORDINATE_CANDIDATES_NOT_ALIASED,D
elliptic,strict_inductive,feature_mlp,3,fold0,INDEX_REFERENCED_FILE_MISSING,kaggleoutputs/elliptic_10seed_strict_inductive/predictions/elliptic__strict_inductive__mlp__seed3.csv,$HISTORICAL_GNN_FRAUD_REPO/kaggleoutputs/elliptic_10seed_strict_inductive.zip,24752f5ffdc082dc79ca5084701fccd04d2ac9588b4b15712598bdfe8daa1e4a,predictions/elliptic__strict_inductive__mlp__seed3.csv,$HISTORICAL_GNN_FRAUD_REPO/results/runs_rb09v3/runs.csv#elliptic:strict_inductive:mlp:seed3,CANONICAL_PREDICTION_PATH_MISSING;INDEXED_SOURCE_ARCHIVE_MISSING;UNVERIFIED_RAW_COORDINATE_CANDIDATES_NOT_ALIASED,D
elliptic,strict_inductive,feature_mlp,4,fold0,INDEX_REFERENCED_FILE_MISSING,kaggleoutputs/elliptic_10seed_strict_inductive/predictions/elliptic__strict_inductive__mlp__seed4.csv,$HISTORICAL_GNN_FRAUD_REPO/kaggleoutputs/elliptic_10seed_strict_inductive.zip,24752f5ffdc082dc79ca5084701fccd04d2ac9588b4b15712598bdfe8daa1e4a,predictions/elliptic__strict_inductive__mlp__seed4.csv,$HISTORICAL_GNN_FRAUD_REPO/results/runs_rb09v3/runs.csv#elliptic:strict_inductive:mlp:seed4,CANONICAL_PREDICTION_PATH_MISSING;INDEXED_SOURCE_ARCHIVE_MISSING;UNVERIFIED_RAW_COORDINATE_CANDIDATES_NOT_ALIASED,D
elliptic,strict_inductive,feature_mlp,5,fold0,INDEX_REFERENCED_FILE_MISSING,kaggleoutputs/elliptic_10seed_strict_inductive/predictions/elliptic__strict_inductive__mlp__seed5.csv,$HISTORICAL_GNN_FRAUD_REPO/kaggleoutputs/elliptic_10seed_strict_inductive.zip,24752f5ffdc082dc79ca5084701fccd04d2ac9588b4b15712598bdfe8daa1e4a,predictions/elliptic__strict_inductive__mlp__seed5.csv,$HISTORICAL_GNN_FRAUD_REPO/results/runs_rb09v3/runs.csv#elliptic:strict_inductive:mlp:seed5,CANONICAL_PREDICTION_PATH_MISSING;INDEXED_SOURCE_ARCHIVE_MISSING;UNVERIFIED_RAW_COORDINATE_CANDIDATES_NOT_ALIASED,D
elliptic,strict_inductive,feature_mlp,6,fold0,INDEX_REFERENCED_FILE_MISSING,kaggleoutputs/elliptic_10seed_strict_inductive/predictions/elliptic__strict_inductive__mlp__seed6.csv,$HISTORICAL_GNN_FRAUD_REPO/kaggleoutputs/elliptic_10seed_strict_inductive.zip,24752f5ffdc082dc79ca5084701fccd04d2ac9588b4b15712598bdfe8daa1e4a,predictions/elliptic__strict_inductive__mlp__seed6.csv,$HISTORICAL_GNN_FRAUD_REPO/results/runs_rb09v3/runs.csv#elliptic:strict_inductive:mlp:seed6,CANONICAL_PREDICTION_PATH_MISSING;INDEXED_SOURCE_ARCHIVE_MISSING;UNVERIFIED_RAW_COORDINATE_CANDIDATES_NOT_ALIASED,D
elliptic,strict_inductive,feature_mlp,7,fold0,INDEX_REFERENCED_FILE_MISSING,kaggleoutputs/elliptic_10seed_strict_inductive/predictions/elliptic__strict_inductive__mlp__seed7.csv,$HISTORICAL_GNN_FRAUD_REPO/kaggleoutputs/elliptic_10seed_strict_inductive.zip,24752f5ffdc082dc79ca5084701fccd04d2ac9588b4b15712598bdfe8daa1e4a,predictions/elliptic__strict_inductive__mlp__seed7.csv,$HISTORICAL_GNN_FRAUD_REPO/results/runs_rb09v3/runs.csv#elliptic:strict_inductive:mlp:seed7,CANONICAL_PREDICTION_PATH_MISSING;INDEXED_SOURCE_ARCHIVE_MISSING;UNVERIFIED_RAW_COORDINATE_CANDIDATES_NOT_ALIASED,D
elliptic,strict_inductive,feature_mlp,8,fold0,INDEX_REFERENCED_FILE_MISSING,kaggleoutputs/elliptic_10seed_strict_inductive/predictions/elliptic__strict_inductive__mlp__seed8.csv,$HISTORICAL_GNN_FRAUD_REPO/kaggleoutputs/elliptic_10seed_strict_inductive.zip,24752f5ffdc082dc79ca5084701fccd04d2ac9588b4b15712598bdfe8daa1e4a,predictions/elliptic__strict_inductive__mlp__seed8.csv,$HISTORICAL_GNN_FRAUD_REPO/results/runs_rb09v3/runs.csv#elliptic:strict_inductive:mlp:seed8,CANONICAL_PREDICTION_PATH_MISSING;INDEXED_SOURCE_ARCHIVE_MISSING;UNVERIFIED_RAW_COORDINATE_CANDIDATES_NOT_ALIASED,D
elliptic,strict_inductive,feature_mlp,9,fold0,INDEX_REFERENCED_FILE_MISSING,kaggleoutputs/elliptic_10seed_strict_inductive/predictions/elliptic__strict_inductive__mlp__seed9.csv,$HISTORICAL_GNN_FRAUD_REPO/kaggleoutputs/elliptic_10seed_strict_inductive.zip,24752f5ffdc082dc79ca5084701fccd04d2ac9588b4b15712598bdfe8daa1e4a,predictions/elliptic__strict_inductive__mlp__seed9.csv,$HISTORICAL_GNN_FRAUD_REPO/results/runs_rb09v3/runs.csv#elliptic:strict_inductive:mlp:seed9,CANONICAL_PREDICTION_PATH_MISSING;INDEXED_SOURCE_ARCHIVE_MISSING;UNVERIFIED_RAW_COORDINATE_CANDIDATES_NOT_ALIASED,D
elliptic,strict_inductive,feature_mlp,10,fold0,INDEX_REFERENCED_FILE_MISSING,kaggleoutputs/elliptic_10seed_strict_inductive/predictions/elliptic__strict_inductive__mlp__seed10.csv,$HISTORICAL_GNN_FRAUD_REPO/kaggleoutputs/elliptic_10seed_strict_inductive.zip,24752f5ffdc082dc79ca5084701fccd04d2ac9588b4b15712598bdfe8daa1e4a,predictions/elliptic__strict_inductive__mlp__seed10.csv,$HISTORICAL_GNN_FRAUD_REPO/results/runs_rb09v3/runs.csv#elliptic:strict_inductive:mlp:seed10,CANONICAL_PREDICTION_PATH_MISSING;INDEXED_SOURCE_ARCHIVE_MISSING;UNVERIFIED_RAW_COORDINATE_CANDIDATES_NOT_ALIASED,D
elliptic,strict_inductive,gcn,1,fold0,INDEX_REFERENCED_FILE_MISSING,kaggleoutputs/elliptic_10seed_strict_inductive/predictions/elliptic__strict_inductive__gcn__seed1.csv,$HISTORICAL_GNN_FRAUD_REPO/kaggleoutputs/elliptic_10seed_strict_inductive.zip,24752f5ffdc082dc79ca5084701fccd04d2ac9588b4b15712598bdfe8daa1e4a,predictions/elliptic__strict_inductive__gcn__seed1.csv,$HISTORICAL_GNN_FRAUD_REPO/results/runs_rb09v3/runs.csv#elliptic:strict_inductive:gcn:seed1,CANONICAL_PREDICTION_PATH_MISSING;INDEXED_SOURCE_ARCHIVE_MISSING;UNVERIFIED_RAW_COORDINATE_CANDIDATES_NOT_ALIASED,D
elliptic,strict_inductive,gcn,2,fold0,INDEX_REFERENCED_FILE_MISSING,kaggleoutputs/elliptic_10seed_strict_inductive/predictions/elliptic__strict_inductive__gcn__seed2.csv,$HISTORICAL_GNN_FRAUD_REPO/kaggleoutputs/elliptic_10seed_strict_inductive.zip,24752f5ffdc082dc79ca5084701fccd04d2ac9588b4b15712598bdfe8daa1e4a,predictions/elliptic__strict_inductive__gcn__seed2.csv,$HISTORICAL_GNN_FRAUD_REPO/results/runs_rb09v3/runs.csv#elliptic:strict_inductive:gcn:seed2,CANONICAL_PREDICTION_PATH_MISSING;INDEXED_SOURCE_ARCHIVE_MISSING;UNVERIFIED_RAW_COORDINATE_CANDIDATES_NOT_ALIASED,D
elliptic,strict_inductive,gcn,3,fold0,INDEX_REFERENCED_FILE_MISSING,kaggleoutputs/elliptic_10seed_strict_inductive/predictions/elliptic__strict_inductive__gcn__seed3.csv,$HISTORICAL_GNN_FRAUD_REPO/kaggleoutputs/elliptic_10seed_strict_inductive.zip,24752f5ffdc082dc79ca5084701fccd04d2ac9588b4b15712598bdfe8daa1e4a,predictions/elliptic__strict_inductive__gcn__seed3.csv,$HISTORICAL_GNN_FRAUD_REPO/results/runs_rb09v3/runs.csv#elliptic:strict_inductive:gcn:seed3,CANONICAL_PREDICTION_PATH_MISSING;INDEXED_SOURCE_ARCHIVE_MISSING;UNVERIFIED_RAW_COORDINATE_CANDIDATES_NOT_ALIASED,D
elliptic,strict_inductive,gcn,4,fold0,INDEX_REFERENCED_FILE_MISSING,kaggleoutputs/elliptic_10seed_strict_inductive/predictions/elliptic__strict_inductive__gcn__seed4.csv,$HISTORICAL_GNN_FRAUD_REPO/kaggleoutputs/elliptic_10seed_strict_inductive.zip,24752f5ffdc082dc79ca5084701fccd04d2ac9588b4b15712598bdfe8daa1e4a,predictions/elliptic__strict_inductive__gcn__seed4.csv,$HISTORICAL_GNN_FRAUD_REPO/results/runs_rb09v3/runs.csv#elliptic:strict_inductive:gcn:seed4,CANONICAL_PREDICTION_PATH_MISSING;INDEXED_SOURCE_ARCHIVE_MISSING;UNVERIFIED_RAW_COORDINATE_CANDIDATES_NOT_ALIASED,D
elliptic,strict_inductive,gcn,5,fold0,INDEX_REFERENCED_FILE_MISSING,kaggleoutputs/elliptic_10seed_strict_inductive/predictions/elliptic__strict_inductive__gcn__seed5.csv,$HISTORICAL_GNN_FRAUD_REPO/kaggleoutputs/elliptic_10seed_strict_inductive.zip,24752f5ffdc082dc79ca5084701fccd04d2ac9588b4b15712598bdfe8daa1e4a,predictions/elliptic__strict_inductive__gcn__seed5.csv,$HISTORICAL_GNN_FRAUD_REPO/results/runs_rb09v3/runs.csv#elliptic:strict_inductive:gcn:seed5,CANONICAL_PREDICTION_PATH_MISSING;INDEXED_SOURCE_ARCHIVE_MISSING;UNVERIFIED_RAW_COORDINATE_CANDIDATES_NOT_ALIASED,D
elliptic,strict_inductive,gcn,6,fold0,INDEX_REFERENCED_FILE_MISSING,kaggleoutputs/elliptic_10seed_strict_inductive/predictions/elliptic__strict_inductive__gcn__seed6.csv,$HISTORICAL_GNN_FRAUD_REPO/kaggleoutputs/elliptic_10seed_strict_inductive.zip,24752f5ffdc082dc79ca5084701fccd04d2ac9588b4b15712598bdfe8daa1e4a,predictions/elliptic__strict_inductive__gcn__seed6.csv,$HISTORICAL_GNN_FRAUD_REPO/results/runs_rb09v3/runs.csv#elliptic:strict_inductive:gcn:seed6,CANONICAL_PREDICTION_PATH_MISSING;INDEXED_SOURCE_ARCHIVE_MISSING;UNVERIFIED_RAW_COORDINATE_CANDIDATES_NOT_ALIASED,D
elliptic,strict_inductive,gcn,7,fold0,INDEX_REFERENCED_FILE_MISSING,kaggleoutputs/elliptic_10seed_strict_inductive/predictions/elliptic__strict_inductive__gcn__seed7.csv,$HISTORICAL_GNN_FRAUD_REPO/kaggleoutputs/elliptic_10seed_strict_inductive.zip,24752f5ffdc082dc79ca5084701fccd04d2ac9588b4b15712598bdfe8daa1e4a,predictions/elliptic__strict_inductive__gcn__seed7.csv,$HISTORICAL_GNN_FRAUD_REPO/results/runs_rb09v3/runs.csv#elliptic:strict_inductive:gcn:seed7,CANONICAL_PREDICTION_PATH_MISSING;INDEXED_SOURCE_ARCHIVE_MISSING;UNVERIFIED_RAW_COORDINATE_CANDIDATES_NOT_ALIASED,D
elliptic,strict_inductive,gcn,8,fold0,INDEX_REFERENCED_FILE_MISSING,kaggleoutputs/elliptic_10seed_strict_inductive/predictions/elliptic__strict_inductive__gcn__seed8.csv,$HISTORICAL_GNN_FRAUD_REPO/kaggleoutputs/elliptic_10seed_strict_inductive.zip,24752f5ffdc082dc79ca5084701fccd04d2ac9588b4b15712598bdfe8daa1e4a,predictions/elliptic__strict_inductive__gcn__seed8.csv,$HISTORICAL_GNN_FRAUD_REPO/results/runs_rb09v3/runs.csv#elliptic:strict_inductive:gcn:seed8,CANONICAL_PREDICTION_PATH_MISSING;INDEXED_SOURCE_ARCHIVE_MISSING;UNVERIFIED_RAW_COORDINATE_CANDIDATES_NOT_ALIASED,D
elliptic,strict_inductive,gcn,9,fold0,INDEX_REFERENCED_FILE_MISSING,kaggleoutputs/elliptic_10seed_strict_inductive/predictions/elliptic__strict_inductive__gcn__seed9.csv,$HISTORICAL_GNN_FRAUD_REPO/kaggleoutputs/elliptic_10seed_strict_inductive.zip,24752f5ffdc082dc79ca5084701fccd04d2ac9588b4b15712598bdfe8daa1e4a,predictions/elliptic__strict_inductive__gcn__seed9.csv,$HISTORICAL_GNN_FRAUD_REPO/results/runs_rb09v3/runs.csv#elliptic:strict_inductive:gcn:seed9,CANONICAL_PREDICTION_PATH_MISSING;INDEXED_SOURCE_ARCHIVE_MISSING;UNVERIFIED_RAW_COORDINATE_CANDIDATES_NOT_ALIASED,D
elliptic,strict_inductive,gcn,10,fold0,INDEX_REFERENCED_FILE_MISSING,kaggleoutputs/elliptic_10seed_strict_inductive/predictions/elliptic__strict_inductive__gcn__seed10.csv,$HISTORICAL_GNN_FRAUD_REPO/kaggleoutputs/elliptic_10seed_strict_inductive.zip,24752f5ffdc082dc79ca5084701fccd04d2ac9588b4b15712598bdfe8daa1e4a,predictions/elliptic__strict_inductive__gcn__seed10.csv,$HISTORICAL_GNN_FRAUD_REPO/results/runs_rb09v3/runs.csv#elliptic:strict_inductive:gcn:seed10,CANONICAL_PREDICTION_PATH_MISSING;INDEXED_SOURCE_ARCHIVE_MISSING;UNVERIFIED_RAW_COORDINATE_CANDIDATES_NOT_ALIASED,D
elliptic,strict_inductive,graphsage,1,fold0,INDEX_REFERENCED_FILE_MISSING,kaggleoutputs/elliptic_10seed_strict_inductive/predictions/elliptic__strict_inductive__sage__seed1.csv,$HISTORICAL_GNN_FRAUD_REPO/kaggleoutputs/elliptic_10seed_strict_inductive.zip,24752f5ffdc082dc79ca5084701fccd04d2ac9588b4b15712598bdfe8daa1e4a,predictions/elliptic__strict_inductive__sage__seed1.csv,$HISTORICAL_GNN_FRAUD_REPO/results/runs_rb09v3/runs.csv#elliptic:strict_inductive:sage:seed1,CANONICAL_PREDICTION_PATH_MISSING;INDEXED_SOURCE_ARCHIVE_MISSING;UNVERIFIED_RAW_COORDINATE_CANDIDATES_NOT_ALIASED,D
elliptic,strict_inductive,graphsage,2,fold0,INDEX_REFERENCED_FILE_MISSING,kaggleoutputs/elliptic_10seed_strict_inductive/predictions/elliptic__strict_inductive__sage__seed2.csv,$HISTORICAL_GNN_FRAUD_REPO/kaggleoutputs/elliptic_10seed_strict_inductive.zip,24752f5ffdc082dc79ca5084701fccd04d2ac9588b4b15712598bdfe8daa1e4a,predictions/elliptic__strict_inductive__sage__seed2.csv,$HISTORICAL_GNN_FRAUD_REPO/results/runs_rb09v3/runs.csv#elliptic:strict_inductive:sage:seed2,CANONICAL_PREDICTION_PATH_MISSING;INDEXED_SOURCE_ARCHIVE_MISSING;UNVERIFIED_RAW_COORDINATE_CANDIDATES_NOT_ALIASED,D
elliptic,strict_inductive,graphsage,3,fold0,INDEX_REFERENCED_FILE_MISSING,kaggleoutputs/elliptic_10seed_strict_inductive/predictions/elliptic__strict_inductive__sage__seed3.csv,$HISTORICAL_GNN_FRAUD_REPO/kaggleoutputs/elliptic_10seed_strict_inductive.zip,24752f5ffdc082dc79ca5084701fccd04d2ac9588b4b15712598bdfe8daa1e4a,predictions/elliptic__strict_inductive__sage__seed3.csv,$HISTORICAL_GNN_FRAUD_REPO/results/runs_rb09v3/runs.csv#elliptic:strict_inductive:sage:seed3,CANONICAL_PREDICTION_PATH_MISSING;INDEXED_SOURCE_ARCHIVE_MISSING;UNVERIFIED_RAW_COORDINATE_CANDIDATES_NOT_ALIASED,D
elliptic,strict_inductive,graphsage,4,fold0,INDEX_REFERENCED_FILE_MISSING,kaggleoutputs/elliptic_10seed_strict_inductive/predictions/elliptic__strict_inductive__sage__seed4.csv,$HISTORICAL_GNN_FRAUD_REPO/kaggleoutputs/elliptic_10seed_strict_inductive.zip,24752f5ffdc082dc79ca5084701fccd04d2ac9588b4b15712598bdfe8daa1e4a,predictions/elliptic__strict_inductive__sage__seed4.csv,$HISTORICAL_GNN_FRAUD_REPO/results/runs_rb09v3/runs.csv#elliptic:strict_inductive:sage:seed4,CANONICAL_PREDICTION_PATH_MISSING;INDEXED_SOURCE_ARCHIVE_MISSING;UNVERIFIED_RAW_COORDINATE_CANDIDATES_NOT_ALIASED,D
elliptic,strict_inductive,graphsage,5,fold0,INDEX_REFERENCED_FILE_MISSING,kaggleoutputs/elliptic_10seed_strict_inductive/predictions/elliptic__strict_inductive__sage__seed5.csv,$HISTORICAL_GNN_FRAUD_REPO/kaggleoutputs/elliptic_10seed_strict_inductive.zip,24752f5ffdc082dc79ca5084701fccd04d2ac9588b4b15712598bdfe8daa1e4a,predictions/elliptic__strict_inductive__sage__seed5.csv,$HISTORICAL_GNN_FRAUD_REPO/results/runs_rb09v3/runs.csv#elliptic:strict_inductive:sage:seed5,CANONICAL_PREDICTION_PATH_MISSING;INDEXED_SOURCE_ARCHIVE_MISSING;UNVERIFIED_RAW_COORDINATE_CANDIDATES_NOT_ALIASED,D
elliptic,strict_inductive,graphsage,6,fold0,INDEX_REFERENCED_FILE_MISSING,kaggleoutputs/elliptic_10seed_strict_inductive/predictions/elliptic__strict_inductive__sage__seed6.csv,$HISTORICAL_GNN_FRAUD_REPO/kaggleoutputs/elliptic_10seed_strict_inductive.zip,24752f5ffdc082dc79ca5084701fccd04d2ac9588b4b15712598bdfe8daa1e4a,predictions/elliptic__strict_inductive__sage__seed6.csv,$HISTORICAL_GNN_FRAUD_REPO/results/runs_rb09v3/runs.csv#elliptic:strict_inductive:sage:seed6,CANONICAL_PREDICTION_PATH_MISSING;INDEXED_SOURCE_ARCHIVE_MISSING;UNVERIFIED_RAW_COORDINATE_CANDIDATES_NOT_ALIASED,D
elliptic,strict_inductive,graphsage,7,fold0,INDEX_REFERENCED_FILE_MISSING,kaggleoutputs/elliptic_10seed_strict_inductive/predictions/elliptic__strict_inductive__sage__seed7.csv,$HISTORICAL_GNN_FRAUD_REPO/kaggleoutputs/elliptic_10seed_strict_inductive.zip,24752f5ffdc082dc79ca5084701fccd04d2ac9588b4b15712598bdfe8daa1e4a,predictions/elliptic__strict_inductive__sage__seed7.csv,$HISTORICAL_GNN_FRAUD_REPO/results/runs_rb09v3/runs.csv#elliptic:strict_inductive:sage:seed7,CANONICAL_PREDICTION_PATH_MISSING;INDEXED_SOURCE_ARCHIVE_MISSING;UNVERIFIED_RAW_COORDINATE_CANDIDATES_NOT_ALIASED,D
elliptic,strict_inductive,graphsage,8,fold0,INDEX_REFERENCED_FILE_MISSING,kaggleoutputs/elliptic_10seed_strict_inductive/predictions/elliptic__strict_inductive__sage__seed8.csv,$HISTORICAL_GNN_FRAUD_REPO/kaggleoutputs/elliptic_10seed_strict_inductive.zip,24752f5ffdc082dc79ca5084701fccd04d2ac9588b4b15712598bdfe8daa1e4a,predictions/elliptic__strict_inductive__sage__seed8.csv,$HISTORICAL_GNN_FRAUD_REPO/results/runs_rb09v3/runs.csv#elliptic:strict_inductive:sage:seed8,CANONICAL_PREDICTION_PATH_MISSING;INDEXED_SOURCE_ARCHIVE_MISSING;UNVERIFIED_RAW_COORDINATE_CANDIDATES_NOT_ALIASED,D
elliptic,strict_inductive,graphsage,9,fold0,INDEX_REFERENCED_FILE_MISSING,kaggleoutputs/elliptic_10seed_strict_inductive/predictions/elliptic__strict_inductive__sage__seed9.csv,$HISTORICAL_GNN_FRAUD_REPO/kaggleoutputs/elliptic_10seed_strict_inductive.zip,24752f5ffdc082dc79ca5084701fccd04d2ac9588b4b15712598bdfe8daa1e4a,predictions/elliptic__strict_inductive__sage__seed9.csv,$HISTORICAL_GNN_FRAUD_REPO/results/runs_rb09v3/runs.csv#elliptic:strict_inductive:sage:seed9,CANONICAL_PREDICTION_PATH_MISSING;INDEXED_SOURCE_ARCHIVE_MISSING;UNVERIFIED_RAW_COORDINATE_CANDIDATES_NOT_ALIASED,D
elliptic,strict_inductive,graphsage,10,fold0,INDEX_REFERENCED_FILE_MISSING,kaggleoutputs/elliptic_10seed_strict_inductive/predictions/elliptic__strict_inductive__sage__seed10.csv,$HISTORICAL_GNN_FRAUD_REPO/kaggleoutputs/elliptic_10seed_strict_inductive.zip,24752f5ffdc082dc79ca5084701fccd04d2ac9588b4b15712598bdfe8daa1e4a,predictions/elliptic__strict_inductive__sage__seed10.csv,$HISTORICAL_GNN_FRAUD_REPO/results/runs_rb09v3/runs.csv#elliptic:strict_inductive:sage:seed10,CANONICAL_PREDICTION_PATH_MISSING;INDEXED_SOURCE_ARCHIVE_MISSING;UNVERIFIED_RAW_COORDINATE_CANDIDATES_NOT_ALIASED,D
elliptic,transductive_structure,feature_mlp,1,fold0,INDEX_REFERENCED_FILE_MISSING,kaggleoutputs/elliptic_10seed_transductive/predictions/elliptic__transductive__mlp__seed1.csv,$HISTORICAL_GNN_FRAUD_REPO/kaggleoutputs/elliptic_10seed_transductive.zip,99d2f7ad1ad95fd7c30c193da9003c091b0c3fdce028dccd2bd0019f35869c08,predictions/elliptic__transductive__mlp__seed1.csv,$HISTORICAL_GNN_FRAUD_REPO/results/runs_rb09v3/runs.csv#elliptic:transductive:mlp:seed1,CANONICAL_PREDICTION_PATH_MISSING;INDEXED_SOURCE_ARCHIVE_MISSING,D
elliptic,transductive_structure,feature_mlp,2,fold0,INDEX_REFERENCED_FILE_MISSING,kaggleoutputs/elliptic_10seed_transductive/predictions/elliptic__transductive__mlp__seed2.csv,$HISTORICAL_GNN_FRAUD_REPO/kaggleoutputs/elliptic_10seed_transductive.zip,99d2f7ad1ad95fd7c30c193da9003c091b0c3fdce028dccd2bd0019f35869c08,predictions/elliptic__transductive__mlp__seed2.csv,$HISTORICAL_GNN_FRAUD_REPO/results/runs_rb09v3/runs.csv#elliptic:transductive:mlp:seed2,CANONICAL_PREDICTION_PATH_MISSING;INDEXED_SOURCE_ARCHIVE_MISSING,D
elliptic,transductive_structure,feature_mlp,3,fold0,INDEX_REFERENCED_FILE_MISSING,kaggleoutputs/elliptic_10seed_transductive/predictions/elliptic__transductive__mlp__seed3.csv,$HISTORICAL_GNN_FRAUD_REPO/kaggleoutputs/elliptic_10seed_transductive.zip,99d2f7ad1ad95fd7c30c193da9003c091b0c3fdce028dccd2bd0019f35869c08,predictions/elliptic__transductive__mlp__seed3.csv,$HISTORICAL_GNN_FRAUD_REPO/results/runs_rb09v3/runs.csv#elliptic:transductive:mlp:seed3,CANONICAL_PREDICTION_PATH_MISSING;INDEXED_SOURCE_ARCHIVE_MISSING,D
elliptic,transductive_structure,feature_mlp,4,fold0,INDEX_REFERENCED_FILE_MISSING,kaggleoutputs/elliptic_10seed_transductive/predictions/elliptic__transductive__mlp__seed4.csv,$HISTORICAL_GNN_FRAUD_REPO/kaggleoutputs/elliptic_10seed_transductive.zip,99d2f7ad1ad95fd7c30c193da9003c091b0c3fdce028dccd2bd0019f35869c08,predictions/elliptic__transductive__mlp__seed4.csv,$HISTORICAL_GNN_FRAUD_REPO/results/runs_rb09v3/runs.csv#elliptic:transductive:mlp:seed4,CANONICAL_PREDICTION_PATH_MISSING;INDEXED_SOURCE_ARCHIVE_MISSING,D
elliptic,transductive_structure,feature_mlp,5,fold0,INDEX_REFERENCED_FILE_MISSING,kaggleoutputs/elliptic_10seed_transductive/predictions/elliptic__transductive__mlp__seed5.csv,$HISTORICAL_GNN_FRAUD_REPO/kaggleoutputs/elliptic_10seed_transductive.zip,99d2f7ad1ad95fd7c30c193da9003c091b0c3fdce028dccd2bd0019f35869c08,predictions/elliptic__transductive__mlp__seed5.csv,$HISTORICAL_GNN_FRAUD_REPO/results/runs_rb09v3/runs.csv#elliptic:transductive:mlp:seed5,CANONICAL_PREDICTION_PATH_MISSING;INDEXED_SOURCE_ARCHIVE_MISSING,D
elliptic,transductive_structure,feature_mlp,6,fold0,INDEX_REFERENCED_FILE_MISSING,kaggleoutputs/elliptic_10seed_transductive/predictions/elliptic__transductive__mlp__seed6.csv,$HISTORICAL_GNN_FRAUD_REPO/kaggleoutputs/elliptic_10seed_transductive.zip,99d2f7ad1ad95fd7c30c193da9003c091b0c3fdce028dccd2bd0019f35869c08,predictions/elliptic__transductive__mlp__seed6.csv,$HISTORICAL_GNN_FRAUD_REPO/results/runs_rb09v3/runs.csv#elliptic:transductive:mlp:seed6,CANONICAL_PREDICTION_PATH_MISSING;INDEXED_SOURCE_ARCHIVE_MISSING,D
elliptic,transductive_structure,feature_mlp,7,fold0,INDEX_REFERENCED_FILE_MISSING,kaggleoutputs/elliptic_10seed_transductive/predictions/elliptic__transductive__mlp__seed7.csv,$HISTORICAL_GNN_FRAUD_REPO/kaggleoutputs/elliptic_10seed_transductive.zip,99d2f7ad1ad95fd7c30c193da9003c091b0c3fdce028dccd2bd0019f35869c08,predictions/elliptic__transductive__mlp__seed7.csv,$HISTORICAL_GNN_FRAUD_REPO/results/runs_rb09v3/runs.csv#elliptic:transductive:mlp:seed7,CANONICAL_PREDICTION_PATH_MISSING;INDEXED_SOURCE_ARCHIVE_MISSING,D
elliptic,transductive_structure,feature_mlp,8,fold0,INDEX_REFERENCED_FILE_MISSING,kaggleoutputs/elliptic_10seed_transductive/predictions/elliptic__transductive__mlp__seed8.csv,$HISTORICAL_GNN_FRAUD_REPO/kaggleoutputs/elliptic_10seed_transductive.zip,99d2f7ad1ad95fd7c30c193da9003c091b0c3fdce028dccd2bd0019f35869c08,predictions/elliptic__transductive__mlp__seed8.csv,$HISTORICAL_GNN_FRAUD_REPO/results/runs_rb09v3/runs.csv#elliptic:transductive:mlp:seed8,CANONICAL_PREDICTION_PATH_MISSING;INDEXED_SOURCE_ARCHIVE_MISSING,D
elliptic,transductive_structure,feature_mlp,9,fold0,INDEX_REFERENCED_FILE_MISSING,kaggleoutputs/elliptic_10seed_transductive/predictions/elliptic__transductive__mlp__seed9.csv,$HISTORICAL_GNN_FRAUD_REPO/kaggleoutputs/elliptic_10seed_transductive.zip,99d2f7ad1ad95fd7c30c193da9003c091b0c3fdce028dccd2bd0019f35869c08,predictions/elliptic__transductive__mlp__seed9.csv,$HISTORICAL_GNN_FRAUD_REPO/results/runs_rb09v3/runs.csv#elliptic:transductive:mlp:seed9,CANONICAL_PREDICTION_PATH_MISSING;INDEXED_SOURCE_ARCHIVE_MISSING,D
elliptic,transductive_structure,feature_mlp,10,fold0,INDEX_REFERENCED_FILE_MISSING,kaggleoutputs/elliptic_10seed_transductive/predictions/elliptic__transductive__mlp__seed10.csv,$HISTORICAL_GNN_FRAUD_REPO/kaggleoutputs/elliptic_10seed_transductive.zip,99d2f7ad1ad95fd7c30c193da9003c091b0c3fdce028dccd2bd0019f35869c08,predictions/elliptic__transductive__mlp__seed10.csv,$HISTORICAL_GNN_FRAUD_REPO/results/runs_rb09v3/runs.csv#elliptic:transductive:mlp:seed10,CANONICAL_PREDICTION_PATH_MISSING;INDEXED_SOURCE_ARCHIVE_MISSING,D
elliptic,transductive_structure,gcn,1,fold0,INDEX_REFERENCED_FILE_MISSING,kaggleoutputs/elliptic_10seed_transductive/predictions/elliptic__transductive__gcn__seed1.csv,$HISTORICAL_GNN_FRAUD_REPO/kaggleoutputs/elliptic_10seed_transductive.zip,99d2f7ad1ad95fd7c30c193da9003c091b0c3fdce028dccd2bd0019f35869c08,predictions/elliptic__transductive__gcn__seed1.csv,$HISTORICAL_GNN_FRAUD_REPO/results/runs_rb09v3/runs.csv#elliptic:transductive:gcn:seed1,CANONICAL_PREDICTION_PATH_MISSING;INDEXED_SOURCE_ARCHIVE_MISSING;UNVERIFIED_RAW_COORDINATE_CANDIDATES_NOT_ALIASED,D
elliptic,transductive_structure,gcn,2,fold0,INDEX_REFERENCED_FILE_MISSING,kaggleoutputs/elliptic_10seed_transductive/predictions/elliptic__transductive__gcn__seed2.csv,$HISTORICAL_GNN_FRAUD_REPO/kaggleoutputs/elliptic_10seed_transductive.zip,99d2f7ad1ad95fd7c30c193da9003c091b0c3fdce028dccd2bd0019f35869c08,predictions/elliptic__transductive__gcn__seed2.csv,$HISTORICAL_GNN_FRAUD_REPO/results/runs_rb09v3/runs.csv#elliptic:transductive:gcn:seed2,CANONICAL_PREDICTION_PATH_MISSING;INDEXED_SOURCE_ARCHIVE_MISSING;UNVERIFIED_RAW_COORDINATE_CANDIDATES_NOT_ALIASED,D
elliptic,transductive_structure,gcn,3,fold0,INDEX_REFERENCED_FILE_MISSING,kaggleoutputs/elliptic_10seed_transductive/predictions/elliptic__transductive__gcn__seed3.csv,$HISTORICAL_GNN_FRAUD_REPO/kaggleoutputs/elliptic_10seed_transductive.zip,99d2f7ad1ad95fd7c30c193da9003c091b0c3fdce028dccd2bd0019f35869c08,predictions/elliptic__transductive__gcn__seed3.csv,$HISTORICAL_GNN_FRAUD_REPO/results/runs_rb09v3/runs.csv#elliptic:transductive:gcn:seed3,CANONICAL_PREDICTION_PATH_MISSING;INDEXED_SOURCE_ARCHIVE_MISSING;UNVERIFIED_RAW_COORDINATE_CANDIDATES_NOT_ALIASED,D
elliptic,transductive_structure,gcn,4,fold0,INDEX_REFERENCED_FILE_MISSING,kaggleoutputs/elliptic_10seed_transductive/predictions/elliptic__transductive__gcn__seed4.csv,$HISTORICAL_GNN_FRAUD_REPO/kaggleoutputs/elliptic_10seed_transductive.zip,99d2f7ad1ad95fd7c30c193da9003c091b0c3fdce028dccd2bd0019f35869c08,predictions/elliptic__transductive__gcn__seed4.csv,$HISTORICAL_GNN_FRAUD_REPO/results/runs_rb09v3/runs.csv#elliptic:transductive:gcn:seed4,CANONICAL_PREDICTION_PATH_MISSING;INDEXED_SOURCE_ARCHIVE_MISSING;UNVERIFIED_RAW_COORDINATE_CANDIDATES_NOT_ALIASED,D
elliptic,transductive_structure,gcn,5,fold0,INDEX_REFERENCED_FILE_MISSING,kaggleoutputs/elliptic_10seed_transductive/predictions/elliptic__transductive__gcn__seed5.csv,$HISTORICAL_GNN_FRAUD_REPO/kaggleoutputs/elliptic_10seed_transductive.zip,99d2f7ad1ad95fd7c30c193da9003c091b0c3fdce028dccd2bd0019f35869c08,predictions/elliptic__transductive__gcn__seed5.csv,$HISTORICAL_GNN_FRAUD_REPO/results/runs_rb09v3/runs.csv#elliptic:transductive:gcn:seed5,CANONICAL_PREDICTION_PATH_MISSING;INDEXED_SOURCE_ARCHIVE_MISSING;UNVERIFIED_RAW_COORDINATE_CANDIDATES_NOT_ALIASED,D
elliptic,transductive_structure,gcn,6,fold0,INDEX_REFERENCED_FILE_MISSING,kaggleoutputs/elliptic_10seed_transductive/predictions/elliptic__transductive__gcn__seed6.csv,$HISTORICAL_GNN_FRAUD_REPO/kaggleoutputs/elliptic_10seed_transductive.zip,99d2f7ad1ad95fd7c30c193da9003c091b0c3fdce028dccd2bd0019f35869c08,predictions/elliptic__transductive__gcn__seed6.csv,$HISTORICAL_GNN_FRAUD_REPO/results/runs_rb09v3/runs.csv#elliptic:transductive:gcn:seed6,CANONICAL_PREDICTION_PATH_MISSING;INDEXED_SOURCE_ARCHIVE_MISSING;UNVERIFIED_RAW_COORDINATE_CANDIDATES_NOT_ALIASED,D
elliptic,transductive_structure,gcn,7,fold0,INDEX_REFERENCED_FILE_MISSING,kaggleoutputs/elliptic_10seed_transductive/predictions/elliptic__transductive__gcn__seed7.csv,$HISTORICAL_GNN_FRAUD_REPO/kaggleoutputs/elliptic_10seed_transductive.zip,99d2f7ad1ad95fd7c30c193da9003c091b0c3fdce028dccd2bd0019f35869c08,predictions/elliptic__transductive__gcn__seed7.csv,$HISTORICAL_GNN_FRAUD_REPO/results/runs_rb09v3/runs.csv#elliptic:transductive:gcn:seed7,CANONICAL_PREDICTION_PATH_MISSING;INDEXED_SOURCE_ARCHIVE_MISSING;UNVERIFIED_RAW_COORDINATE_CANDIDATES_NOT_ALIASED,D
elliptic,transductive_structure,gcn,8,fold0,INDEX_REFERENCED_FILE_MISSING,kaggleoutputs/elliptic_10seed_transductive/predictions/elliptic__transductive__gcn__seed8.csv,$HISTORICAL_GNN_FRAUD_REPO/kaggleoutputs/elliptic_10seed_transductive.zip,99d2f7ad1ad95fd7c30c193da9003c091b0c3fdce028dccd2bd0019f35869c08,predictions/elliptic__transductive__gcn__seed8.csv,$HISTORICAL_GNN_FRAUD_REPO/results/runs_rb09v3/runs.csv#elliptic:transductive:gcn:seed8,CANONICAL_PREDICTION_PATH_MISSING;INDEXED_SOURCE_ARCHIVE_MISSING;UNVERIFIED_RAW_COORDINATE_CANDIDATES_NOT_ALIASED,D
elliptic,transductive_structure,gcn,9,fold0,INDEX_REFERENCED_FILE_MISSING,kaggleoutputs/elliptic_10seed_transductive/predictions/elliptic__transductive__gcn__seed9.csv,$HISTORICAL_GNN_FRAUD_REPO/kaggleoutputs/elliptic_10seed_transductive.zip,99d2f7ad1ad95fd7c30c193da9003c091b0c3fdce028dccd2bd0019f35869c08,predictions/elliptic__transductive__gcn__seed9.csv,$HISTORICAL_GNN_FRAUD_REPO/results/runs_rb09v3/runs.csv#elliptic:transductive:gcn:seed9,CANONICAL_PREDICTION_PATH_MISSING;INDEXED_SOURCE_ARCHIVE_MISSING;UNVERIFIED_RAW_COORDINATE_CANDIDATES_NOT_ALIASED,D
elliptic,transductive_structure,gcn,10,fold0,INDEX_REFERENCED_FILE_MISSING,kaggleoutputs/elliptic_10seed_transductive/predictions/elliptic__transductive__gcn__seed10.csv,$HISTORICAL_GNN_FRAUD_REPO/kaggleoutputs/elliptic_10seed_transductive.zip,99d2f7ad1ad95fd7c30c193da9003c091b0c3fdce028dccd2bd0019f35869c08,predictions/elliptic__transductive__gcn__seed10.csv,$HISTORICAL_GNN_FRAUD_REPO/results/runs_rb09v3/runs.csv#elliptic:transductive:gcn:seed10,CANONICAL_PREDICTION_PATH_MISSING;INDEXED_SOURCE_ARCHIVE_MISSING;UNVERIFIED_RAW_COORDINATE_CANDIDATES_NOT_ALIASED,D
elliptic,transductive_structure,graphsage,1,fold0,INDEX_REFERENCED_FILE_MISSING,kaggleoutputs/elliptic_10seed_transductive/predictions/elliptic__transductive__sage__seed1.csv,$HISTORICAL_GNN_FRAUD_REPO/kaggleoutputs/elliptic_10seed_transductive.zip,99d2f7ad1ad95fd7c30c193da9003c091b0c3fdce028dccd2bd0019f35869c08,predictions/elliptic__transductive__sage__seed1.csv,$HISTORICAL_GNN_FRAUD_REPO/results/runs_rb09v3/runs.csv#elliptic:transductive:sage:seed1,CANONICAL_PREDICTION_PATH_MISSING;INDEXED_SOURCE_ARCHIVE_MISSING;UNVERIFIED_RAW_COORDINATE_CANDIDATES_NOT_ALIASED,D
elliptic,transductive_structure,graphsage,2,fold0,INDEX_REFERENCED_FILE_MISSING,kaggleoutputs/elliptic_10seed_transductive/predictions/elliptic__transductive__sage__seed2.csv,$HISTORICAL_GNN_FRAUD_REPO/kaggleoutputs/elliptic_10seed_transductive.zip,99d2f7ad1ad95fd7c30c193da9003c091b0c3fdce028dccd2bd0019f35869c08,predictions/elliptic__transductive__sage__seed2.csv,$HISTORICAL_GNN_FRAUD_REPO/results/runs_rb09v3/runs.csv#elliptic:transductive:sage:seed2,CANONICAL_PREDICTION_PATH_MISSING;INDEXED_SOURCE_ARCHIVE_MISSING;UNVERIFIED_RAW_COORDINATE_CANDIDATES_NOT_ALIASED,D
elliptic,transductive_structure,graphsage,3,fold0,INDEX_REFERENCED_FILE_MISSING,kaggleoutputs/elliptic_10seed_transductive/predictions/elliptic__transductive__sage__seed3.csv,$HISTORICAL_GNN_FRAUD_REPO/kaggleoutputs/elliptic_10seed_transductive.zip,99d2f7ad1ad95fd7c30c193da9003c091b0c3fdce028dccd2bd0019f35869c08,predictions/elliptic__transductive__sage__seed3.csv,$HISTORICAL_GNN_FRAUD_REPO/results/runs_rb09v3/runs.csv#elliptic:transductive:sage:seed3,CANONICAL_PREDICTION_PATH_MISSING;INDEXED_SOURCE_ARCHIVE_MISSING;UNVERIFIED_RAW_COORDINATE_CANDIDATES_NOT_ALIASED,D
elliptic,transductive_structure,graphsage,4,fold0,INDEX_REFERENCED_FILE_MISSING,kaggleoutputs/elliptic_10seed_transductive/predictions/elliptic__transductive__sage__seed4.csv,$HISTORICAL_GNN_FRAUD_REPO/kaggleoutputs/elliptic_10seed_transductive.zip,99d2f7ad1ad95fd7c30c193da9003c091b0c3fdce028dccd2bd0019f35869c08,predictions/elliptic__transductive__sage__seed4.csv,$HISTORICAL_GNN_FRAUD_REPO/results/runs_rb09v3/runs.csv#elliptic:transductive:sage:seed4,CANONICAL_PREDICTION_PATH_MISSING;INDEXED_SOURCE_ARCHIVE_MISSING;UNVERIFIED_RAW_COORDINATE_CANDIDATES_NOT_ALIASED,D
elliptic,transductive_structure,graphsage,5,fold0,INDEX_REFERENCED_FILE_MISSING,kaggleoutputs/elliptic_10seed_transductive/predictions/elliptic__transductive__sage__seed5.csv,$HISTORICAL_GNN_FRAUD_REPO/kaggleoutputs/elliptic_10seed_transductive.zip,99d2f7ad1ad95fd7c30c193da9003c091b0c3fdce028dccd2bd0019f35869c08,predictions/elliptic__transductive__sage__seed5.csv,$HISTORICAL_GNN_FRAUD_REPO/results/runs_rb09v3/runs.csv#elliptic:transductive:sage:seed5,CANONICAL_PREDICTION_PATH_MISSING;INDEXED_SOURCE_ARCHIVE_MISSING;UNVERIFIED_RAW_COORDINATE_CANDIDATES_NOT_ALIASED,D
elliptic,transductive_structure,graphsage,6,fold0,INDEX_REFERENCED_FILE_MISSING,kaggleoutputs/elliptic_10seed_transductive/predictions/elliptic__transductive__sage__seed6.csv,$HISTORICAL_GNN_FRAUD_REPO/kaggleoutputs/elliptic_10seed_transductive.zip,99d2f7ad1ad95fd7c30c193da9003c091b0c3fdce028dccd2bd0019f35869c08,predictions/elliptic__transductive__sage__seed6.csv,$HISTORICAL_GNN_FRAUD_REPO/results/runs_rb09v3/runs.csv#elliptic:transductive:sage:seed6,CANONICAL_PREDICTION_PATH_MISSING;INDEXED_SOURCE_ARCHIVE_MISSING;UNVERIFIED_RAW_COORDINATE_CANDIDATES_NOT_ALIASED,D
elliptic,transductive_structure,graphsage,7,fold0,INDEX_REFERENCED_FILE_MISSING,kaggleoutputs/elliptic_10seed_transductive/predictions/elliptic__transductive__sage__seed7.csv,$HISTORICAL_GNN_FRAUD_REPO/kaggleoutputs/elliptic_10seed_transductive.zip,99d2f7ad1ad95fd7c30c193da9003c091b0c3fdce028dccd2bd0019f35869c08,predictions/elliptic__transductive__sage__seed7.csv,$HISTORICAL_GNN_FRAUD_REPO/results/runs_rb09v3/runs.csv#elliptic:transductive:sage:seed7,CANONICAL_PREDICTION_PATH_MISSING;INDEXED_SOURCE_ARCHIVE_MISSING;UNVERIFIED_RAW_COORDINATE_CANDIDATES_NOT_ALIASED,D
elliptic,transductive_structure,graphsage,8,fold0,INDEX_REFERENCED_FILE_MISSING,kaggleoutputs/elliptic_10seed_transductive/predictions/elliptic__transductive__sage__seed8.csv,$HISTORICAL_GNN_FRAUD_REPO/kaggleoutputs/elliptic_10seed_transductive.zip,99d2f7ad1ad95fd7c30c193da9003c091b0c3fdce028dccd2bd0019f35869c08,predictions/elliptic__transductive__sage__seed8.csv,$HISTORICAL_GNN_FRAUD_REPO/results/runs_rb09v3/runs.csv#elliptic:transductive:sage:seed8,CANONICAL_PREDICTION_PATH_MISSING;INDEXED_SOURCE_ARCHIVE_MISSING;UNVERIFIED_RAW_COORDINATE_CANDIDATES_NOT_ALIASED,D
elliptic,transductive_structure,graphsage,9,fold0,INDEX_REFERENCED_FILE_MISSING,kaggleoutputs/elliptic_10seed_transductive/predictions/elliptic__transductive__sage__seed9.csv,$HISTORICAL_GNN_FRAUD_REPO/kaggleoutputs/elliptic_10seed_transductive.zip,99d2f7ad1ad95fd7c30c193da9003c091b0c3fdce028dccd2bd0019f35869c08,predictions/elliptic__transductive__sage__seed9.csv,$HISTORICAL_GNN_FRAUD_REPO/results/runs_rb09v3/runs.csv#elliptic:transductive:sage:seed9,CANONICAL_PREDICTION_PATH_MISSING;INDEXED_SOURCE_ARCHIVE_MISSING;UNVERIFIED_RAW_COORDINATE_CANDIDATES_NOT_ALIASED,D
elliptic,transductive_structure,graphsage,10,fold0,INDEX_REFERENCED_FILE_MISSING,kaggleoutputs/elliptic_10seed_transductive/predictions/elliptic__transductive__sage__seed10.csv,$HISTORICAL_GNN_FRAUD_REPO/kaggleoutputs/elliptic_10seed_transductive.zip,99d2f7ad1ad95fd7c30c193da9003c091b0c3fdce028dccd2bd0019f35869c08,predictions/elliptic__transductive__sage__seed10.csv,$HISTORICAL_GNN_FRAUD_REPO/results/runs_rb09v3/runs.csv#elliptic:transductive:sage:seed10,CANONICAL_PREDICTION_PATH_MISSING;INDEXED_SOURCE_ARCHIVE_MISSING;UNVERIFIED_RAW_COORDINATE_CANDIDATES_NOT_ALIASED,D
