path,sha256_initial,sha256_current,identical
kaggle_workspace/manifests/V22_FINAL_GPU_EVIDENCE_LOCK.json,f63010e09a5f1303972fc01183e991d415d0f5d95b721bd03a1b6cce257e1d60,f63010e09a5f1303972fc01183e991d415d0f5d95b721bd03a1b6cce257e1d60,true
manuscript_assets/tables/V22_FULL10_MERGE_STATUS.csv,6737a1b063d48910774ce7d3ce2a336692a69c32ff22729ce513e9984f94ef13,6737a1b063d48910774ce7d3ce2a336692a69c32ff22729ce513e9984f94ef13,true
manuscript_assets/tables/V22_GPU_EVIDENCE_STATUS_TABLE.csv,b86ffed555edca1b8b224ef54b9721616c69cca95c6a272c2a066e39a438e6ed,b86ffed555edca1b8b224ef54b9721616c69cca95c6a272c2a066e39a438e6ed,true
manuscript_assets/tables/V22_IMPORTED_OUTPUTS_STATUS.csv,68611d96527066dbe296cbf96224f380a293148b5525fe46cdf45291412e9502,68611d96527066dbe296cbf96224f380a293148b5525fe46cdf45291412e9502,true
manuscript_assets/tables/V22_RB28_LOSS_ROBUSTNESS_FULL10.csv,a3383ea5f13cadf554777e5869ba977cb3816ec9120cd421b607ccffdb9ae82d,a3383ea5f13cadf554777e5869ba977cb3816ec9120cd421b607ccffdb9ae82d,true
manuscript_assets/tables/V22_RB29_NEGATIVE_CONTROLS_FULL10.csv,300209a053a3ae2e603f38b97808944241d19819516b6358e78eac61df2c904a,300209a053a3ae2e603f38b97808944241d19819516b6358e78eac61df2c904a,true
manuscript_assets/tables/V22_RB30_EXTRA_ARCH_FULL10_OR_BLOCKED.csv,606c5e1bb15b59ca8049185b0f2a4ffdc48a5af0b76e8bf4a00d397f373e8c05,606c5e1bb15b59ca8049185b0f2a4ffdc48a5af0b76e8bf4a00d397f373e8c05,true
manuscript_assets/tables/V22_STAT_TESTS_FULL10.csv,513f1fb5c2dbae2f63255fd384c62fe86394a15746c31792a92a1f287b8ddadd,513f1fb5c2dbae2f63255fd384c62fe86394a15746c31792a92a1f287b8ddadd,true
paper/pdf/FraudShiftBench_TKDE_main.pdf,2e28c7a08f4762cfebef085d7ccd5c76ad86866eba753fc8e7a0b107910e97e7,2e28c7a08f4762cfebef085d7ccd5c76ad86866eba753fc8e7a0b107910e97e7,true
paper/pdf/FraudShiftBench_TKDE_supplement.pdf,c99ec28b0ee0edeb2a0ce18dc10fed1bbd76be66e333be0cf6350b386cce8fc5,c99ec28b0ee0edeb2a0ce18dc10fed1bbd76be66e333be0cf6350b386cce8fc5,true
paper_tkde/README_BUILD.md,e5fa357f23fd049233076f272abafbde34774658d7486419643068d13cb4bbec,e5fa357f23fd049233076f272abafbde34774658d7486419643068d13cb4bbec,true
paper_tkde/figures/fig01_deployment_contract.pdf,01306009141066f7389f068793319b8d7d20d7bef5bb3ed36f69f35776bdcc13,01306009141066f7389f068793319b8d7d20d7bef5bb3ed36f69f35776bdcc13,true
paper_tkde/figures/fig01_deployment_contract.png,ff2570c55a983788c1e70c2383d33f69f186bdea682e723507e44e3f07a91345,ff2570c55a983788c1e70c2383d33f69f186bdea682e723507e44e3f07a91345,true
paper_tkde/figures/fig02_protocol_architecture_effects.pdf,7ceae607d33d1335938856c26a5feecf8fca8bf14ead081ee1905fc0fcedb4b8,7ceae607d33d1335938856c26a5feecf8fca8bf14ead081ee1905fc0fcedb4b8,true
paper_tkde/figures/fig02_protocol_architecture_effects.png,33075f58bbd94de499c46ec1563459eed39677bc9e265c86db5313b862eea6fb,33075f58bbd94de499c46ec1563459eed39677bc9e265c86db5313b862eea6fb,true
paper_tkde/figures/fig03_ibm_metric_scale_construction.pdf,1689d162b1c716e65b246a393249e26a5348bf92c0017b1a8f79ae54ac299482,1689d162b1c716e65b246a393249e26a5348bf92c0017b1a8f79ae54ac299482,true
paper_tkde/figures/fig03_ibm_metric_scale_construction.png,6e81fe57cb84855ab3897da8350dbe200f3b829132e6de70926a835fcec7c7d5,6e81fe57cb84855ab3897da8350dbe200f3b829132e6de70926a835fcec7c7d5,true
paper_tkde/figures/fig04_rank_decision_divergence.pdf,39e70089cc947dede863cf1f148ae3283500d2aebf77b6d8b321b5a43469f5a0,39e70089cc947dede863cf1f148ae3283500d2aebf77b6d8b321b5a43469f5a0,true
paper_tkde/figures/fig04_rank_decision_divergence.png,b10a0e8fb5059e88ab9b05b751b708edfb8432107240c5dd8c8e575b519da7ab,b10a0e8fb5059e88ab9b05b751b708edfb8432107240c5dd8c8e575b519da7ab,true
paper_tkde/figures/fig05_matched_ablation_effects.pdf,0cdbd83e47dfac03570f081afa6bff1fc0654cfb8c1351f7fb717b02764bc2f7,0cdbd83e47dfac03570f081afa6bff1fc0654cfb8c1351f7fb717b02764bc2f7,true
paper_tkde/figures/fig05_matched_ablation_effects.png,9bad0be7c558f9a345cd40d2efe3fa75a94cd1f0c34cedb1803f1422e7dceb34,9bad0be7c558f9a345cd40d2efe3fa75a94cd1f0c34cedb1803f1422e7dceb34,true
paper_tkde/figures/fig06_runtime_resource_pareto.pdf,91c6e90a5ace7263023b37f9e1c660be649c7702d93e7ebba9f8e5fec5562c55,91c6e90a5ace7263023b37f9e1c660be649c7702d93e7ebba9f8e5fec5562c55,true
paper_tkde/figures/fig06_runtime_resource_pareto.png,43318700c803d92de45ca2ba748c7153f4f552c1b5039f68109d0005934cb019,43318700c803d92de45ca2ba748c7153f4f552c1b5039f68109d0005934cb019,true
paper_tkde/figures/fig07_review_budget_analysis.pdf,6a53931b1cae422c479fd8ebfc85ca9bdec3ce1a89f144cdd32b0ff7e28f676c,6a53931b1cae422c479fd8ebfc85ca9bdec3ce1a89f144cdd32b0ff7e28f676c,true
paper_tkde/figures/fig07_review_budget_analysis.png,f9ab0986de7840ddb3a6d458edec14a9aa15f833662875deca22251d11645c40,f9ab0986de7840ddb3a6d458edec14a9aa15f833662875deca22251d11645c40,true
paper_tkde/figures/fig08_claim_support_validation.pdf,819506ea3177ecaa8eeb8b45248d206c2af8fd144764d8241f64d209d5b48abe,819506ea3177ecaa8eeb8b45248d206c2af8fd144764d8241f64d209d5b48abe,true
paper_tkde/figures/fig08_claim_support_validation.png,66b87c4ed255465bdc90c9f22244c29bc1502d75ba63c6c98b8686bdd9ae1011,66b87c4ed255465bdc90c9f22244c29bc1502d75ba63c6c98b8686bdd9ae1011,true
paper_tkde/main.tex,9490a4c0b1d60ec8ba1d1de2ffbfe0a21e9235b4e88b63846baaeb517e6d156e,9490a4c0b1d60ec8ba1d1de2ffbfe0a21e9235b4e88b63846baaeb517e6d156e,true
paper_tkde/references.bib,f4c8f2e8625a77981f5180c0ee996115461707850ef6445e61a856df33b5da34,f4c8f2e8625a77981f5180c0ee996115461707850ef6445e61a856df33b5da34,true
paper_tkde/sections/01_abstract.tex,56124273912e251cbb2cf4b7b357f5c33003891d2b9b8249450a8d0d88f76dcf,56124273912e251cbb2cf4b7b357f5c33003891d2b9b8249450a8d0d88f76dcf,true
paper_tkde/sections/02_introduction.tex,aa9a07507a56f382187ff5f1814ff01755059f5809337368c057e63ad52647e5,aa9a07507a56f382187ff5f1814ff01755059f5809337368c057e63ad52647e5,true
paper_tkde/sections/03_related_work.tex,ec27af6cb89903db99a45d4acde63a0576529c43c0cea0e23589104d7c1b1be7,ec27af6cb89903db99a45d4acde63a0576529c43c0cea0e23589104d7c1b1be7,true
paper_tkde/sections/04_deployment_claim_contracts.tex,388cf0bd968c8a2aafddbb587fcb64982dada8e378da97f1a5efd305d021e503,388cf0bd968c8a2aafddbb587fcb64982dada8e378da97f1a5efd305d021e503,true
paper_tkde/sections/05_benchmark_instantiation.tex,6db1638ae8065d698d34b6dd079a29d8c2eddb2297d57d697a36f46db1ad29a0,6db1638ae8065d698d34b6dd079a29d8c2eddb2297d57d697a36f46db1ad29a0,true
paper_tkde/sections/06_experimental_design.tex,f99e0ea01f840da4e17ad616913dc92a49b0ba85d9b9cc8d6ea62cdab7eb910a,f99e0ea01f840da4e17ad616913dc92a49b0ba85d9b9cc8d6ea62cdab7eb910a,true
paper_tkde/sections/07_results_protocol_architecture.tex,0d953c5ed78a4a752799c4219ba9008160f88e66def706a5ab79467c54c836d9,0d953c5ed78a4a752799c4219ba9008160f88e66def706a5ab79467c54c836d9,true
paper_tkde/sections/08_results_construction_decisions.tex,e1039283f7ba70edd3db13eda296c29615131789fed2317bd4e18fa6f83321cf,e1039283f7ba70edd3db13eda296c29615131789fed2317bd4e18fa6f83321cf,true
paper_tkde/sections/09_framework_validation_graphsafe.tex,3e59e2fafc2589528b67f991b7d9c2bdc1f6a3e692c395c95affc1ec10cf5ca3,3e59e2fafc2589528b67f991b7d9c2bdc1f6a3e692c395c95affc1ec10cf5ca3,true
paper_tkde/sections/10_implications_validity_artifact.tex,975640c11c6c6d46f46b023377f887cd7ca02847c18199abcf1e2b6b270aa832,975640c11c6c6d46f46b023377f887cd7ca02847c18199abcf1e2b6b270aa832,true
paper_tkde/sections/11_conclusion.tex,7697c658cd50aa78332f2dcad035906ec6ce16fc724cab3ac76954c51fb2deec,7697c658cd50aa78332f2dcad035906ec6ce16fc724cab3ac76954c51fb2deec,true
paper_tkde/supplement/sections/01_scope_navigation.tex,791d93422429319879af1bbd5aa2356b6726782d4a97616c9de8f62648446485,791d93422429319879af1bbd5aa2356b6726782d4a97616c9de8f62648446485,true
paper_tkde/supplement/sections/02_notation_definitions.tex,76b89fcf94142be3423132062a7cb1add3ddce1e6ec8486b8d266bd77ea5d6e5,76b89fcf94142be3423132062a7cb1add3ddce1e6ec8486b8d266bd77ea5d6e5,true
paper_tkde/supplement/sections/03_support_validation.tex,f0a4b1c4a8b67186157f698d21afcf42505abf572822eae081604b66c014b8a1,f0a4b1c4a8b67186157f698d21afcf42505abf572822eae081604b66c014b8a1,true
paper_tkde/supplement/sections/04_dataset_cards.tex,ff5006fdd10f30c2fd632200abcbbe9d7760a712aa670d3e9d5d0003f8b435a6,ff5006fdd10f30c2fd632200abcbbe9d7760a712aa670d3e9d5d0003f8b435a6,true
paper_tkde/supplement/sections/05_temporal_visibility.tex,d928cb10a2f2a4af9504dbb2087b89d3c2f7cae764b92d11d5c2baee87bdc917,d928cb10a2f2a4af9504dbb2087b89d3c2f7cae764b92d11d5c2baee87bdc917,true
paper_tkde/supplement/sections/06_graph_constructions.tex,47f53a73de9e1e27633c4aa44c2cf852f0f111ebb862a7410c2fa3ccc9bd884b,47f53a73de9e1e27633c4aa44c2cf852f0f111ebb862a7410c2fa3ccc9bd884b,true
paper_tkde/supplement/sections/07_model_cards.tex,b49d84ad13bcffd4d0f5d084a3dff0dced4ff2dfd53e451fa5037498c99bd06b,b49d84ad13bcffd4d0f5d084a3dff0dced4ff2dfd53e451fa5037498c99bd06b,true
paper_tkde/supplement/sections/08_optimization_selection.tex,2bbc0a03cee7a27b28888a0365784a1a6da3c4962284a9e5d596deea37cc1408,2bbc0a03cee7a27b28888a0365784a1a6da3c4962284a9e5d596deea37cc1408,true
paper_tkde/supplement/sections/09_metrics_statistics_v2.tex,f1853ee5efe31a8499ae7915ee0e927bd62f1ef9d7490ca5b81f2ad162c05152,f1853ee5efe31a8499ae7915ee0e927bd62f1ef9d7490ca5b81f2ad162c05152,true
paper_tkde/supplement/sections/10_protocol_results.tex,d6b5067cef405796f64de4ce553895f8b618c3283be8febf5e9607eebd3b7810,d6b5067cef405796f64de4ce553895f8b618c3283be8febf5e9607eebd3b7810,true
paper_tkde/supplement/sections/11_robustness_controls.tex,4223bb3338a79821d9611099ecfbfcc6c6557f02ea5ee53c31e11b5ba9dfb3ce,4223bb3338a79821d9611099ecfbfcc6c6557f02ea5ee53c31e11b5ba9dfb3ce,true
paper_tkde/supplement/sections/12_ibm_baselines.tex,bf302438927f7e4ad1bf004cae7412b199e0ad284d0a7299fd3d1ad8aabed025,bf302438927f7e4ad1bf004cae7412b199e0ad284d0a7299fd3d1ad8aabed025,true
paper_tkde/supplement/sections/13_ibm_graph_scale.tex,2c51d7273e2b6e24590b41c876abe1e959fc173d9442d969dd81ac1b9dc1f42f,2c51d7273e2b6e24590b41c876abe1e959fc173d9442d969dd81ac1b9dc1f42f,true
paper_tkde/supplement/sections/14_rank_decision.tex,97c0225a91796b82bcf9c96388e6d3e5473da56d67975e76f20073fcb0b4c9a0,97c0225a91796b82bcf9c96388e6d3e5473da56d67975e76f20073fcb0b4c9a0,true
paper_tkde/supplement/sections/15_review_calibration.tex,7da9e60d1923b0fe14e6d8a7b9046dd2c924d7659f04a19ae2ec8ca5b6357c51,7da9e60d1923b0fe14e6d8a7b9046dd2c924d7659f04a19ae2ec8ca5b6357c51,true
paper_tkde/supplement/sections/16_graphsafe_case_v2.tex,381fcf054e2ff7a89e4d9aeeb8d6009d024f1c1bb5db6c4e8a1498134e1436eb,381fcf054e2ff7a89e4d9aeeb8d6009d024f1c1bb5db6c4e8a1498134e1436eb,true
paper_tkde/supplement/sections/17_resource_cases.tex,2644f2e07a015dbdaea6937573a082de8d2c72ec6dc5decea3fd85d8fbb23d6d,2644f2e07a015dbdaea6937573a082de8d2c72ec6dc5decea3fd85d8fbb23d6d,true
paper_tkde/supplement/sections/18_claim_provenance.tex,e3b47a62b0f9366e0b8fbcb219eecd670b11bbacbf57a6dfa8a76630ff3554d1,e3b47a62b0f9366e0b8fbcb219eecd670b11bbacbf57a6dfa8a76630ff3554d1,true
paper_tkde/supplement/sections/19_reproduction_artifact.tex,d354e9f0fd68ace6125ac3e5d6f860c6f858b2a906bd5f13d8fa87a26ebfaad8,d354e9f0fd68ace6125ac3e5d6f860c6f858b2a906bd5f13d8fa87a26ebfaad8,true
paper_tkde/supplement/sections/20_limitations_ethics.tex,d665f28041afdb18f2aa07840f2691aa9d7cf0bf7af4d3a09f57dd2ada2bbcba,d665f28041afdb18f2aa07840f2691aa9d7cf0bf7af4d3a09f57dd2ada2bbcba,true
paper_tkde/supplement/supplement.tex,f96bcff440c3fb686f90a2db477106dd1ccc73430493e69ce9795ceec724e301,f96bcff440c3fb686f90a2db477106dd1ccc73430493e69ce9795ceec724e301,true
paper_tkde/supplement/tables/table_v2_calibration.tex,6e470802817eabe4fd22bb8794bc78eac04c65cd3452fadb1c3349c4630bd71c,6e470802817eabe4fd22bb8794bc78eac04c65cd3452fadb1c3349c4630bd71c,true
paper_tkde/supplement/tables/table_v2_claims_decision.tex,37d5456fc06de98175835e8decb890b21fdf7773abb7a157d1e07371f7498234,37d5456fc06de98175835e8decb890b21fdf7773abb7a157d1e07371f7498234,true
paper_tkde/supplement/tables/table_v2_claims_graphsafe.tex,f0d24c518a1004564c2d3efaffe8a9f11fd99a00b84a0a874ea8ea36aba23e51,f0d24c518a1004564c2d3efaffe8a9f11fd99a00b84a0a874ea8ea36aba23e51,true
paper_tkde/supplement/tables/table_v2_claims_ibm.tex,16f88ab084e4b792008db358a2317251d3d822d051f15c6be9fb171e5894f470,16f88ab084e4b792008db358a2317251d3d822d051f15c6be9fb171e5894f470,true
paper_tkde/supplement/tables/table_v2_claims_integrity.tex,8a4b9a77132d65c4617757145f0c3a6cdb24d539c669a99ff976067298ba4d94,8a4b9a77132d65c4617757145f0c3a6cdb24d539c669a99ff976067298ba4d94,true
paper_tkde/supplement/tables/table_v2_claims_protocol.tex,74fd30348c22a8b9177d78ce950d12dc50b47b196c57e9e782ca7f9da6bc660e,74fd30348c22a8b9177d78ce950d12dc50b47b196c57e9e782ca7f9da6bc660e,true
paper_tkde/supplement/tables/table_v2_construction_cards.tex,9ed2e0e1271f2bf9d096f2e5f0a6cea73ee7ac85dd3f5eced9a104a8e1bdd2aa,9ed2e0e1271f2bf9d096f2e5f0a6cea73ee7ac85dd3f5eced9a104a8e1bdd2aa,true
paper_tkde/supplement/tables/table_v2_dataset_dgraphfin.tex,d0e7db3ed125481b05fbcec55d4b3151de5224dd0433d6bde0dbf3dac4e27621,d0e7db3ed125481b05fbcec55d4b3151de5224dd0433d6bde0dbf3dac4e27621,true
paper_tkde/supplement/tables/table_v2_dataset_elliptic.tex,4c3ceaf8d89052a6c6ad50b4d8965688396c39e19765bbe5bc7ca7feab10222b,4c3ceaf8d89052a6c6ad50b4d8965688396c39e19765bbe5bc7ca7feab10222b,true
paper_tkde/supplement/tables/table_v2_dataset_ibm.tex,02a984f69dd845bf559b8ca56b9a2650d00926f4ef0ee1ac87e35103b600370c,02a984f69dd845bf559b8ca56b9a2650d00926f4ef0ee1ac87e35103b600370c,true
paper_tkde/supplement/tables/table_v2_false_promotions.tex,ec0e341ba1f3091ed94650154162a9badc565c3c37705bcc097d940fedc5d69f,ec0e341ba1f3091ed94650154162a9badc565c3c37705bcc097d940fedc5d69f,true
paper_tkde/supplement/tables/table_v2_graphsafe_paired.tex,467da170be8a316d784ff19e3c0d4b6a7a996a1ff8350e0da569206d92305a42,467da170be8a316d784ff19e3c0d4b6a7a996a1ff8350e0da569206d92305a42,true
paper_tkde/supplement/tables/table_v2_graphsafe_summary.tex,8cef50c7af5ecb324e05d55ba158cc37fea14522ee92e0e82afcbe84f63ead39,8cef50c7af5ecb324e05d55ba158cc37fea14522ee92e0e82afcbe84f63ead39,true
paper_tkde/supplement/tables/table_v2_ibm_baselines.tex,4c24864bfc05e0b3e945008a146e5494184286400737a10353f7f08ddb6e97fb,4c24864bfc05e0b3e945008a146e5494184286400737a10353f7f08ddb6e97fb,true
paper_tkde/supplement/tables/table_v2_ibm_effect_auprc.tex,e45cf4eb739565a057b7e7f05865d4a05b2c875264f7b7fd3bf1cabe404f9a28,e45cf4eb739565a057b7e7f05865d4a05b2c875264f7b7fd3bf1cabe404f9a28,true
paper_tkde/supplement/tables/table_v2_ibm_effect_auroc.tex,42004fec64d8149c6376a841c48f8edd0a3f2f8c0006780014a20450cf7ef5a7,42004fec64d8149c6376a841c48f8edd0a3f2f8c0006780014a20450cf7ef5a7,true
paper_tkde/supplement/tables/table_v2_ibm_effect_f1.tex,1765be832daabccba82c1acace5e020d3bdfbbfe2fdc1a35645f6720e29f66c9,1765be832daabccba82c1acace5e020d3bdfbbfe2fdc1a35645f6720e29f66c9,true
paper_tkde/supplement/tables/table_v2_ibm_model_cards.tex,594e46bf725743e1ca0784f89b124b8a61a8659fa094c01553766f7d3e3dec0a,594e46bf725743e1ca0784f89b124b8a61a8659fa094c01553766f7d3e3dec0a,true
paper_tkde/supplement/tables/table_v2_ibm_runtime_medium.tex,93d11087729f2fb9d9021cab46b59f1471204f970df7168d1291e3fd0ffb9037,93d11087729f2fb9d9021cab46b59f1471204f970df7168d1291e3fd0ffb9037,true
paper_tkde/supplement/tables/table_v2_ibm_runtime_small.tex,e820c7651356a0edc16b91dbe4c344c27f7ac2206334992ad61dd1a155852349,e820c7651356a0edc16b91dbe4c344c27f7ac2206334992ad61dd1a155852349,true
paper_tkde/supplement/tables/table_v2_ibm_windows.tex,5896f4de1eb8dc0cb7a6e702f4e30615204931efaf14818e365fc0d966017e9e,5896f4de1eb8dc0cb7a6e702f4e30615204931efaf14818e365fc0d966017e9e,true
paper_tkde/supplement/tables/table_v2_metric_cards.tex,c608667a5e9c9dfab9d25bab79d1d571962f5b48b0c020196029c4989bb0f308,c608667a5e9c9dfab9d25bab79d1d571962f5b48b0c020196029c4989bb0f308,true
paper_tkde/supplement/tables/table_v2_navigation.tex,861de3db9e114f9fab009c7c7971a154e846807b6d5c238022fcd1f89cc6785f,861de3db9e114f9fab009c7c7971a154e846807b6d5c238022fcd1f89cc6785f,true
paper_tkde/supplement/tables/table_v2_node_model_cards.tex,9897dbc7987b975dd5d0483c0ab5c7ffa2d7737cfe83f0673d1e47844282a847,9897dbc7987b975dd5d0483c0ab5c7ffa2d7737cfe83f0673d1e47844282a847,true
paper_tkde/supplement/tables/table_v2_notation.tex,6dee4eb352698ab9e5ac6bcc9c89545e2159c5e922ef4110cc978b3565539626,6dee4eb352698ab9e5ac6bcc9c89545e2159c5e922ef4110cc978b3565539626,true
paper_tkde/supplement/tables/table_v2_protocol_cards.tex,f09e5880bfcd59b959d8cc788bae3e953245e62329984bc171527d036f7ccfc5,f09e5880bfcd59b959d8cc788bae3e953245e62329984bc171527d036f7ccfc5,true
paper_tkde/supplement/tables/table_v2_protocol_effect_auprc.tex,849de8f197bb7a7b9a41f7e19a8b7d6d4730d152ffa41d16dcc3b6f50303d8d0,849de8f197bb7a7b9a41f7e19a8b7d6d4730d152ffa41d16dcc3b6f50303d8d0,true
paper_tkde/supplement/tables/table_v2_protocol_effect_auroc.tex,e4acdc58008161e936caf8d95ae0fa385d733d226b005c31cdba2c881ba848fb,e4acdc58008161e936caf8d95ae0fa385d733d226b005c31cdba2c881ba848fb,true
paper_tkde/supplement/tables/table_v2_protocol_effect_f1.tex,09d30cade8e5bdedd95ddadbd5d6252ad22a417ea520828d00eaa5c64ee70b95,09d30cade8e5bdedd95ddadbd5d6252ad22a417ea520828d00eaa5c64ee70b95,true
paper_tkde/supplement/tables/table_v2_provenance_map.tex,0caa40957d0b9470dbe1a91821818626759f0c6b73eb09a0b1bd3c1a5b1c35fa,0caa40957d0b9470dbe1a91821818626759f0c6b73eb09a0b1bd3c1a5b1c35fa,true
paper_tkde/supplement/tables/table_v2_rank_baseline_grid.tex,439da4cf8e75230ff21decc6f75eeca4fc5c3eff9760bafc5fb2a087c034bba2,439da4cf8e75230ff21decc6f75eeca4fc5c3eff9760bafc5fb2a087c034bba2,true
paper_tkde/supplement/tables/table_v2_rank_graph_grid.tex,19370783c3d76db972b607be4892f61a40b833732a2bc092649d58fdd442c822,19370783c3d76db972b607be4892f61a40b833732a2bc092649d58fdd442c822,true
paper_tkde/supplement/tables/table_v2_raw_artifact_index.tex,b5eab84c235bc6e19d8bb989e357e0a1e7e5ac7df1e778b12f15356299293040,b5eab84c235bc6e19d8bb989e357e0a1e7e5ac7df1e778b12f15356299293040,true
paper_tkde/supplement/tables/table_v2_resource_cases.tex,370076d60fe35c62e788df93421ae332d7c0b16dcd3dd52bf2273fcb5c6a3541,370076d60fe35c62e788df93421ae332d7c0b16dcd3dd52bf2273fcb5c6a3541,true
paper_tkde/supplement/tables/table_v2_review_budget_1pct.tex,88194b1d6a13c7f99a615d016faa2ca9012afaa8a31b2bbf094529af24f8d257,88194b1d6a13c7f99a615d016faa2ca9012afaa8a31b2bbf094529af24f8d257,true
paper_tkde/supplement/tables/table_v2_statistical_families.tex,c1497e70954ae7c6ef9328e5e63f49b0015488c0d8d31cc89fa168b44bb98b05,c1497e70954ae7c6ef9328e5e63f49b0015488c0d8d31cc89fa168b44bb98b05,true
paper_tkde/supplement/tables/table_v2_support_properties.tex,a045789dfe2057783fbe580c9b6b03550e64ffec58fd8b27f1aa34bd22c419f9,a045789dfe2057783fbe580c9b6b03550e64ffec58fd8b27f1aa34bd22c419f9,true
paper_tkde/supplement/tables/table_v2_training_cards.tex,8d12162af2906e72becee52cd84be5818416fb1783226e94ae7c674146f8c53d,8d12162af2906e72becee52cd84be5818416fb1783226e94ae7c674146f8c53d,true
paper_tkde/supplement/tables/table_v2_v22_lanes.tex,86fd7914738a46ad6b8758a63845ac2faf9bd4f95309edb1b1c40c7f3b07dfe7,86fd7914738a46ad6b8758a63845ac2faf9bd4f95309edb1b1c40c7f3b07dfe7,true
paper_tkde/supplement/tables/table_v2_v22_statistical_summary.tex,162e813c26a4119d339588fd6c04c9c73dcfa92f60ab7265b6435e9bde0d87af,162e813c26a4119d339588fd6c04c9c73dcfa92f60ab7265b6435e9bde0d87af,true
paper_tkde/supplement/tables/table_v2_v24_construct_audit.tex,22290c44f95ab33434f9c4e022554670eb6106ca4f5aa069d17221d7817c5c81,22290c44f95ab33434f9c4e022554670eb6106ca4f5aa069d17221d7817c5c81,true
paper_tkde/supplement/tables/table_v2_validation_cases.tex,0b0a0bc851b78c7300c188bd877de02177b1cf06bf5545a863cdab95fb61f587,0b0a0bc851b78c7300c188bd877de02177b1cf06bf5545a863cdab95fb61f587,true
paper_tkde/supplement/tables/table_v2_visibility_matrix.tex,7fc851f0a7e93430b9c088ea7c91a067e69018257c943f4845f50f1e497209a0,7fc851f0a7e93430b9c088ea7c91a067e69018257c943f4845f50f1e497209a0,true
paper_tkde/tables/table01_related_work.tex,9f9296ef672863ba03c97429afedd06eb0233fc9ee4ecb3c77ae3853f17b77dc,9f9296ef672863ba03c97429afedd06eb0233fc9ee4ecb3c77ae3853f17b77dc,true
paper_tkde/tables/table02_dataset_tasks.tex,9bcb014db94bd0b6c614fe7a4f8cec641e68fc1213b6234e0e9b697c4773b71e,9bcb014db94bd0b6c614fe7a4f8cec641e68fc1213b6234e0e9b697c4773b71e,true
paper_tkde/tables/table03_protocol_visibility.tex,ff717f202d071a6fa87410f37c3676c2ae795a109bb15b5b005b152eb3e72e1a,ff717f202d071a6fa87410f37c3676c2ae795a109bb15b5b005b152eb3e72e1a,true
paper_tkde/tables/table04_rb09_protocol_effects.tex,e1e7724d2eea5343c1209f438bf78eeecf4ed16651a9c1a84cfeb28805d32b26,e1e7724d2eea5343c1209f438bf78eeecf4ed16651a9c1a84cfeb28805d32b26,true
paper_tkde/tables/table05_ibm_baselines.tex,e2260f713fc2a79cff3a4b63f01503dfbbaaa12d7f95042a9ce4ed4e5982534d,e2260f713fc2a79cff3a4b63f01503dfbbaaa12d7f95042a9ce4ed4e5982534d,true
paper_tkde/tables/table06_ibm_construction.tex,07f1f68f1ed8f11e0092ca8656ba1b8cbda74819e784b4a634b42c5b4e957205,07f1f68f1ed8f11e0092ca8656ba1b8cbda74819e784b4a634b42c5b4e957205,true
paper_tkde/tables/table07_resource_boundaries.tex,6a7880385a26f32db368d605296b81e15de3c39662c8bed421488aa8691eaac8,6a7880385a26f32db368d605296b81e15de3c39662c8bed421488aa8691eaac8,true
paper_tkde/tables/table08_graphsafe_case.tex,38c98142afd8f90ba81681dce7fcbcc10ed257d8971e14ba19af9afc94b49182,38c98142afd8f90ba81681dce7fcbcc10ed257d8971e14ba19af9afc94b49182,true
results/runs_rb09v3/ARTIFACT_FAMILY.json,174cd35fac5d6d10dd37657b3814d9cae576ee1f2c1dab2bea70fcfe25390603,174cd35fac5d6d10dd37657b3814d9cae576ee1f2c1dab2bea70fcfe25390603,true
results/runs_rb09v3/runs.csv,d9f77bfd14ccaf157780858e35ecfee96af1e2fbf60f3559ad888d14c0ace2e9,d9f77bfd14ccaf157780858e35ecfee96af1e2fbf60f3559ad888d14c0ace2e9,true
results/runs_rb17_review_budget_worst_block/rb17_results.csv,f6486d8198bcdae1373b0fe286f94abca70a1ca4e32fb7cb81baf01f65d91404,f6486d8198bcdae1373b0fe286f94abca70a1ca4e32fb7cb81baf01f65d91404,true
results/tkde_rebuild/CITATION_COVERAGE_AUDIT.md,026585fbf68f37740e74198d0f2d8fa380edb83a5570f0e21860ad34da86cacb,026585fbf68f37740e74198d0f2d8fa380edb83a5570f0e21860ad34da86cacb,true
results/tkde_rebuild/CITATION_VERIFICATION.md,7341a51e04877fd023c6e79e08b89359e7715c9f0b9bb427234c80791c20a0d8,7341a51e04877fd023c6e79e08b89359e7715c9f0b9bb427234c80791c20a0d8,true
results/tkde_rebuild/CLAIM_EVIDENCE_LEDGER.csv,677c367f71969714448e0fb3768a90cf78f884773779e713195bc26792b0bd53,677c367f71969714448e0fb3768a90cf78f884773779e713195bc26792b0bd53,true
results/tkde_rebuild/CLAIM_EVIDENCE_LEDGER.md,641a30abc24fb747a24f9fd20bf8e074b82fa8001ef1d662d177b4a1dca63636,641a30abc24fb747a24f9fd20bf8e074b82fa8001ef1d662d177b4a1dca63636,true
results/tkde_rebuild/COMMAND_LOG.md,ed5d3da8312a183f6ca912697d05e62c5ca789328f3d03ad9d0351089cbbd821,ed5d3da8312a183f6ca912697d05e62c5ca789328f3d03ad9d0351089cbbd821,true
results/tkde_rebuild/CURRENT_MANUSCRIPT_FORENSIC_AUDIT.md,a5c0e76e50a00b61bdffdad75dff34af1e8f8499446c74934236323022b7201e,a5c0e76e50a00b61bdffdad75dff34af1e8f8499446c74934236323022b7201e,true
results/tkde_rebuild/DATASET_TASK_STATISTICS.csv,cce3333207b3a50903d4763844c9c006bc20d9c1963a159bf5c8b50c135e2682,cce3333207b3a50903d4763844c9c006bc20d9c1963a159bf5c8b50c135e2682,true
results/tkde_rebuild/DATASET_TASK_STATISTICS.md,a3a169cd048e54e51598741d9e46fae1beae9850f2340e3a699fa5ddab2455a5,a3a169cd048e54e51598741d9e46fae1beae9850f2340e3a699fa5ddab2455a5,true
results/tkde_rebuild/DEPLOYMENT_CONTRACT_AXES.csv,ebbb3e4d34a2259486cab3b2471b265a8031dfba7baa2c0a16e2dac9bfd20ac2,ebbb3e4d34a2259486cab3b2471b265a8031dfba7baa2c0a16e2dac9bfd20ac2,true
results/tkde_rebuild/DEPLOYMENT_CONTRACT_AXES.md,57ae5657d8c1a0f2eef3cdc3d578221323e58def1f6671fb47eebeb569dc739a,57ae5657d8c1a0f2eef3cdc3d578221323e58def1f6671fb47eebeb569dc739a,true
results/tkde_rebuild/EVIDENCE_INVENTORY.csv,3e6d218baead53f68d3c3f712518261ab0e9633b75e03cf25ed7e4dbb3bb0776,3e6d218baead53f68d3c3f712518261ab0e9633b75e03cf25ed7e4dbb3bb0776,true
results/tkde_rebuild/EVIDENCE_INVENTORY.md,3f80e71278e479f2faf7e7693e0ceaea69ccb4082c370097678db261d89fc377,3f80e71278e479f2faf7e7693e0ceaea69ccb4082c370097678db261d89fc377,true
results/tkde_rebuild/FALSE_PROMOTION_AUDIT.csv,9308d8d3022fe3c70e6c42279bc78427ffa24163874f92b6f705b253f4302fb4,9308d8d3022fe3c70e6c42279bc78427ffa24163874f92b6f705b253f4302fb4,true
results/tkde_rebuild/FIGURE_AUDIT.md,becaf1ce7fa168ea37234901deb7e2cdb0a4fc96f4f3eb143314a636dfc08dce,becaf1ce7fa168ea37234901deb7e2cdb0a4fc96f4f3eb143314a636dfc08dce,true
results/tkde_rebuild/FIGURE_DATA_PROVENANCE.csv,95b7afee50b49e023c5f9798f0002c67574284a0e3073a4235e47544d6fb0d6b,95b7afee50b49e023c5f9798f0002c67574284a0e3073a4235e47544d6fb0d6b,true
results/tkde_rebuild/FINAL_TKDE_READINESS_REPORT.md,34679915e1eb58e5a60b9037dd3d54f707597bdfe415e582836fd174d9082191,34679915e1eb58e5a60b9037dd3d54f707597bdfe415e582836fd174d9082191,true
results/tkde_rebuild/FRAMEWORK_VALIDATION_CASES.csv,d51fc6b180fc52afc14fdd43090daecda3f3937506bc239e2ec0b00f36e5d10c,d51fc6b180fc52afc14fdd43090daecda3f3937506bc239e2ec0b00f36e5d10c,true
results/tkde_rebuild/FRAMEWORK_VALIDATION_REPORT.md,15330193be22c0a0702bb8bb4252dda1da625eebf26b319fe74afcaba3485dc3,15330193be22c0a0702bb8bb4252dda1da625eebf26b319fe74afcaba3485dc3,true
results/tkde_rebuild/GRAPHSAFE_BOUNDED_SUMMARY.csv,013caecc0a39f1207cbab101fda7f9d80602311aa39cffb825a7abb05ab707a0,013caecc0a39f1207cbab101fda7f9d80602311aa39cffb825a7abb05ab707a0,true
results/tkde_rebuild/GRAPHSAFE_BOUNDED_SUMMARY.md,8e99beba267fbefc2adb448bd29857e8a19150c7788dde6e839fa14384894aab,8e99beba267fbefc2adb448bd29857e8a19150c7788dde6e839fa14384894aab,true
results/tkde_rebuild/GRAPHSAFE_CALIBRATION_SUMMARY.csv,3486c9ffe59e7cd288db1cee5754ae1eb55c17652fc2c40d10d37e6f6526f0b8,3486c9ffe59e7cd288db1cee5754ae1eb55c17652fc2c40d10d37e6f6526f0b8,true
results/tkde_rebuild/GRAPHSAFE_CALIBRATION_SUMMARY.md,9b234dc67c70ac0609802b13c5e751a94a5bff4ef98785ea4e126d013d9137bf,9b234dc67c70ac0609802b13c5e751a94a5bff4ef98785ea4e126d013d9137bf,true
results/tkde_rebuild/GRAPHSAFE_PAIRED_VS_SIMPLE_AVERAGE.csv,95bc556adbdbb67f0d7a4ffb298a2ccf42b2f4ab98edb608b0995491ec3d10a7,95bc556adbdbb67f0d7a4ffb298a2ccf42b2f4ab98edb608b0995491ec3d10a7,true
results/tkde_rebuild/GRAPHSAFE_PAIRED_VS_SIMPLE_AVERAGE.md,0206fce6d0669e73bf052ce11b97acb4829a2b4d3161155e325cba771f167999,0206fce6d0669e73bf052ce11b97acb4829a2b4d3161155e325cba771f167999,true
results/tkde_rebuild/IBM_CELL_SUMMARY.csv,dcc2a34929052f9f73ba97f50ee769b41e6f8cdc94554d36ab42a9cb2875e761,dcc2a34929052f9f73ba97f50ee769b41e6f8cdc94554d36ab42a9cb2875e761,true
results/tkde_rebuild/IBM_CELL_SUMMARY.md,b4b4835e0d71c33577802716f369f317e020fe4f18aced36b6b3cc74f66a52f7,b4b4835e0d71c33577802716f369f317e020fe4f18aced36b6b3cc74f66a52f7,true
results/tkde_rebuild/IBM_IMPORTED_SEED_ROWS.csv,dae5d51178b9a746946c9fc05bf31e74840b6663d69031597ef2be45d5e766b6,dae5d51178b9a746946c9fc05bf31e74840b6663d69031597ef2be45d5e766b6,true
results/tkde_rebuild/IBM_IMPORTED_SEED_ROWS.md,f221e81f8a5d6da641e69fcf17e9e6734ad9ba127896c97b7aec970c6919d453,f221e81f8a5d6da641e69fcf17e9e6734ad9ba127896c97b7aec970c6919d453,true
results/tkde_rebuild/IBM_MATCHED_ABLATION_CONTEXT_EFFECTS.csv,626f0e014a0b8d339fe344bb736d513ed63a6ec435be6104acad1f53f7bbe202,626f0e014a0b8d339fe344bb736d513ed63a6ec435be6104acad1f53f7bbe202,true
results/tkde_rebuild/IBM_MATCHED_ABLATION_CONTEXT_EFFECTS.md,47bd2d6997da7e7a8a47b9f09decaf3ee34f62a76187f5789a96cf1191626feb,47bd2d6997da7e7a8a47b9f09decaf3ee34f62a76187f5789a96cf1191626feb,true
results/tkde_rebuild/IBM_MATCHED_ABLATION_EFFECTS.csv,610bba2d4cb9fbea9c584fb4a99ce606f848898a850630c4a82595d1c4878bdf,610bba2d4cb9fbea9c584fb4a99ce606f848898a850630c4a82595d1c4878bdf,true
results/tkde_rebuild/IBM_MATCHED_ABLATION_EFFECTS.md,4bc6c46daf1f5255dc83aac0ba5bae8896c64ff35d6f29ad672121205eabac03,4bc6c46daf1f5255dc83aac0ba5bae8896c64ff35d6f29ad672121205eabac03,true
results/tkde_rebuild/IBM_METRIC_RANKS.csv,98b74122c1a67a316cc148191d431e4aa07a8c9ca6ca80e1828897db4171a396,98b74122c1a67a316cc148191d431e4aa07a8c9ca6ca80e1828897db4171a396,true
results/tkde_rebuild/IBM_METRIC_RANKS.md,08e6e809b4b9d83ca5ee2e9efe6edc5962be5e7d63dfd1562cf203f0211fd3de,08e6e809b4b9d83ca5ee2e9efe6edc5962be5e7d63dfd1562cf203f0211fd3de,true
results/tkde_rebuild/IBM_RANK_DIVERGENCE.csv,800f71ee63a153837a0ea2b5377e15051fb4d856013fb3cdf51c42461acbf3dc,800f71ee63a153837a0ea2b5377e15051fb4d856013fb3cdf51c42461acbf3dc,true
results/tkde_rebuild/IBM_RANK_DIVERGENCE.md,e37935ac2c1f5459b5cfa8ebbd1bc058b884012e7a8e98876ac65823bcbd9a7e,e37935ac2c1f5459b5cfa8ebbd1bc058b884012e7a8e98876ac65823bcbd9a7e,true
results/tkde_rebuild/IBM_RUNTIME_FEASIBILITY.csv,a49107f2e466883b05289ea6c6e970e3da42d690dddcc50fe0da3e087f188fa3,a49107f2e466883b05289ea6c6e970e3da42d690dddcc50fe0da3e087f188fa3,true
results/tkde_rebuild/IBM_RUNTIME_FEASIBILITY.md,9cbf51f593859631775d3fa0da47fd6343f39d8bc506e5171fe3bd88efbd879c,9cbf51f593859631775d3fa0da47fd6343f39d8bc506e5171fe3bd88efbd879c,true
results/tkde_rebuild/LITERATURE_MATRIX.csv,cbe220e596ff4d84c26101d3cf1b06b8700186cdf68feef15dae4aa58fea1483,cbe220e596ff4d84c26101d3cf1b06b8700186cdf68feef15dae4aa58fea1483,true
results/tkde_rebuild/LITERATURE_SYNTHESIS.md,1355785d6e1e80a80996c767a03aa4b9528dab5a75eed048a93f4b5c9859d7c7,1355785d6e1e80a80996c767a03aa4b9528dab5a75eed048a93f4b5c9859d7c7,true
results/tkde_rebuild/MANUSCRIPT_MACHINE_AUDIT.csv,7a05916c7afcd151cf805aa49ccdfdd888dabcf4d405c68c2353a6ac6d049e31,7a05916c7afcd151cf805aa49ccdfdd888dabcf4d405c68c2353a6ac6d049e31,true
results/tkde_rebuild/MODEL_CONSTRUCTION_INVENTORY.csv,8607250e0e0d92a41048c43811ce8dd2bc62783bdd19f01f0dedee498cc61949,8607250e0e0d92a41048c43811ce8dd2bc62783bdd19f01f0dedee498cc61949,true
results/tkde_rebuild/MODEL_CONSTRUCTION_INVENTORY.md,53a39f5898a83fcce61d8b4a86fcf6dba37f81357f78d41152cd2e07c2adddc2,53a39f5898a83fcce61d8b4a86fcf6dba37f81357f78d41152cd2e07c2adddc2,true
results/tkde_rebuild/NOVELTY_DIFFERENTIATION_TABLE.csv,8e8ba346751cd75a47d01f69e6e332c4e99a6a74a623ce1b793d4d0476c87f1d,8e8ba346751cd75a47d01f69e6e332c4e99a6a74a623ce1b793d4d0476c87f1d,true
results/tkde_rebuild/NUMBER_PROVENANCE_MAP.csv,d284732dc4c5fdc03409eeca3aa700e9720a9d222b6eecf724467872768ffc63,d284732dc4c5fdc03409eeca3aa700e9720a9d222b6eecf724467872768ffc63,true
results/tkde_rebuild/NUMBER_PROVENANCE_MAP.md,55ff1f0f4eaeb629893a2db6e4e60c289d5df5bb7cfa7b8f947ccd0c3ee69e31,55ff1f0f4eaeb629893a2db6e4e60c289d5df5bb7cfa7b8f947ccd0c3ee69e31,true
results/tkde_rebuild/PAPER_IDENTITY_DECISION.md,36029d268f1ed7863621b944f4b9d8c22ccc1e213602be2bcc994becdbfe6142,36029d268f1ed7863621b944f4b9d8c22ccc1e213602be2bcc994becdbfe6142,true
results/tkde_rebuild/PROTOCOL_DEFINITIONS.csv,8be510c0fe9c80994f9907a15708e016fc42c6e082ac84264c1491ea9a457757,8be510c0fe9c80994f9907a15708e016fc42c6e082ac84264c1491ea9a457757,true
results/tkde_rebuild/PROTOCOL_DEFINITIONS.md,c2817c04651bb837cec05870bb65c63786e700d8da291e4891e1b2ec66f8eb37,c2817c04651bb837cec05870bb65c63786e700d8da291e4891e1b2ec66f8eb37,true
results/tkde_rebuild/RB09_AUPRC_MAIN.csv,5fd7b9c438ebae6594e895a506a79d9ddae5b1f4f146c7e4a9b2c879f06b7d03,5fd7b9c438ebae6594e895a506a79d9ddae5b1f4f146c7e4a9b2c879f06b7d03,true
results/tkde_rebuild/RB09_AUPRC_MAIN.md,a2ad46a200fb6b55e838daa9e43ed3bd960438cf3227dbbaf1ef2aebb0fc18e8,a2ad46a200fb6b55e838daa9e43ed3bd960438cf3227dbbaf1ef2aebb0fc18e8,true
results/tkde_rebuild/RB09_PROTOCOL_EFFECTS.csv,7ec3ebb75e7bd0e067e292ca99d6f91f0f7562f63f8dc2319b8d4d48e298b1da,7ec3ebb75e7bd0e067e292ca99d6f91f0f7562f63f8dc2319b8d4d48e298b1da,true
results/tkde_rebuild/RB09_PROTOCOL_EFFECTS.md,9f36c033aba9f0b396e3ebe327911e1c9c1e0e656bdf058cabebaea7b6f40748,9f36c033aba9f0b396e3ebe327911e1c9c1e0e656bdf058cabebaea7b6f40748,true
results/tkde_rebuild/REBUTTAL_AND_REPAIR_MATRIX.md,238d0169c68ded57e8b0a9be48980f3228be4ad3f9ab54124c90c75a42f09c5a,238d0169c68ded57e8b0a9be48980f3228be4ad3f9ab54124c90c75a42f09c5a,true
results/tkde_rebuild/REGENERATION_HASH_AUDIT.csv,a94a1eca758bbfa5c516527e0affe3717081af93ece883f1e730700cec2588e7,a94a1eca758bbfa5c516527e0affe3717081af93ece883f1e730700cec2588e7,true
results/tkde_rebuild/RESOURCE_BOUNDARIES.csv,f411f26ea4b15344b532e02b9daa80afd5a824aa49e5753b4f3f793da09a0e7b,f411f26ea4b15344b532e02b9daa80afd5a824aa49e5753b4f3f793da09a0e7b,true
results/tkde_rebuild/RESOURCE_BOUNDARIES.md,7bfc1420055f3cf9ca0f41d5c979831ece17c622ea215e18611ccba66ecaefe0,7bfc1420055f3cf9ca0f41d5c979831ece17c622ea215e18611ccba66ecaefe0,true
results/tkde_rebuild/REVIEWER_1_BENCHMARK.md,0f44b4cebe200c711146216cc5e7ff6cba5691e80166363d100ee1d92508dfd9,0f44b4cebe200c711146216cc5e7ff6cba5691e80166363d100ee1d92508dfd9,true
results/tkde_rebuild/REVIEWER_2_GRAPH_ML.md,98a3c2d95760134ba7609c88711c7548868482fad2aaeedb574ff789e34ea1a4,98a3c2d95760134ba7609c88711c7548868482fad2aaeedb574ff789e34ea1a4,true
results/tkde_rebuild/REVIEWER_3_AML.md,4f0557ea853b892ba99264fb1daaf347e9daff194ee0895e172dcf80c858e15a,4f0557ea853b892ba99264fb1daaf347e9daff194ee0895e172dcf80c858e15a,true
results/tkde_rebuild/REVIEWER_4_STATS_ARTIFACT.md,9b41072943d43435fe6953b9bf70458f2bb0d2ebe23302199bdeaba00e54eadd,9b41072943d43435fe6953b9bf70458f2bb0d2ebe23302199bdeaba00e54eadd,true
results/tkde_rebuild/REVIEW_BUDGET_CURVES.csv,03357bcfeec65700980c48be3322ac82c1046303f5f16dbf3778aa7ea0001e34,03357bcfeec65700980c48be3322ac82c1046303f5f16dbf3778aa7ea0001e34,true
results/tkde_rebuild/REVIEW_BUDGET_CURVES.md,add5dc3924d0f9527394375548eb1eb9e1712f56a2c7606cdc424a7078abf44f,add5dc3924d0f9527394375548eb1eb9e1712f56a2c7606cdc424a7078abf44f,true
results/tkde_rebuild/TABLE_AND_FLOAT_PLACEMENT_AUDIT.md,f1c3233f1b6e4ebd206ca17a830bd2ecea9f0fad0b52d8ac6b2de5d3dc660268,f1c3233f1b6e4ebd206ca17a830bd2ecea9f0fad0b52d8ac6b2de5d3dc660268,true
results/tkde_rebuild/TABLE_DATA_PROVENANCE.csv,fddad0458df94f450823d1aea4ff137005b33c7e70745c8eb99ceefee10caef9,fddad0458df94f450823d1aea4ff137005b33c7e70745c8eb99ceefee10caef9,true
results/tkde_rebuild/TRAINING_CONFIGURATION.csv,929bbd7cd882bed32658cfc8aeb1c0a4b71b8c8c97716fb414d7583fe083d80c,929bbd7cd882bed32658cfc8aeb1c0a4b71b8c8c97716fb414d7583fe083d80c,true
results/tkde_rebuild/TRAINING_CONFIGURATION.md,1362241107214e8a1905817f47e654bbdde54e7039ea5d6ab14ea1ae32d95e25,1362241107214e8a1905817f47e654bbdde54e7039ea5d6ab14ea1ae32d95e25,true
results/tkde_rebuild/V24_DEDUPLICATED_RERUN_RESULTS.csv,1a021ad7919e3c7ec197812c88c6b9fc0eb2523a9ca048cc7e3fa4b369a53e6b,1a021ad7919e3c7ec197812c88c6b9fc0eb2523a9ca048cc7e3fa4b369a53e6b,true
results/tkde_rebuild/V24_DEDUPLICATED_RERUN_RESULTS.md,6b52d602f201efd6221d0e408fe4bd41cca2acc632f32adc3d06fad293ef8d16,6b52d602f201efd6221d0e408fe4bd41cca2acc632f32adc3d06fad293ef8d16,true
results/tkde_rebuild/V24_DUPLICATE_STRESS_AUDIT.csv,25a4275cb2ad14cab9e9653a2e03a474ea0b7991047a95d03ccf16e27888146a,25a4275cb2ad14cab9e9653a2e03a474ea0b7991047a95d03ccf16e27888146a,true
results/tkde_rebuild/V24_DUPLICATE_STRESS_AUDIT.md,951ad7faeccbff0faf343c6404489613fe83f8b2dd3b3c2c504d68d601e61175,951ad7faeccbff0faf343c6404489613fe83f8b2dd3b3c2c504d68d601e61175,true
results/tkde_rebuild/figure_data/fig01_deployment_contract.csv,ebbb3e4d34a2259486cab3b2471b265a8031dfba7baa2c0a16e2dac9bfd20ac2,ebbb3e4d34a2259486cab3b2471b265a8031dfba7baa2c0a16e2dac9bfd20ac2,true
results/tkde_rebuild/figure_data/fig02_protocol_architecture_effects.csv,fa401e7f5a750c68ebe38c60cb2e6dce82d2a391d27ed165f0160a5e454a0ee5,fa401e7f5a750c68ebe38c60cb2e6dce82d2a391d27ed165f0160a5e454a0ee5,true
results/tkde_rebuild/figure_data/fig03_ibm_metric_scale_construction.csv,b57d9766495375fe8afd9f326de293751df1fc122b00420eb038de562d269728,b57d9766495375fe8afd9f326de293751df1fc122b00420eb038de562d269728,true
results/tkde_rebuild/figure_data/fig04_rank_decision_divergence.csv,bda4a383846c1f073c678732b3e9d7e626eb89aae05e2b7c171a6e443972ba2a,bda4a383846c1f073c678732b3e9d7e626eb89aae05e2b7c171a6e443972ba2a,true
results/tkde_rebuild/figure_data/fig05_matched_ablation_effects.csv,e0633fcbb77e31c385be8d41c5734c9f9cd1ee5c1b8f0d55b1987e37f28b45e5,e0633fcbb77e31c385be8d41c5734c9f9cd1ee5c1b8f0d55b1987e37f28b45e5,true
results/tkde_rebuild/figure_data/fig06_runtime_resource_pareto.csv,6ac61c5ed1b2a686dd57f0773bfb1d3e58bf54f9923beca65194d95776a5e2eb,6ac61c5ed1b2a686dd57f0773bfb1d3e58bf54f9923beca65194d95776a5e2eb,true
results/tkde_rebuild/figure_data/fig07_review_budget_analysis.csv,e42ca4436b2088b9ac291a10e1a762a7e4d964273eb2db6c39164f7867601405,e42ca4436b2088b9ac291a10e1a762a7e4d964273eb2db6c39164f7867601405,true
results/tkde_rebuild/figure_data/fig08_claim_support_validation.csv,cd253ffa88e34b9818f8ca166bd2b878b90542c5d3b5a1d83dcd1c448f644f32,cd253ffa88e34b9818f8ca166bd2b878b90542c5d3b5a1d83dcd1c448f644f32,true
results/tkde_rebuild/table_data/EVIDENCE_FAMILY_SUMMARY.csv,970197ece86c761ec9ee68ae202f6d7a52ac02d69b3f859e32edf00c4d978b76,970197ece86c761ec9ee68ae202f6d7a52ac02d69b3f859e32edf00c4d978b76,true
results/tkde_rebuild/table_data/table01_related_work.csv,26e2cb4604288457b92c81ae823c6c776fecce59fe1527b48425b0c23e96de04,26e2cb4604288457b92c81ae823c6c776fecce59fe1527b48425b0c23e96de04,true
results/tkde_rebuild/table_data/table02_dataset_tasks.csv,5244e5f7490063334aaf845000e44bb76b8660d59e0d25cc79358d536e32353b,5244e5f7490063334aaf845000e44bb76b8660d59e0d25cc79358d536e32353b,true
results/tkde_rebuild/table_data/table03_model_constructions.csv,f3bdf427514bead2232d96d8e9b74528cc548eaa329ee8c049de52a807a6edd0,f3bdf427514bead2232d96d8e9b74528cc548eaa329ee8c049de52a807a6edd0,true
results/tkde_rebuild/table_data/table04_rb09_protocol_effects.csv,0d37f3a280948cfab1862d5b7901343858ec78a67e9d3dc9b6682e2f5fed2000,0d37f3a280948cfab1862d5b7901343858ec78a67e9d3dc9b6682e2f5fed2000,true
results/tkde_rebuild/table_data/table05_ibm_results.csv,6ede0ea682941f39d9f7a1eb510561fc593782342070367b84a24cfdce47c2f4,6ede0ea682941f39d9f7a1eb510561fc593782342070367b84a24cfdce47c2f4,true
results/tkde_rebuild/table_data/table06_resource_boundaries.csv,f411f26ea4b15344b532e02b9daa80afd5a824aa49e5753b4f3f793da09a0e7b,f411f26ea4b15344b532e02b9daa80afd5a824aa49e5753b4f3f793da09a0e7b,true
results/tkde_rebuild/table_data/table07_graphsafe_case.csv,43c325f162c5fceb4b0f3c17b289566ae6c10b6591d3a277a4d23e5f731df4f9,43c325f162c5fceb4b0f3c17b289566ae6c10b6591d3a277a4d23e5f731df4f9,true
results/tkde_visual_rebuild/BASELINE_PAGE_AUDIT.md,db00489bed389c6c3aeac0438d52cd2897ffcf5fc9191210bad70185258b40ea,db00489bed389c6c3aeac0438d52cd2897ffcf5fc9191210bad70185258b40ea,true
results/tkde_visual_rebuild/COMMAND_LOG.md,5431cdc74dd9ae12e407e987162b36dd5f3953c70112bd93ac375b96618ba4c0,5431cdc74dd9ae12e407e987162b36dd5f3953c70112bd93ac375b96618ba4c0,true
results/tkde_visual_rebuild/CONTENT_ALLOCATION_MAP.csv,9452450455eb0631ac8ef48c827dea8afeaa3f7f6c20cb66c1dd5d6ea1f52ffd,9452450455eb0631ac8ef48c827dea8afeaa3f7f6c20cb66c1dd5d6ea1f52ffd,true
results/tkde_visual_rebuild/CURATED_SUPPLEMENT_TABLE_MANIFEST.csv,dc4234121017a82a0e147235cd9925dc608aed4d83b964662bc4a7476b8c287f,dc4234121017a82a0e147235cd9925dc608aed4d83b964662bc4a7476b8c287f,true
results/tkde_visual_rebuild/FIGURE_DATA_PROVENANCE.csv,ac8ad31f025ff5df279a228b9341cd9f973aa0f4834504c5858c736d6444d786,ac8ad31f025ff5df279a228b9341cd9f973aa0f4834504c5858c736d6444d786,true
results/tkde_visual_rebuild/FINAL_PAGE_AND_FLOAT_AUDIT.md,9709e55648e71e5a05e902d25bf9c2d9bd756704f85716d79cf92405add7952f,9709e55648e71e5a05e902d25bf9c2d9bd756704f85716d79cf92405add7952f,true
results/tkde_visual_rebuild/FINAL_VISUAL_AND_EDITORIAL_READINESS_REPORT.md,7fc33a1b367f3d327ca71a0dd32fe29218a874ecf9b321421ebfff2263cd45a6,7fc33a1b367f3d327ca71a0dd32fe29218a874ecf9b321421ebfff2263cd45a6,true
results/tkde_visual_rebuild/FINAL_VISUAL_QA_REPORT.md,07e2ff5e125bace5aadf6c07395deadd6c17a59f30807d4dba3d3a54479b001c,07e2ff5e125bace5aadf6c07395deadd6c17a59f30807d4dba3d3a54479b001c,true
results/tkde_visual_rebuild/FROZEN_SCIENTIFIC_INPUT_HASHES.csv,a94a1eca758bbfa5c516527e0affe3717081af93ece883f1e730700cec2588e7,a94a1eca758bbfa5c516527e0affe3717081af93ece883f1e730700cec2588e7,true
results/tkde_visual_rebuild/GENERATOR_AND_FORMATTING_AUDIT.md,a768b5a58266777ebafff5765f2ca6755193d9c795f808bb0f7378d46b5f24de,a768b5a58266777ebafff5765f2ca6755193d9c795f808bb0f7378d46b5f24de,true
results/tkde_visual_rebuild/MAIN_TABLE_DATA_PROVENANCE.csv,3d6116c073f5fe4a4b9849af4dee59f16c8119165202cf8e3fe0c3c65160e275,3d6116c073f5fe4a4b9849af4dee59f16c8119165202cf8e3fe0c3c65160e275,true
results/tkde_visual_rebuild/OBJECT_RECONCILIATION_REPORT.md,c1f79e1c90d2984d9835fbbeab81cf373add0f1ffbd8b1fbcb1d510dfca197ba,c1f79e1c90d2984d9835fbbeab81cf373add0f1ffbd8b1fbcb1d510dfca197ba,true
results/tkde_visual_rebuild/RAW_TABLE_ARTIFACT_INDEX.csv,4fa248dcd5893ab6259f265a19b204cb1745f705f2ef35f968b822bec2ca3056,4fa248dcd5893ab6259f265a19b204cb1745f705f2ef35f968b822bec2ca3056,true
results/tkde_visual_rebuild/RAW_TABLE_ARTIFACT_INDEX.md,0f0771b7d29429aa6cf738c3f6669a60b09f17caad534871999a225df90bb3cd,0f0771b7d29429aa6cf738c3f6669a60b09f17caad534871999a225df90bb3cd,true
results/tkde_visual_rebuild/REVIEWER_VISUAL_REPAIR_MATRIX.md,400eb0d9d99145074d2c576b21fd937a108d22ed729a239756cd923488d20166,400eb0d9d99145074d2c576b21fd937a108d22ed729a239756cd923488d20166,true
results/tkde_visual_rebuild/SCIENTIFIC_DELTA_LEDGER.md,71e8245e928a2b58fc31be4a877950a7b062384b25c2bbcbd55a0d816d8eda71,71e8245e928a2b58fc31be4a877950a7b062384b25c2bbcbd55a0d816d8eda71,true
results/tkde_visual_rebuild/TKDE_PUBLICATION_DESIGN_SYSTEM.md,215369c9cea45083de7d7da0fa48a2ac3ac01f6714da884a3e7e216b81ea981a,215369c9cea45083de7d7da0fa48a2ac3ac01f6714da884a3e7e216b81ea981a,true
results/tkde_visual_rebuild/VISUAL_OBJECT_INVENTORY.csv,c96d37bebdcfbd163dce6b41c1fcabb9f159e1b4fd2421850c2cd50023fcc122,c96d37bebdcfbd163dce6b41c1fcabb9f159e1b4fd2421850c2cd50023fcc122,true
results/tkde_visual_rebuild/VISUAL_OBJECT_INVENTORY.md,94b7e54b857b11c929080a807d82d4e57edc8b9afaeb129785b16839cbf651b2,94b7e54b857b11c929080a807d82d4e57edc8b9afaeb129785b16839cbf651b2,true
results/tkde_visual_rebuild/audits/PDF_LAYOUT_AUDIT.md,ed252376ef890b34ba333fa2bed318cee2de113eaf7f68a3eed93da29f3fc77b,ed252376ef890b34ba333fa2bed318cee2de113eaf7f68a3eed93da29f3fc77b,true
results/tkde_visual_rebuild/audits/SCIENTIFIC_DELTA_GATE.md,86041f45acb00754ae95f4e512bee78e44b873f4a530a00f2208ad1717bb9033,86041f45acb00754ae95f4e512bee78e44b873f4a530a00f2208ad1717bb9033,true
results/tkde_visual_rebuild/audits/TABLE_READABILITY_AUDIT.md,ab5fcd8e06e5a3f434429f9126f1311537588348419f4a0f0170037d3a59783d,ab5fcd8e06e5a3f434429f9126f1311537588348419f4a0f0170037d3a59783d,true
results/tkde_visual_rebuild/figure_data/fig01_deployment_contract.csv,1f80c740e344f4126a7d55237551c7641d83d3407674e0e84d01a883b8b591af,1f80c740e344f4126a7d55237551c7641d83d3407674e0e84d01a883b8b591af,true
results/tkde_visual_rebuild/figure_data/fig02_protocol_architecture_effects.csv,05c57209ed22deb613c8fcb6eb487a8a8ae24c5fbba144a3d83ec49ef751b6c3,05c57209ed22deb613c8fcb6eb487a8a8ae24c5fbba144a3d83ec49ef751b6c3,true
results/tkde_visual_rebuild/figure_data/fig03_ibm_metric_scale_construction.csv,6e95d5bdf8c9a708d342e89894f04bef3c972ae3927720b7b9730a3e12fbcecc,6e95d5bdf8c9a708d342e89894f04bef3c972ae3927720b7b9730a3e12fbcecc,true
results/tkde_visual_rebuild/figure_data/fig04_rank_decision_divergence.csv,b89abf62796b50607edb3d8f8285f4c2ec17d7ee78ab7096762594ab46dc8b7a,b89abf62796b50607edb3d8f8285f4c2ec17d7ee78ab7096762594ab46dc8b7a,true
results/tkde_visual_rebuild/figure_data/fig05_matched_ablation_effects.csv,aec0afb816db4eaa51ae29906bb88176f10a6f77a141d140cfb631242c8f63bb,aec0afb816db4eaa51ae29906bb88176f10a6f77a141d140cfb631242c8f63bb,true
results/tkde_visual_rebuild/figure_data/fig06_runtime_resource_pareto.csv,d94d7166ae92d4146e3f4305cf589c57acdc4a88741c970c16928ac1d4bd0d95,d94d7166ae92d4146e3f4305cf589c57acdc4a88741c970c16928ac1d4bd0d95,true
results/tkde_visual_rebuild/figure_data/fig07_review_budget_analysis.csv,4e2212dade1ca025655cc2761df83d27ff2bd534b933c786f33ec869904ee477,4e2212dade1ca025655cc2761df83d27ff2bd534b933c786f33ec869904ee477,true
results/tkde_visual_rebuild/figure_data/fig08_claim_support_validation.csv,cd707f65c3195b1f874999bb1d166c6ace55828ff0c71cf550a85902750d65d9,cd707f65c3195b1f874999bb1d166c6ace55828ff0c71cf550a85902750d65d9,true
results/tkde_visual_rebuild/table_data/table01_related_work.csv,3c8accd0c7ddba2a8fd0a74e1c58017eee079f17310ae7c6248ceb182d289b66,3c8accd0c7ddba2a8fd0a74e1c58017eee079f17310ae7c6248ceb182d289b66,true
results/tkde_visual_rebuild/table_data/table02_dataset_tasks.csv,0d8f2a81bc6373e42f19b0e13d9a1d1a9f06811f3f34d30489888fa84b90524d,0d8f2a81bc6373e42f19b0e13d9a1d1a9f06811f3f34d30489888fa84b90524d,true
results/tkde_visual_rebuild/table_data/table03_protocol_visibility.csv,948c8156c0b804d4ab34d58b8dc9d4e9fc959e511618cd6398d14fab3d6688fa,948c8156c0b804d4ab34d58b8dc9d4e9fc959e511618cd6398d14fab3d6688fa,true
results/tkde_visual_rebuild/table_data/table04_rb09_protocol_effects.csv,0d37f3a280948cfab1862d5b7901343858ec78a67e9d3dc9b6682e2f5fed2000,0d37f3a280948cfab1862d5b7901343858ec78a67e9d3dc9b6682e2f5fed2000,true
results/tkde_visual_rebuild/table_data/table05_ibm_baselines.csv,c812e000cfc20ce84efabadae293bf89fc2c7b6ae038497be71bbf34f3d78a21,c812e000cfc20ce84efabadae293bf89fc2c7b6ae038497be71bbf34f3d78a21,true
results/tkde_visual_rebuild/table_data/table06_ibm_construction.csv,cd9aa63a03b8f92816be2b156967bc7a15ddf8e615e7040efeda4e94e1e98ac4,cd9aa63a03b8f92816be2b156967bc7a15ddf8e615e7040efeda4e94e1e98ac4,true
results/tkde_visual_rebuild/table_data/table07_resource_boundaries.csv,50fa92988b6da9388620ed4fdeb1f0a6b9fa62790eb7a9a8709a8734c365c885,50fa92988b6da9388620ed4fdeb1f0a6b9fa62790eb7a9a8709a8734c365c885,true
results/tkde_visual_rebuild/table_data/table08_graphsafe_case.csv,43c325f162c5fceb4b0f3c17b289566ae6c10b6591d3a277a4d23e5f731df4f9,43c325f162c5fceb4b0f3c17b289566ae6c10b6591d3a277a4d23e5f731df4f9,true
results/tkde_visual_rebuild/validation/anonymization.md,03ef37e5f27b86fa8b3d800e66941bf0ac123c9e9cce2e0934c3d698c6418fca,03ef37e5f27b86fa8b3d800e66941bf0ac123c9e9cce2e0934c3d698c6418fca,true
results/tkde_visual_rebuild/validation/claim_gates/claim_gate_check.json,7a59017eea39f294941b7ae2b3c9167ec895fb9396de58e00e9726debad33345,7a59017eea39f294941b7ae2b3c9167ec895fb9396de58e00e9726debad33345,true
results/tkde_visual_rebuild/validation/claim_gates/claim_gate_check.md,03b2b5d8f0230709f69e5088e6edbab3c9ce646793f2d7216d30a8affbcb49f5,03b2b5d8f0230709f69e5088e6edbab3c9ce646793f2d7216d30a8affbcb49f5,true
results/tkde_visual_rebuild/validation/safety/safety_check.json,a6393483bc7514bf4a62d23908d35cbf800a0acc9e45e2ad4b195f8655253abf,a6393483bc7514bf4a62d23908d35cbf800a0acc9e45e2ad4b195f8655253abf,true
results/tkde_visual_rebuild/validation/safety/safety_check.md,fed1aa8e01ee3b666aa97db0ba21992c2363774e99085d29da6505841effd31b,fed1aa8e01ee3b666aa97db0ba21992c2363774e99085d29da6505841effd31b,true
results/v24_imported/V24_IMPORTED_EVIDENCE_LOCK.json,fdafe03d002dc078bb690a8f4965cca27781aa49dd916b6e03f68bb3d7893ca8,fdafe03d002dc078bb690a8f4965cca27781aa49dd916b6e03f68bb3d7893ca8,true
results/v26_imported/V26_IMPORTED_EVIDENCE_LOCK.json,f16ecd3b22dc35eaaf7dadfbb7ccfc508ccf52ab05d4c01894b9da2e78cd0dc1,f16ecd3b22dc35eaaf7dadfbb7ccfc508ccf52ab05d4c01894b9da2e78cd0dc1,true
results/v27_imported/V27_STRONGER_GRAPH_EVIDENCE_LOCK.json,910dc7c1cef558ed9b107eec6fa868fdc932b804bb0204b0e98aff306ca5ed23,910dc7c1cef558ed9b107eec6fa868fdc932b804bb0204b0e98aff306ca5ed23,true
results/v28_imported/V28_ALL_RUNS_EVIDENCE_LOCK.json,3cd7204770ba25905def6381c39c0bce873130ecca74f280240d9d3aecc4be10,3cd7204770ba25905def6381c39c0bce873130ecca74f280240d9d3aecc4be10,true
