path,line,token,status
paper_iclr/claims/ICLR_CLAIM_LEDGER.csv,5,BLOCKED_PENDING_EVIDENCE,OPEN_RESULTS_BLOCKED
paper_iclr/claims/ICLR_CLAIM_LEDGER.csv,5,PENDING,OPEN_RESULTS_BLOCKED
paper_iclr/claims/ICLR_CLAIM_LEDGER.csv,6,BLOCKED_PENDING_EVIDENCE,OPEN_RESULTS_BLOCKED
paper_iclr/claims/ICLR_CLAIM_LEDGER.csv,6,PENDING_RUNS,OPEN_RESULTS_BLOCKED
paper_iclr/claims/ICLR_CLAIM_LEDGER.csv,7,BLOCKED_PENDING_EVIDENCE,OPEN_RESULTS_BLOCKED
paper_iclr/claims/ICLR_CLAIM_LEDGER.csv,7,PENDING_RUNS,OPEN_RESULTS_BLOCKED
paper_iclr/claims/ICLR_CLAIM_LEDGER.csv,8,BLOCKED_PENDING_EVIDENCE,OPEN_RESULTS_BLOCKED
paper_iclr/claims/ICLR_CLAIM_LEDGER.csv,8,PENDING,OPEN_RESULTS_BLOCKED
paper_iclr/claims/ICLR_CLAIM_LEDGER.csv,9,BLOCKED_PENDING_EVIDENCE,OPEN_RESULTS_BLOCKED
paper_iclr/claims/ICLR_CLAIM_LEDGER.csv,9,PENDING,OPEN_RESULTS_BLOCKED
paper_iclr/claims/ICLR_CLAIM_LEDGER.csv,10,BLOCKED_PENDING_EVIDENCE,OPEN_RESULTS_BLOCKED
paper_iclr/claims/ICLR_CLAIM_LEDGER.csv,10,PENDING,OPEN_RESULTS_BLOCKED
paper_iclr/claims/ICLR_CLAIM_LEDGER.csv,11,BLOCKED_PENDING_EVIDENCE,OPEN_RESULTS_BLOCKED
paper_iclr/claims/ICLR_CLAIM_LEDGER.csv,11,PENDING,OPEN_RESULTS_BLOCKED
paper_iclr/claims/ICLR_CLAIM_LEDGER.csv,12,BLOCKED_PENDING_EVIDENCE,OPEN_RESULTS_BLOCKED
paper_iclr/claims/ICLR_CLAIM_LEDGER.csv,13,BLOCKED,OPEN_RESULTS_BLOCKED
paper_iclr/claims/LEVEL4_ICLR_CLAIM_LEDGER.csv,2,PENDING,OPEN_RESULTS_BLOCKED
paper_iclr/claims/LEVEL4_ICLR_CLAIM_LEDGER.csv,3,PENDING,OPEN_RESULTS_BLOCKED
paper_iclr/claims/LEVEL4_ICLR_CLAIM_LEDGER.csv,5,PENDING,OPEN_RESULTS_BLOCKED
paper_iclr/claims/LEVEL4_ICLR_CLAIM_LEDGER.csv,6,BLOCKED_PENDING_RESULTS,OPEN_RESULTS_BLOCKED
paper_iclr/claims/LEVEL4_ICLR_CLAIM_LEDGER.csv,7,BLOCKED_PENDING_RESULTS,OPEN_RESULTS_BLOCKED
paper_iclr/claims/LEVEL4_ICLR_CLAIM_LEDGER.csv,8,BLOCKED_RESOURCE_UNMEASURED,OPEN_RESULTS_BLOCKED
paper_iclr/claims/LEVEL4_ICLR_CLAIM_LEDGER.csv,9,BLOCKED_OFFICIAL_BASELINE_INTEGRATION,OPEN_RESULTS_BLOCKED
paper_iclr/figures/README.md,6,PENDING,OPEN_RESULTS_BLOCKED
paper_iclr/generated/ablation_results.tex,4,PENDING,OPEN_RESULTS_BLOCKED
paper_iclr/generated/calibration_results.tex,4,PENDING,OPEN_RESULTS_BLOCKED
paper_iclr/generated/main_results.tex,4,PENDING,OPEN_RESULTS_BLOCKED
paper_iclr/generated/resource_results.tex,4,PENDING,OPEN_RESULTS_BLOCKED
paper_iclr/main.tex,13,BLOCKED,OPEN_RESULTS_BLOCKED
paper_iclr/main.tex,14,PENDING,OPEN_RESULTS_BLOCKED
paper_iclr/main.tex,15,PENDING,OPEN_RESULTS_BLOCKED
paper_iclr/main.tex,42,BLOCKED,OPEN_RESULTS_BLOCKED
paper_iclr/sections/07_experimental_protocol.tex,21,BLOCKED,OPEN_RESULTS_BLOCKED
paper_iclr/sections/10_resource_tradeoffs.tex,6,BLOCKED,OPEN_RESULTS_BLOCKED
paper_iclr/supplement.tex,7,PENDING,OPEN_RESULTS_BLOCKED
paper_iclr/supplement.tex,8,PENDING,OPEN_RESULTS_BLOCKED
paper_iclr/supplement.tex,18,BLOCKED,OPEN_RESULTS_BLOCKED
