dataset,protocol,model,seed,control_mode,stress_config,stress_family,config_id,hidden_channels,num_layers,run_id,package_path,member,member_size,member_crc,member_sha256,f1,auprc,auroc,recall_at_1pct,precision_at_1pct,recall,precision,runtime_seconds,deduplication_note
dgraphfin,inductive_isolated,gcn,1,none,deduplicated_v24_rerun_contract,RB41,RB41__early_to_late_transfer__inductive_isolated__gcn__none,64,2,RB41_DGRAPHFIN_TEMPORAL_SHIFT_STRESS_SEEDS_1_2_DUALGPU_V24,kaggleoutputs/v24/rb41_dgraphfin_full10_chunks/DOWNLOAD_ME_RB41_DGRAPHFIN_TEMPORAL_SHIFT_STRESS_SEEDS_1_2_DUALGPU_V24__seed_1.zip,json/RB41__early_to_late_transfer__inductive_isolated__gcn__none/dgraphfin__inductive_isolated__gcn__seed1.json,4189,1169627797,b34317b9b2de7ac91e2212563d7eae7879f07ecf617b9919663cdd25c8eff0f5,0.0,0.0138,0.6037,0.0091,0.01,0.0,0.0,109.037,one of three metric-identical label copies retained; stress labels were not passed to harness
dgraphfin,inductive_isolated,gcn,2,none,deduplicated_v24_rerun_contract,RB41,RB41__early_to_late_transfer__inductive_isolated__gcn__none,64,2,RB41_DGRAPHFIN_TEMPORAL_SHIFT_STRESS_SEEDS_1_2_DUALGPU_V24,kaggleoutputs/v24/rb41_dgraphfin_full10_chunks/DOWNLOAD_ME_RB41_DGRAPHFIN_TEMPORAL_SHIFT_STRESS_SEEDS_1_2_DUALGPU_V24__seed_2.zip,json/RB41__early_to_late_transfer__inductive_isolated__gcn__none/dgraphfin__inductive_isolated__gcn__seed2.json,4199,2316554886,06580f8dfd6b0a7f003e8a9f3a237f7c40b4a846c8d013297075a35190653e81,0.0023,0.011,0.5382,0.0016,0.0018,0.0038,0.0016,107.059,one of three metric-identical label copies retained; stress labels were not passed to harness
dgraphfin,inductive_isolated,gcn,3,none,deduplicated_v24_rerun_contract,RB41,RB41__early_to_late_transfer__inductive_isolated__gcn__none,64,2,RB41_DGRAPHFIN_TEMPORAL_SHIFT_STRESS_SEEDS_3_4_DUALGPU_V24,kaggleoutputs/v24/rb41_dgraphfin_full10_chunks/DOWNLOAD_ME_RB41_DGRAPHFIN_TEMPORAL_SHIFT_STRESS_SEEDS_3_4_DUALGPU_V24__seed_3.zip,json/RB41__early_to_late_transfer__inductive_isolated__gcn__none/dgraphfin__inductive_isolated__gcn__seed3.json,4199,4074985283,4430b55426e47e80a801b613e6e91141624222cba9adf78d0f4485159d204171,0.008,0.0081,0.3763,0.0032,0.0035,0.0349,0.0045,111.796,one of three metric-identical label copies retained; stress labels were not passed to harness
dgraphfin,inductive_isolated,gcn,4,none,deduplicated_v24_rerun_contract,RB41,RB41__early_to_late_transfer__inductive_isolated__gcn__none,64,2,RB41_DGRAPHFIN_TEMPORAL_SHIFT_STRESS_SEEDS_3_4_DUALGPU_V24,kaggleoutputs/v24/rb41_dgraphfin_full10_chunks/DOWNLOAD_ME_RB41_DGRAPHFIN_TEMPORAL_SHIFT_STRESS_SEEDS_3_4_DUALGPU_V24__seed_4.zip,json/RB41__early_to_late_transfer__inductive_isolated__gcn__none/dgraphfin__inductive_isolated__gcn__seed4.json,4203,3215146200,e2a0e0334232554f53605e609e6cd5840692d91172e01ab467bffa350a6f8aa9,0.0237,0.0161,0.652,0.0145,0.0159,0.3065,0.0123,108.581,one of three metric-identical label copies retained; stress labels were not passed to harness
dgraphfin,inductive_isolated,gcn,5,none,deduplicated_v24_rerun_contract,RB41,RB41__early_to_late_transfer__inductive_isolated__gcn__none,64,2,RB41_DGRAPHFIN_TEMPORAL_SHIFT_STRESS_SEEDS_5_6_DUALGPU_V24,kaggleoutputs/v24/rb41_dgraphfin_full10_chunks/DOWNLOAD_ME_RB41_DGRAPHFIN_TEMPORAL_SHIFT_STRESS_SEEDS_5_6_DUALGPU_V24__seed_5.zip,json/RB41__early_to_late_transfer__inductive_isolated__gcn__none/dgraphfin__inductive_isolated__gcn__seed5.json,4191,1454234365,a19eb29daa5ea3ef26c9a72be7fec957d1e2f1e4fd9a23a1068494fd80eaa3f4,0.0,0.0083,0.3766,0.0005,0.0006,0.0,0.0,104.965,one of three metric-identical label copies retained; stress labels were not passed to harness
dgraphfin,inductive_isolated,gcn,6,none,deduplicated_v24_rerun_contract,RB41,RB41__early_to_late_transfer__inductive_isolated__gcn__none,64,2,RB41_DGRAPHFIN_TEMPORAL_SHIFT_STRESS_SEEDS_5_6_DUALGPU_V24,kaggleoutputs/v24/rb41_dgraphfin_full10_chunks/DOWNLOAD_ME_RB41_DGRAPHFIN_TEMPORAL_SHIFT_STRESS_SEEDS_5_6_DUALGPU_V24__seed_6.zip,json/RB41__early_to_late_transfer__inductive_isolated__gcn__none/dgraphfin__inductive_isolated__gcn__seed6.json,4199,4147861736,64848c06420ed22979753c8269458defbb0057aaac226b669f7fd4bac4a7e3f3,0.0217,0.0087,0.4164,0.0005,0.0006,0.8508,0.011,105.427,one of three metric-identical label copies retained; stress labels were not passed to harness
dgraphfin,inductive_isolated,gcn,7,none,deduplicated_v24_rerun_contract,RB41,RB41__early_to_late_transfer__inductive_isolated__gcn__none,64,2,RB41_DGRAPHFIN_TEMPORAL_SHIFT_STRESS_SEEDS_7_8_DUALGPU_V24,kaggleoutputs/v24/rb41_dgraphfin_full10_chunks/DOWNLOAD_ME_RB41_DGRAPHFIN_TEMPORAL_SHIFT_STRESS_SEEDS_7_8_DUALGPU_V24__seed_7.zip,json/RB41__early_to_late_transfer__inductive_isolated__gcn__none/dgraphfin__inductive_isolated__gcn__seed7.json,4198,3787821225,316704b2233c1b2673520a5ab364a9eedc221f030b2a0b7b525c1b06ed252963,0.0368,0.0181,0.6817,0.0199,0.0217,0.5786,0.019,109.457,one of three metric-identical label copies retained; stress labels were not passed to harness
dgraphfin,inductive_isolated,gcn,8,none,deduplicated_v24_rerun_contract,RB41,RB41__early_to_late_transfer__inductive_isolated__gcn__none,64,2,RB41_DGRAPHFIN_TEMPORAL_SHIFT_STRESS_SEEDS_7_8_DUALGPU_V24,kaggleoutputs/v24/rb41_dgraphfin_full10_chunks/DOWNLOAD_ME_RB41_DGRAPHFIN_TEMPORAL_SHIFT_STRESS_SEEDS_7_8_DUALGPU_V24__seed_8.zip,json/RB41__early_to_late_transfer__inductive_isolated__gcn__none/dgraphfin__inductive_isolated__gcn__seed8.json,4198,2062278886,9525e7aa36169669d0f1eb4dce3925441d65b89ac51a7ae7aaf9076aa57ae8e0,0.022,0.0109,0.5181,0.0005,0.0006,0.6291,0.0112,108.32,one of three metric-identical label copies retained; stress labels were not passed to harness
dgraphfin,inductive_isolated,gcn,9,none,deduplicated_v24_rerun_contract,RB41,RB41__early_to_late_transfer__inductive_isolated__gcn__none,64,2,RB41_DGRAPHFIN_TEMPORAL_SHIFT_STRESS_SEEDS_9_10_DUALGPU_V24,kaggleoutputs/v24/rb41_dgraphfin_full10_chunks/DOWNLOAD_ME_RB41_DGRAPHFIN_TEMPORAL_SHIFT_STRESS_SEEDS_9_10_DUALGPU_V24__seed_9.zip,json/RB41__early_to_late_transfer__inductive_isolated__gcn__none/dgraphfin__inductive_isolated__gcn__seed9.json,4201,4212861020,10c79291c9d24c9c688747588e0b77a405add1f6bc739a70c6d6b3854240e8e5,0.0392,0.013,0.57,0.0016,0.0018,0.5996,0.0203,108.07,one of three metric-identical label copies retained; stress labels were not passed to harness
dgraphfin,inductive_isolated,gcn,10,none,deduplicated_v24_rerun_contract,RB41,RB41__early_to_late_transfer__inductive_isolated__gcn__none,64,2,RB41_DGRAPHFIN_TEMPORAL_SHIFT_STRESS_SEEDS_9_10_DUALGPU_V24,kaggleoutputs/v24/rb41_dgraphfin_full10_chunks/DOWNLOAD_ME_RB41_DGRAPHFIN_TEMPORAL_SHIFT_STRESS_SEEDS_9_10_DUALGPU_V24__seed_10.zip,json/RB41__early_to_late_transfer__inductive_isolated__gcn__none/dgraphfin__inductive_isolated__gcn__seed10.json,4216,2174549360,9c7643e136c4ebce71b3e88186753950f677c5e0bdd18e960b2bd54671d9dc11,0.0163,0.0103,0.4761,0.0107,0.0117,0.2399,0.0084,108.581,one of three metric-identical label copies retained; stress labels were not passed to harness
dgraphfin,inductive_isolated,mlp,1,none,deduplicated_v24_rerun_contract,RB41,RB41__early_to_late_transfer__inductive_isolated__mlp__none,64,2,RB41_DGRAPHFIN_TEMPORAL_SHIFT_STRESS_SEEDS_1_2_DUALGPU_V24,kaggleoutputs/v24/rb41_dgraphfin_full10_chunks/DOWNLOAD_ME_RB41_DGRAPHFIN_TEMPORAL_SHIFT_STRESS_SEEDS_1_2_DUALGPU_V24__seed_1.zip,json/RB41__early_to_late_transfer__inductive_isolated__mlp__none/dgraphfin__inductive_isolated__mlp__seed1.json,4192,4143322284,e8fcf42ed82f5fba5a451da270ef90159f2f1d3bb998da4d463f54ae888193fc,0.0,0.0083,0.3703,0.0064,0.007,0.0,0.0,24.699,one of three metric-identical label copies retained; stress labels were not passed to harness
dgraphfin,inductive_isolated,mlp,2,none,deduplicated_v24_rerun_contract,RB41,RB41__early_to_late_transfer__inductive_isolated__mlp__none,64,2,RB41_DGRAPHFIN_TEMPORAL_SHIFT_STRESS_SEEDS_1_2_DUALGPU_V24,kaggleoutputs/v24/rb41_dgraphfin_full10_chunks/DOWNLOAD_ME_RB41_DGRAPHFIN_TEMPORAL_SHIFT_STRESS_SEEDS_1_2_DUALGPU_V24__seed_2.zip,json/RB41__early_to_late_transfer__inductive_isolated__mlp__none/dgraphfin__inductive_isolated__mlp__seed2.json,4202,2129756872,84c9c00a23948d0ce9c1aef9ecde34d9421e6cb598386f53e5fb5ef9d1dd62ac,0.0483,0.0229,0.7112,0.0338,0.037,0.3591,0.0259,24.401,one of three metric-identical label copies retained; stress labels were not passed to harness
dgraphfin,inductive_isolated,mlp,3,none,deduplicated_v24_rerun_contract,RB41,RB41__early_to_late_transfer__inductive_isolated__mlp__none,64,2,RB41_DGRAPHFIN_TEMPORAL_SHIFT_STRESS_SEEDS_3_4_DUALGPU_V24,kaggleoutputs/v24/rb41_dgraphfin_full10_chunks/DOWNLOAD_ME_RB41_DGRAPHFIN_TEMPORAL_SHIFT_STRESS_SEEDS_3_4_DUALGPU_V24__seed_3.zip,json/RB41__early_to_late_transfer__inductive_isolated__mlp__none/dgraphfin__inductive_isolated__mlp__seed3.json,4202,3975836128,ab0bf2410632ad23473620e45167094de28fe4a8c28b2a76d34951225dfd5ba1,0.0109,0.0105,0.4987,0.0123,0.0135,0.0789,0.0058,25.03,one of three metric-identical label copies retained; stress labels were not passed to harness
dgraphfin,inductive_isolated,mlp,4,none,deduplicated_v24_rerun_contract,RB41,RB41__early_to_late_transfer__inductive_isolated__mlp__none,64,2,RB41_DGRAPHFIN_TEMPORAL_SHIFT_STRESS_SEEDS_3_4_DUALGPU_V24,kaggleoutputs/v24/rb41_dgraphfin_full10_chunks/DOWNLOAD_ME_RB41_DGRAPHFIN_TEMPORAL_SHIFT_STRESS_SEEDS_3_4_DUALGPU_V24__seed_4.zip,json/RB41__early_to_late_transfer__inductive_isolated__mlp__none/dgraphfin__inductive_isolated__mlp__seed4.json,4198,3504294259,2598645a1082a4593390fdd40929cf30a0c8b74ca08f8e547230b58ad34f852d,0.0311,0.0177,0.649,0.0193,0.0211,0.0837,0.0191,24.656,one of three metric-identical label copies retained; stress labels were not passed to harness
dgraphfin,inductive_isolated,mlp,5,none,deduplicated_v24_rerun_contract,RB41,RB41__early_to_late_transfer__inductive_isolated__mlp__none,64,2,RB41_DGRAPHFIN_TEMPORAL_SHIFT_STRESS_SEEDS_5_6_DUALGPU_V24,kaggleoutputs/v24/rb41_dgraphfin_full10_chunks/DOWNLOAD_ME_RB41_DGRAPHFIN_TEMPORAL_SHIFT_STRESS_SEEDS_5_6_DUALGPU_V24__seed_5.zip,json/RB41__early_to_late_transfer__inductive_isolated__mlp__none/dgraphfin__inductive_isolated__mlp__seed5.json,4187,3384881884,74c34c5c9e6fb47806ce4d9ea5b44d4b5d8039b4990ac86d28335c9e41a01f16,0.003,0.0074,0.3168,0.0005,0.0006,0.0091,0.0018,24.17,one of three metric-identical label copies retained; stress labels were not passed to harness
dgraphfin,inductive_isolated,mlp,6,none,deduplicated_v24_rerun_contract,RB41,RB41__early_to_late_transfer__inductive_isolated__mlp__none,64,2,RB41_DGRAPHFIN_TEMPORAL_SHIFT_STRESS_SEEDS_5_6_DUALGPU_V24,kaggleoutputs/v24/rb41_dgraphfin_full10_chunks/DOWNLOAD_ME_RB41_DGRAPHFIN_TEMPORAL_SHIFT_STRESS_SEEDS_5_6_DUALGPU_V24__seed_6.zip,json/RB41__early_to_late_transfer__inductive_isolated__mlp__none/dgraphfin__inductive_isolated__mlp__seed6.json,4202,1284824905,e7bda1e72983dde972483f286f64f82aba430aff63c670c6157964fecfbfcd93,0.0381,0.0176,0.667,0.0204,0.0223,0.6044,0.0197,24.235,one of three metric-identical label copies retained; stress labels were not passed to harness
dgraphfin,inductive_isolated,mlp,7,none,deduplicated_v24_rerun_contract,RB41,RB41__early_to_late_transfer__inductive_isolated__mlp__none,64,2,RB41_DGRAPHFIN_TEMPORAL_SHIFT_STRESS_SEEDS_7_8_DUALGPU_V24,kaggleoutputs/v24/rb41_dgraphfin_full10_chunks/DOWNLOAD_ME_RB41_DGRAPHFIN_TEMPORAL_SHIFT_STRESS_SEEDS_7_8_DUALGPU_V24__seed_7.zip,json/RB41__early_to_late_transfer__inductive_isolated__mlp__none/dgraphfin__inductive_isolated__mlp__seed7.json,4197,3319230110,81846335fb53b11517353316fbef7e3cd9cfcddb2067c1c7e48e9af4f5029748,0.0474,0.022,0.7075,0.0279,0.0305,0.256,0.0261,24.691,one of three metric-identical label copies retained; stress labels were not passed to harness
dgraphfin,inductive_isolated,mlp,8,none,deduplicated_v24_rerun_contract,RB41,RB41__early_to_late_transfer__inductive_isolated__mlp__none,64,2,RB41_DGRAPHFIN_TEMPORAL_SHIFT_STRESS_SEEDS_7_8_DUALGPU_V24,kaggleoutputs/v24/rb41_dgraphfin_full10_chunks/DOWNLOAD_ME_RB41_DGRAPHFIN_TEMPORAL_SHIFT_STRESS_SEEDS_7_8_DUALGPU_V24__seed_8.zip,json/RB41__early_to_late_transfer__inductive_isolated__mlp__none/dgraphfin__inductive_isolated__mlp__seed8.json,4196,2818974341,113937f6ce9a5c5621e0a85b9d0a21e5bbe8d8cadabc15c4d648bae5bc74695d,0.04,0.0182,0.6908,0.0199,0.0217,0.6119,0.0207,24.568,one of three metric-identical label copies retained; stress labels were not passed to harness
dgraphfin,inductive_isolated,mlp,9,none,deduplicated_v24_rerun_contract,RB41,RB41__early_to_late_transfer__inductive_isolated__mlp__none,64,2,RB41_DGRAPHFIN_TEMPORAL_SHIFT_STRESS_SEEDS_9_10_DUALGPU_V24,kaggleoutputs/v24/rb41_dgraphfin_full10_chunks/DOWNLOAD_ME_RB41_DGRAPHFIN_TEMPORAL_SHIFT_STRESS_SEEDS_9_10_DUALGPU_V24__seed_9.zip,json/RB41__early_to_late_transfer__inductive_isolated__mlp__none/dgraphfin__inductive_isolated__mlp__seed9.json,4194,2683660893,6d5b3fdbb8d4bb08f569e732b7f43e02a1619a68892de3ba098fd59f7b0f8b5a,0.0081,0.0075,0.3121,0.0021,0.0023,0.0692,0.0043,24.639,one of three metric-identical label copies retained; stress labels were not passed to harness
dgraphfin,inductive_isolated,mlp,10,none,deduplicated_v24_rerun_contract,RB41,RB41__early_to_late_transfer__inductive_isolated__mlp__none,64,2,RB41_DGRAPHFIN_TEMPORAL_SHIFT_STRESS_SEEDS_9_10_DUALGPU_V24,kaggleoutputs/v24/rb41_dgraphfin_full10_chunks/DOWNLOAD_ME_RB41_DGRAPHFIN_TEMPORAL_SHIFT_STRESS_SEEDS_9_10_DUALGPU_V24__seed_10.zip,json/RB41__early_to_late_transfer__inductive_isolated__mlp__none/dgraphfin__inductive_isolated__mlp__seed10.json,4210,3458667815,1fd70a764a6e23dad8b0aea8cdcadbb91a98917d1ec37ef56d5744c7637cfc67,0.0089,0.0077,0.332,0.0043,0.0047,0.1031,0.0047,24.757,one of three metric-identical label copies retained; stress labels were not passed to harness
dgraphfin,inductive_isolated,sage,1,none,deduplicated_v24_rerun_contract,RB41,RB41__early_to_late_transfer__inductive_isolated__graphsage__none,64,2,RB41_DGRAPHFIN_TEMPORAL_SHIFT_STRESS_SEEDS_1_2_DUALGPU_V24,kaggleoutputs/v24/rb41_dgraphfin_full10_chunks/DOWNLOAD_ME_RB41_DGRAPHFIN_TEMPORAL_SHIFT_STRESS_SEEDS_1_2_DUALGPU_V24__seed_1.zip,json/RB41__early_to_late_transfer__inductive_isolated__graphsage__none/dgraphfin__inductive_isolated__sage__seed1.json,4238,3437507958,450404aee0dcda8fd39b690fe4c0def0c424547334c96c33b38ccd4c335dc7a5,0.0308,0.0208,0.71,0.0193,0.0211,0.073,0.0196,126.665,one of three metric-identical label copies retained; stress labels were not passed to harness
dgraphfin,inductive_isolated,sage,2,none,deduplicated_v24_rerun_contract,RB41,RB41__early_to_late_transfer__inductive_isolated__graphsage__none,64,2,RB41_DGRAPHFIN_TEMPORAL_SHIFT_STRESS_SEEDS_1_2_DUALGPU_V24,kaggleoutputs/v24/rb41_dgraphfin_full10_chunks/DOWNLOAD_ME_RB41_DGRAPHFIN_TEMPORAL_SHIFT_STRESS_SEEDS_1_2_DUALGPU_V24__seed_2.zip,json/RB41__early_to_late_transfer__inductive_isolated__graphsage__none/dgraphfin__inductive_isolated__sage__seed2.json,4238,711025046,2f4fbc637a4ae935675c6b4979e612f711a0c72c57be56c9e7211c74fdd7fbd1,0.0356,0.0201,0.705,0.0183,0.02,0.0682,0.0241,123.286,one of three metric-identical label copies retained; stress labels were not passed to harness
dgraphfin,inductive_isolated,sage,3,none,deduplicated_v24_rerun_contract,RB41,RB41__early_to_late_transfer__inductive_isolated__graphsage__none,64,2,RB41_DGRAPHFIN_TEMPORAL_SHIFT_STRESS_SEEDS_3_4_DUALGPU_V24,kaggleoutputs/v24/rb41_dgraphfin_full10_chunks/DOWNLOAD_ME_RB41_DGRAPHFIN_TEMPORAL_SHIFT_STRESS_SEEDS_3_4_DUALGPU_V24__seed_3.zip,json/RB41__early_to_late_transfer__inductive_isolated__graphsage__none/dgraphfin__inductive_isolated__sage__seed3.json,4232,3278957635,4607ead2cefd0d9974297764a31acdfbb8fcdfd45b8e8aacee247e9a1f6eb13a,0.04,0.0183,0.673,0.0091,0.01,0.1922,0.0223,133.814,one of three metric-identical label copies retained; stress labels were not passed to harness
dgraphfin,inductive_isolated,sage,4,none,deduplicated_v24_rerun_contract,RB41,RB41__early_to_late_transfer__inductive_isolated__graphsage__none,64,2,RB41_DGRAPHFIN_TEMPORAL_SHIFT_STRESS_SEEDS_3_4_DUALGPU_V24,kaggleoutputs/v24/rb41_dgraphfin_full10_chunks/DOWNLOAD_ME_RB41_DGRAPHFIN_TEMPORAL_SHIFT_STRESS_SEEDS_3_4_DUALGPU_V24__seed_4.zip,json/RB41__early_to_late_transfer__inductive_isolated__graphsage__none/dgraphfin__inductive_isolated__sage__seed4.json,4234,1554050740,543824c0b3d2fb41e8348c790adaf7788b4f4a9a532cdc6e71fb30823d86d806,0.029,0.0177,0.6825,0.0113,0.0123,0.2475,0.0154,126.117,one of three metric-identical label copies retained; stress labels were not passed to harness
dgraphfin,inductive_isolated,sage,5,none,deduplicated_v24_rerun_contract,RB41,RB41__early_to_late_transfer__inductive_isolated__graphsage__none,64,2,RB41_DGRAPHFIN_TEMPORAL_SHIFT_STRESS_SEEDS_5_6_DUALGPU_V24,kaggleoutputs/v24/rb41_dgraphfin_full10_chunks/DOWNLOAD_ME_RB41_DGRAPHFIN_TEMPORAL_SHIFT_STRESS_SEEDS_5_6_DUALGPU_V24__seed_5.zip,json/RB41__early_to_late_transfer__inductive_isolated__graphsage__none/dgraphfin__inductive_isolated__sage__seed5.json,4239,1361573715,0e99c3d73c41ebf33f8da8e1aeb39b4165b6e5155f86dfe7eb030b11f53c53a1,0.041,0.0183,0.6883,0.0177,0.0194,0.7289,0.0211,119.842,one of three metric-identical label copies retained; stress labels were not passed to harness
dgraphfin,inductive_isolated,sage,6,none,deduplicated_v24_rerun_contract,RB41,RB41__early_to_late_transfer__inductive_isolated__graphsage__none,64,2,RB41_DGRAPHFIN_TEMPORAL_SHIFT_STRESS_SEEDS_5_6_DUALGPU_V24,kaggleoutputs/v24/rb41_dgraphfin_full10_chunks/DOWNLOAD_ME_RB41_DGRAPHFIN_TEMPORAL_SHIFT_STRESS_SEEDS_5_6_DUALGPU_V24__seed_6.zip,json/RB41__early_to_late_transfer__inductive_isolated__graphsage__none/dgraphfin__inductive_isolated__sage__seed6.json,4240,3586119362,e16028c1753c834e0e8ec69c924a8a054a801499a978bbf492c8d98875bf467c,0.0445,0.019,0.7029,0.0134,0.0147,0.6377,0.0231,120.566,one of three metric-identical label copies retained; stress labels were not passed to harness
dgraphfin,inductive_isolated,sage,7,none,deduplicated_v24_rerun_contract,RB41,RB41__early_to_late_transfer__inductive_isolated__graphsage__none,64,2,RB41_DGRAPHFIN_TEMPORAL_SHIFT_STRESS_SEEDS_7_8_DUALGPU_V24,kaggleoutputs/v24/rb41_dgraphfin_full10_chunks/DOWNLOAD_ME_RB41_DGRAPHFIN_TEMPORAL_SHIFT_STRESS_SEEDS_7_8_DUALGPU_V24__seed_7.zip,json/RB41__early_to_late_transfer__inductive_isolated__graphsage__none/dgraphfin__inductive_isolated__sage__seed7.json,4237,1353218583,1ba412302ab4bd31f9f8f0d0aedd4f51238d2f994195d42b8f1d488f00846ad8,0.0422,0.0181,0.6965,0.0129,0.0141,0.6855,0.0218,128.028,one of three metric-identical label copies retained; stress labels were not passed to harness
dgraphfin,inductive_isolated,sage,8,none,deduplicated_v24_rerun_contract,RB41,RB41__early_to_late_transfer__inductive_isolated__graphsage__none,64,2,RB41_DGRAPHFIN_TEMPORAL_SHIFT_STRESS_SEEDS_7_8_DUALGPU_V24,kaggleoutputs/v24/rb41_dgraphfin_full10_chunks/DOWNLOAD_ME_RB41_DGRAPHFIN_TEMPORAL_SHIFT_STRESS_SEEDS_7_8_DUALGPU_V24__seed_8.zip,json/RB41__early_to_late_transfer__inductive_isolated__graphsage__none/dgraphfin__inductive_isolated__sage__seed8.json,4223,1622250868,5f33cd55165c92829f81094c488403b50efb22e22f0ab4dadcb4c15750b2a8b7,0.0,0.0076,0.3267,0.0027,0.0029,0.0,0.0,129.088,one of three metric-identical label copies retained; stress labels were not passed to harness
dgraphfin,inductive_isolated,sage,9,none,deduplicated_v24_rerun_contract,RB41,RB41__early_to_late_transfer__inductive_isolated__graphsage__none,64,2,RB41_DGRAPHFIN_TEMPORAL_SHIFT_STRESS_SEEDS_9_10_DUALGPU_V24,kaggleoutputs/v24/rb41_dgraphfin_full10_chunks/DOWNLOAD_ME_RB41_DGRAPHFIN_TEMPORAL_SHIFT_STRESS_SEEDS_9_10_DUALGPU_V24__seed_9.zip,json/RB41__early_to_late_transfer__inductive_isolated__graphsage__none/dgraphfin__inductive_isolated__sage__seed9.json,4244,3396941632,275db09536213e47dd73fd916e38ad6930dbd5f9f776a696f9d0f7bbb0cd3fd2,0.0401,0.0187,0.6914,0.0134,0.0147,0.197,0.0223,124.827,one of three metric-identical label copies retained; stress labels were not passed to harness
dgraphfin,inductive_isolated,sage,10,none,deduplicated_v24_rerun_contract,RB41,RB41__early_to_late_transfer__inductive_isolated__graphsage__none,64,2,RB41_DGRAPHFIN_TEMPORAL_SHIFT_STRESS_SEEDS_9_10_DUALGPU_V24,kaggleoutputs/v24/rb41_dgraphfin_full10_chunks/DOWNLOAD_ME_RB41_DGRAPHFIN_TEMPORAL_SHIFT_STRESS_SEEDS_9_10_DUALGPU_V24__seed_10.zip,json/RB41__early_to_late_transfer__inductive_isolated__graphsage__none/dgraphfin__inductive_isolated__sage__seed10.json,4252,2564550096,0247b3dbe3d8d7b23ec6a7183e88954a1550f58d5800d319673eee4b9c85dabe,0.0454,0.0195,0.7026,0.0193,0.0211,0.6221,0.0235,126.075,one of three metric-identical label copies retained; stress labels were not passed to harness
dgraphfin,strict_inductive,gcn,1,none,deduplicated_v24_rerun_contract,RB41,RB41__early_to_late_transfer__strict_inductive__gcn__none,64,2,RB41_DGRAPHFIN_TEMPORAL_SHIFT_STRESS_SEEDS_1_2_DUALGPU_V24,kaggleoutputs/v24/rb41_dgraphfin_full10_chunks/DOWNLOAD_ME_RB41_DGRAPHFIN_TEMPORAL_SHIFT_STRESS_SEEDS_1_2_DUALGPU_V24__seed_1.zip,json/RB41__early_to_late_transfer__strict_inductive__gcn__none/dgraphfin__strict_inductive__gcn__seed1.json,4179,2579495445,271ef8ed3b44d4dd73fe45d3cd31a7e2712bfbbdc8cc8585ac00a7020e7f08f0,0.0021,0.0124,0.5688,0.007,0.0076,0.0011,0.029,109.831,one of three metric-identical label copies retained; stress labels were not passed to harness
dgraphfin,strict_inductive,gcn,2,none,deduplicated_v24_rerun_contract,RB41,RB41__early_to_late_transfer__strict_inductive__gcn__none,64,2,RB41_DGRAPHFIN_TEMPORAL_SHIFT_STRESS_SEEDS_1_2_DUALGPU_V24,kaggleoutputs/v24/rb41_dgraphfin_full10_chunks/DOWNLOAD_ME_RB41_DGRAPHFIN_TEMPORAL_SHIFT_STRESS_SEEDS_1_2_DUALGPU_V24__seed_2.zip,json/RB41__early_to_late_transfer__strict_inductive__gcn__none/dgraphfin__strict_inductive__gcn__seed2.json,4181,4032870510,53c8f63064a62a94e5400b70958360ed01f97524c013ea83817a9c126f84e600,0.0032,0.0101,0.5023,0.0027,0.0029,0.0021,0.0063,107.692,one of three metric-identical label copies retained; stress labels were not passed to harness
dgraphfin,strict_inductive,gcn,3,none,deduplicated_v24_rerun_contract,RB41,RB41__early_to_late_transfer__strict_inductive__gcn__none,64,2,RB41_DGRAPHFIN_TEMPORAL_SHIFT_STRESS_SEEDS_3_4_DUALGPU_V24,kaggleoutputs/v24/rb41_dgraphfin_full10_chunks/DOWNLOAD_ME_RB41_DGRAPHFIN_TEMPORAL_SHIFT_STRESS_SEEDS_3_4_DUALGPU_V24__seed_3.zip,json/RB41__early_to_late_transfer__strict_inductive__gcn__none/dgraphfin__strict_inductive__gcn__seed3.json,4164,4057234386,89828a93db6fd6765490a534889c6580ddea76e439b22a739ef4dc3cb0384ab2,0.0103,0.0094,0.4713,0.0,0.0,0.066,0.0056,112.567,one of three metric-identical label copies retained; stress labels were not passed to harness
dgraphfin,strict_inductive,gcn,4,none,deduplicated_v24_rerun_contract,RB41,RB41__early_to_late_transfer__strict_inductive__gcn__none,64,2,RB41_DGRAPHFIN_TEMPORAL_SHIFT_STRESS_SEEDS_3_4_DUALGPU_V24,kaggleoutputs/v24/rb41_dgraphfin_full10_chunks/DOWNLOAD_ME_RB41_DGRAPHFIN_TEMPORAL_SHIFT_STRESS_SEEDS_3_4_DUALGPU_V24__seed_4.zip,json/RB41__early_to_late_transfer__strict_inductive__gcn__none/dgraphfin__strict_inductive__gcn__seed4.json,4185,1193144326,b14ee03084ada158a011facbd0bacdb26cc48961bdb461a779dfd590cf34ae40,0.0262,0.0142,0.6159,0.0107,0.0117,0.8148,0.0133,109.215,one of three metric-identical label copies retained; stress labels were not passed to harness
dgraphfin,strict_inductive,gcn,5,none,deduplicated_v24_rerun_contract,RB41,RB41__early_to_late_transfer__strict_inductive__gcn__none,64,2,RB41_DGRAPHFIN_TEMPORAL_SHIFT_STRESS_SEEDS_5_6_DUALGPU_V24,kaggleoutputs/v24/rb41_dgraphfin_full10_chunks/DOWNLOAD_ME_RB41_DGRAPHFIN_TEMPORAL_SHIFT_STRESS_SEEDS_5_6_DUALGPU_V24__seed_5.zip,json/RB41__early_to_late_transfer__strict_inductive__gcn__none/dgraphfin__strict_inductive__gcn__seed5.json,4172,1369472528,5173d308106242b709d586443492b3cbf2bbfb5345645fd961ad9c13fced02a3,0.0,0.0103,0.4868,0.0043,0.0047,0.0,0.0,105.691,one of three metric-identical label copies retained; stress labels were not passed to harness
dgraphfin,strict_inductive,gcn,6,none,deduplicated_v24_rerun_contract,RB41,RB41__early_to_late_transfer__strict_inductive__gcn__none,64,2,RB41_DGRAPHFIN_TEMPORAL_SHIFT_STRESS_SEEDS_5_6_DUALGPU_V24,kaggleoutputs/v24/rb41_dgraphfin_full10_chunks/DOWNLOAD_ME_RB41_DGRAPHFIN_TEMPORAL_SHIFT_STRESS_SEEDS_5_6_DUALGPU_V24__seed_6.zip,json/RB41__early_to_late_transfer__strict_inductive__gcn__none/dgraphfin__strict_inductive__gcn__seed6.json,4181,3477225507,ae72518c9435da7ea80d04f05ebd387b3dcc6687620aaf76f1e105f8437499e0,0.0188,0.0087,0.4275,0.0011,0.0012,0.4697,0.0096,106.036,one of three metric-identical label copies retained; stress labels were not passed to harness
dgraphfin,strict_inductive,gcn,7,none,deduplicated_v24_rerun_contract,RB41,RB41__early_to_late_transfer__strict_inductive__gcn__none,64,2,RB41_DGRAPHFIN_TEMPORAL_SHIFT_STRESS_SEEDS_7_8_DUALGPU_V24,kaggleoutputs/v24/rb41_dgraphfin_full10_chunks/DOWNLOAD_ME_RB41_DGRAPHFIN_TEMPORAL_SHIFT_STRESS_SEEDS_7_8_DUALGPU_V24__seed_7.zip,json/RB41__early_to_late_transfer__strict_inductive__gcn__none/dgraphfin__strict_inductive__gcn__seed7.json,4181,3111263726,3eccd7336f79a4bf5db6324dc079e3bd042c8b0b469cc55ebdf44063f08b5933,0.0266,0.0121,0.5698,0.0059,0.0065,0.5974,0.0136,110.099,one of three metric-identical label copies retained; stress labels were not passed to harness
dgraphfin,strict_inductive,gcn,8,none,deduplicated_v24_rerun_contract,RB41,RB41__early_to_late_transfer__strict_inductive__gcn__none,64,2,RB41_DGRAPHFIN_TEMPORAL_SHIFT_STRESS_SEEDS_7_8_DUALGPU_V24,kaggleoutputs/v24/rb41_dgraphfin_full10_chunks/DOWNLOAD_ME_RB41_DGRAPHFIN_TEMPORAL_SHIFT_STRESS_SEEDS_7_8_DUALGPU_V24__seed_8.zip,json/RB41__early_to_late_transfer__strict_inductive__gcn__none/dgraphfin__strict_inductive__gcn__seed8.json,4181,793663285,37f08a45f8b6f37faa3bee167fdc8d2e46e43994a4d607575f5d12b6cb320013,0.0148,0.0101,0.4866,0.0011,0.0012,0.1267,0.0079,108.886,one of three metric-identical label copies retained; stress labels were not passed to harness
dgraphfin,strict_inductive,gcn,9,none,deduplicated_v24_rerun_contract,RB41,RB41__early_to_late_transfer__strict_inductive__gcn__none,64,2,RB41_DGRAPHFIN_TEMPORAL_SHIFT_STRESS_SEEDS_9_10_DUALGPU_V24,kaggleoutputs/v24/rb41_dgraphfin_full10_chunks/DOWNLOAD_ME_RB41_DGRAPHFIN_TEMPORAL_SHIFT_STRESS_SEEDS_9_10_DUALGPU_V24__seed_9.zip,json/RB41__early_to_late_transfer__strict_inductive__gcn__none/dgraphfin__strict_inductive__gcn__seed9.json,4181,1843818984,c36b1e1ef6b6ef68aa162a5d4f2f0d778e635427212f5406b7a28626f64d9cce,0.0364,0.0146,0.6024,0.0059,0.0065,0.4648,0.0189,108.605,one of three metric-identical label copies retained; stress labels were not passed to harness
dgraphfin,strict_inductive,gcn,10,none,deduplicated_v24_rerun_contract,RB41,RB41__early_to_late_transfer__strict_inductive__gcn__none,64,2,RB41_DGRAPHFIN_TEMPORAL_SHIFT_STRESS_SEEDS_9_10_DUALGPU_V24,kaggleoutputs/v24/rb41_dgraphfin_full10_chunks/DOWNLOAD_ME_RB41_DGRAPHFIN_TEMPORAL_SHIFT_STRESS_SEEDS_9_10_DUALGPU_V24__seed_10.zip,json/RB41__early_to_late_transfer__strict_inductive__gcn__none/dgraphfin__strict_inductive__gcn__seed10.json,4197,3702155433,f35bd519fad0b72d72333da51d5fe5e2deb49c3b0cb2db25ed0d57713a9daddf,0.0258,0.0145,0.5735,0.0258,0.0282,0.5647,0.0132,109.307,one of three metric-identical label copies retained; stress labels were not passed to harness
dgraphfin,strict_inductive,mlp,1,none,deduplicated_v24_rerun_contract,RB41,RB41__early_to_late_transfer__strict_inductive__mlp__none,64,2,RB41_DGRAPHFIN_TEMPORAL_SHIFT_STRESS_SEEDS_1_2_DUALGPU_V24,kaggleoutputs/v24/rb41_dgraphfin_full10_chunks/DOWNLOAD_ME_RB41_DGRAPHFIN_TEMPORAL_SHIFT_STRESS_SEEDS_1_2_DUALGPU_V24__seed_1.zip,json/RB41__early_to_late_transfer__strict_inductive__mlp__none/dgraphfin__strict_inductive__mlp__seed1.json,4173,663108182,12adb5c43ff9b580ea2516bd72bfc28b37f053df412e99e65d37212396f0efff,0.0,0.0083,0.3703,0.0064,0.007,0.0,0.0,24.713,one of three metric-identical label copies retained; stress labels were not passed to harness
dgraphfin,strict_inductive,mlp,2,none,deduplicated_v24_rerun_contract,RB41,RB41__early_to_late_transfer__strict_inductive__mlp__none,64,2,RB41_DGRAPHFIN_TEMPORAL_SHIFT_STRESS_SEEDS_1_2_DUALGPU_V24,kaggleoutputs/v24/rb41_dgraphfin_full10_chunks/DOWNLOAD_ME_RB41_DGRAPHFIN_TEMPORAL_SHIFT_STRESS_SEEDS_1_2_DUALGPU_V24__seed_2.zip,json/RB41__early_to_late_transfer__strict_inductive__mlp__none/dgraphfin__strict_inductive__mlp__seed2.json,4183,201798780,2e37ba43ff9db68750b292a0b4af12850d75d882e171a6217f58a72ccef8bdb9,0.0483,0.0229,0.7112,0.0338,0.037,0.3591,0.0259,24.419,one of three metric-identical label copies retained; stress labels were not passed to harness
dgraphfin,strict_inductive,mlp,3,none,deduplicated_v24_rerun_contract,RB41,RB41__early_to_late_transfer__strict_inductive__mlp__none,64,2,RB41_DGRAPHFIN_TEMPORAL_SHIFT_STRESS_SEEDS_3_4_DUALGPU_V24,kaggleoutputs/v24/rb41_dgraphfin_full10_chunks/DOWNLOAD_ME_RB41_DGRAPHFIN_TEMPORAL_SHIFT_STRESS_SEEDS_3_4_DUALGPU_V24__seed_3.zip,json/RB41__early_to_late_transfer__strict_inductive__mlp__none/dgraphfin__strict_inductive__mlp__seed3.json,4184,4185806837,6af679377caa2468134d2e852d2c4b7f18ccd5598659ca27cc7b1bbca817261d,0.0109,0.0105,0.4987,0.0123,0.0135,0.0789,0.0058,24.948,one of three metric-identical label copies retained; stress labels were not passed to harness
dgraphfin,strict_inductive,mlp,4,none,deduplicated_v24_rerun_contract,RB41,RB41__early_to_late_transfer__strict_inductive__mlp__none,64,2,RB41_DGRAPHFIN_TEMPORAL_SHIFT_STRESS_SEEDS_3_4_DUALGPU_V24,kaggleoutputs/v24/rb41_dgraphfin_full10_chunks/DOWNLOAD_ME_RB41_DGRAPHFIN_TEMPORAL_SHIFT_STRESS_SEEDS_3_4_DUALGPU_V24__seed_4.zip,json/RB41__early_to_late_transfer__strict_inductive__mlp__none/dgraphfin__strict_inductive__mlp__seed4.json,4179,3256206737,d9d7219f6af014bc85de607de8a04cb3df1178db6505d49ed5ddd5741dfc9619,0.0311,0.0177,0.649,0.0193,0.0211,0.0837,0.0191,24.693,one of three metric-identical label copies retained; stress labels were not passed to harness
dgraphfin,strict_inductive,mlp,5,none,deduplicated_v24_rerun_contract,RB41,RB41__early_to_late_transfer__strict_inductive__mlp__none,64,2,RB41_DGRAPHFIN_TEMPORAL_SHIFT_STRESS_SEEDS_5_6_DUALGPU_V24,kaggleoutputs/v24/rb41_dgraphfin_full10_chunks/DOWNLOAD_ME_RB41_DGRAPHFIN_TEMPORAL_SHIFT_STRESS_SEEDS_5_6_DUALGPU_V24__seed_5.zip,json/RB41__early_to_late_transfer__strict_inductive__mlp__none/dgraphfin__strict_inductive__mlp__seed5.json,4169,60264915,08900c4b7e31ba742a166c1fb3823671deba0d71a686d172ce3a73db8fffce85,0.003,0.0074,0.3168,0.0005,0.0006,0.0091,0.0018,24.098,one of three metric-identical label copies retained; stress labels were not passed to harness
dgraphfin,strict_inductive,mlp,6,none,deduplicated_v24_rerun_contract,RB41,RB41__early_to_late_transfer__strict_inductive__mlp__none,64,2,RB41_DGRAPHFIN_TEMPORAL_SHIFT_STRESS_SEEDS_5_6_DUALGPU_V24,kaggleoutputs/v24/rb41_dgraphfin_full10_chunks/DOWNLOAD_ME_RB41_DGRAPHFIN_TEMPORAL_SHIFT_STRESS_SEEDS_5_6_DUALGPU_V24__seed_6.zip,json/RB41__early_to_late_transfer__strict_inductive__mlp__none/dgraphfin__strict_inductive__mlp__seed6.json,4183,1175985878,8841789b110f0dfa1e411de39bf9dc2d5ec62c1ee62426e03d482317c4c2339a,0.0381,0.0176,0.667,0.0204,0.0223,0.6044,0.0197,24.281,one of three metric-identical label copies retained; stress labels were not passed to harness
dgraphfin,strict_inductive,mlp,7,none,deduplicated_v24_rerun_contract,RB41,RB41__early_to_late_transfer__strict_inductive__mlp__none,64,2,RB41_DGRAPHFIN_TEMPORAL_SHIFT_STRESS_SEEDS_7_8_DUALGPU_V24,kaggleoutputs/v24/rb41_dgraphfin_full10_chunks/DOWNLOAD_ME_RB41_DGRAPHFIN_TEMPORAL_SHIFT_STRESS_SEEDS_7_8_DUALGPU_V24__seed_7.zip,json/RB41__early_to_late_transfer__strict_inductive__mlp__none/dgraphfin__strict_inductive__mlp__seed7.json,4178,1359541858,343d00ffe80697d7685799399e5147489d54c5eb916d0cebf1d5b2f1a008a9d0,0.0474,0.022,0.7075,0.0279,0.0305,0.256,0.0261,24.712,one of three metric-identical label copies retained; stress labels were not passed to harness
dgraphfin,strict_inductive,mlp,8,none,deduplicated_v24_rerun_contract,RB41,RB41__early_to_late_transfer__strict_inductive__mlp__none,64,2,RB41_DGRAPHFIN_TEMPORAL_SHIFT_STRESS_SEEDS_7_8_DUALGPU_V24,kaggleoutputs/v24/rb41_dgraphfin_full10_chunks/DOWNLOAD_ME_RB41_DGRAPHFIN_TEMPORAL_SHIFT_STRESS_SEEDS_7_8_DUALGPU_V24__seed_8.zip,json/RB41__early_to_late_transfer__strict_inductive__mlp__none/dgraphfin__strict_inductive__mlp__seed8.json,4177,2941749218,c1e473f9e95e43bf5d5c3d56fb16e568f94ea7f5270efa9181c6b82db9a8c995,0.04,0.0182,0.6908,0.0199,0.0217,0.6119,0.0207,24.497,one of three metric-identical label copies retained; stress labels were not passed to harness
dgraphfin,strict_inductive,mlp,9,none,deduplicated_v24_rerun_contract,RB41,RB41__early_to_late_transfer__strict_inductive__mlp__none,64,2,RB41_DGRAPHFIN_TEMPORAL_SHIFT_STRESS_SEEDS_9_10_DUALGPU_V24,kaggleoutputs/v24/rb41_dgraphfin_full10_chunks/DOWNLOAD_ME_RB41_DGRAPHFIN_TEMPORAL_SHIFT_STRESS_SEEDS_9_10_DUALGPU_V24__seed_9.zip,json/RB41__early_to_late_transfer__strict_inductive__mlp__none/dgraphfin__strict_inductive__mlp__seed9.json,4175,1726516133,a403d2fa6fc4c77c351047fef71a199ef933821faea8785167511555055c84c3,0.0081,0.0075,0.3121,0.0021,0.0023,0.0692,0.0043,24.656,one of three metric-identical label copies retained; stress labels were not passed to harness
dgraphfin,strict_inductive,mlp,10,none,deduplicated_v24_rerun_contract,RB41,RB41__early_to_late_transfer__strict_inductive__mlp__none,64,2,RB41_DGRAPHFIN_TEMPORAL_SHIFT_STRESS_SEEDS_9_10_DUALGPU_V24,kaggleoutputs/v24/rb41_dgraphfin_full10_chunks/DOWNLOAD_ME_RB41_DGRAPHFIN_TEMPORAL_SHIFT_STRESS_SEEDS_9_10_DUALGPU_V24__seed_10.zip,json/RB41__early_to_late_transfer__strict_inductive__mlp__none/dgraphfin__strict_inductive__mlp__seed10.json,4191,4114918545,720ad1a678f886447aeea071bbc5484d5e24e986b437094bbbb400dd2da79535,0.0089,0.0077,0.332,0.0043,0.0047,0.1031,0.0047,24.791,one of three metric-identical label copies retained; stress labels were not passed to harness
dgraphfin,strict_inductive,sage,1,none,deduplicated_v24_rerun_contract,RB41,RB41__early_to_late_transfer__strict_inductive__graphsage__none,64,2,RB41_DGRAPHFIN_TEMPORAL_SHIFT_STRESS_SEEDS_1_2_DUALGPU_V24,kaggleoutputs/v24/rb41_dgraphfin_full10_chunks/DOWNLOAD_ME_RB41_DGRAPHFIN_TEMPORAL_SHIFT_STRESS_SEEDS_1_2_DUALGPU_V24__seed_1.zip,json/RB41__early_to_late_transfer__strict_inductive__graphsage__none/dgraphfin__strict_inductive__sage__seed1.json,4221,2890500005,6a24437f069a4d99ec34bb8d746897fa8c13f4e1794aa9a59ba7edbc57f60413,0.0577,0.0279,0.7329,0.0392,0.0429,0.2421,0.0328,127.461,one of three metric-identical label copies retained; stress labels were not passed to harness
dgraphfin,strict_inductive,sage,2,none,deduplicated_v24_rerun_contract,RB41,RB41__early_to_late_transfer__strict_inductive__graphsage__none,64,2,RB41_DGRAPHFIN_TEMPORAL_SHIFT_STRESS_SEEDS_1_2_DUALGPU_V24,kaggleoutputs/v24/rb41_dgraphfin_full10_chunks/DOWNLOAD_ME_RB41_DGRAPHFIN_TEMPORAL_SHIFT_STRESS_SEEDS_1_2_DUALGPU_V24__seed_2.zip,json/RB41__early_to_late_transfer__strict_inductive__graphsage__none/dgraphfin__strict_inductive__sage__seed2.json,4221,524564502,0f1d76504a0a4b278bbea1acd6d7aeda14e8cfee1caf11ce827cfa4bbe6037e9,0.0608,0.0259,0.7238,0.0311,0.0341,0.1567,0.0377,124.092,one of three metric-identical label copies retained; stress labels were not passed to harness
dgraphfin,strict_inductive,sage,3,none,deduplicated_v24_rerun_contract,RB41,RB41__early_to_late_transfer__strict_inductive__graphsage__none,64,2,RB41_DGRAPHFIN_TEMPORAL_SHIFT_STRESS_SEEDS_3_4_DUALGPU_V24,kaggleoutputs/v24/rb41_dgraphfin_full10_chunks/DOWNLOAD_ME_RB41_DGRAPHFIN_TEMPORAL_SHIFT_STRESS_SEEDS_3_4_DUALGPU_V24__seed_3.zip,json/RB41__early_to_late_transfer__strict_inductive__graphsage__none/dgraphfin__strict_inductive__sage__seed3.json,4219,256535448,7968e76f743497d701bf8b06488aeea69f64daba7c8cf0194d1097a03a7de6cd,0.057,0.0279,0.7332,0.0392,0.0429,0.241,0.0323,134.847,one of three metric-identical label copies retained; stress labels were not passed to harness
dgraphfin,strict_inductive,sage,4,none,deduplicated_v24_rerun_contract,RB41,RB41__early_to_late_transfer__strict_inductive__graphsage__none,64,2,RB41_DGRAPHFIN_TEMPORAL_SHIFT_STRESS_SEEDS_3_4_DUALGPU_V24,kaggleoutputs/v24/rb41_dgraphfin_full10_chunks/DOWNLOAD_ME_RB41_DGRAPHFIN_TEMPORAL_SHIFT_STRESS_SEEDS_3_4_DUALGPU_V24__seed_4.zip,json/RB41__early_to_late_transfer__strict_inductive__graphsage__none/dgraphfin__strict_inductive__sage__seed4.json,4216,520773045,e6d65df0fa58b06c629a47a054bf509ff31d0e5091755cd13a8eb95b1c61207a,0.0456,0.0229,0.7291,0.022,0.0241,0.3151,0.0246,126.736,one of three metric-identical label copies retained; stress labels were not passed to harness
dgraphfin,strict_inductive,sage,5,none,deduplicated_v24_rerun_contract,RB41,RB41__early_to_late_transfer__strict_inductive__graphsage__none,64,2,RB41_DGRAPHFIN_TEMPORAL_SHIFT_STRESS_SEEDS_5_6_DUALGPU_V24,kaggleoutputs/v24/rb41_dgraphfin_full10_chunks/DOWNLOAD_ME_RB41_DGRAPHFIN_TEMPORAL_SHIFT_STRESS_SEEDS_5_6_DUALGPU_V24__seed_5.zip,json/RB41__early_to_late_transfer__strict_inductive__graphsage__none/dgraphfin__strict_inductive__sage__seed5.json,4216,218178112,42f469eb9957d526f69bf955eca6ba24bb50a4e681dd8ac0cf085d4a2a5c87b2,0.0494,0.0237,0.7292,0.0231,0.0252,0.4922,0.026,120.447,one of three metric-identical label copies retained; stress labels were not passed to harness
dgraphfin,strict_inductive,sage,6,none,deduplicated_v24_rerun_contract,RB41,RB41__early_to_late_transfer__strict_inductive__graphsage__none,64,2,RB41_DGRAPHFIN_TEMPORAL_SHIFT_STRESS_SEEDS_5_6_DUALGPU_V24,kaggleoutputs/v24/rb41_dgraphfin_full10_chunks/DOWNLOAD_ME_RB41_DGRAPHFIN_TEMPORAL_SHIFT_STRESS_SEEDS_5_6_DUALGPU_V24__seed_6.zip,json/RB41__early_to_late_transfer__strict_inductive__graphsage__none/dgraphfin__strict_inductive__sage__seed6.json,4221,2407041390,c9c498daba73e3f3b61a28d7868eff305d848e3c79e1bbd4617075b5a6484de8,0.0536,0.024,0.7262,0.0301,0.0329,0.4348,0.0286,121.132,one of three metric-identical label copies retained; stress labels were not passed to harness
dgraphfin,strict_inductive,sage,7,none,deduplicated_v24_rerun_contract,RB41,RB41__early_to_late_transfer__strict_inductive__graphsage__none,64,2,RB41_DGRAPHFIN_TEMPORAL_SHIFT_STRESS_SEEDS_7_8_DUALGPU_V24,kaggleoutputs/v24/rb41_dgraphfin_full10_chunks/DOWNLOAD_ME_RB41_DGRAPHFIN_TEMPORAL_SHIFT_STRESS_SEEDS_7_8_DUALGPU_V24__seed_7.zip,json/RB41__early_to_late_transfer__strict_inductive__graphsage__none/dgraphfin__strict_inductive__sage__seed7.json,4218,1721482773,eb546d3be7f281508241885cebe1ee7f1ad230e3471e52457546efbfdfe98179,0.0486,0.0205,0.7187,0.0145,0.0159,0.4933,0.0255,128.551,one of three metric-identical label copies retained; stress labels were not passed to harness
dgraphfin,strict_inductive,sage,8,none,deduplicated_v24_rerun_contract,RB41,RB41__early_to_late_transfer__strict_inductive__graphsage__none,64,2,RB41_DGRAPHFIN_TEMPORAL_SHIFT_STRESS_SEEDS_7_8_DUALGPU_V24,kaggleoutputs/v24/rb41_dgraphfin_full10_chunks/DOWNLOAD_ME_RB41_DGRAPHFIN_TEMPORAL_SHIFT_STRESS_SEEDS_7_8_DUALGPU_V24__seed_8.zip,json/RB41__early_to_late_transfer__strict_inductive__graphsage__none/dgraphfin__strict_inductive__sage__seed8.json,4209,955504168,0d6f55ee618b32e8b9f8f5c34d6e682be84c20e193be15f86024812a07d3bdd1,0.0,0.0074,0.3271,0.0027,0.0029,0.0,0.0,129.399,one of three metric-identical label copies retained; stress labels were not passed to harness
dgraphfin,strict_inductive,sage,9,none,deduplicated_v24_rerun_contract,RB41,RB41__early_to_late_transfer__strict_inductive__graphsage__none,64,2,RB41_DGRAPHFIN_TEMPORAL_SHIFT_STRESS_SEEDS_9_10_DUALGPU_V24,kaggleoutputs/v24/rb41_dgraphfin_full10_chunks/DOWNLOAD_ME_RB41_DGRAPHFIN_TEMPORAL_SHIFT_STRESS_SEEDS_9_10_DUALGPU_V24__seed_9.zip,json/RB41__early_to_late_transfer__strict_inductive__graphsage__none/dgraphfin__strict_inductive__sage__seed9.json,4223,1084033502,92c0a86a509477a4319a9d4ddc748e9ebb1e7d3b247fb5aaa242a634e59034f1,0.0566,0.023,0.7204,0.0263,0.0288,0.197,0.033,125.48,one of three metric-identical label copies retained; stress labels were not passed to harness
dgraphfin,strict_inductive,sage,10,none,deduplicated_v24_rerun_contract,RB41,RB41__early_to_late_transfer__strict_inductive__graphsage__none,64,2,RB41_DGRAPHFIN_TEMPORAL_SHIFT_STRESS_SEEDS_9_10_DUALGPU_V24,kaggleoutputs/v24/rb41_dgraphfin_full10_chunks/DOWNLOAD_ME_RB41_DGRAPHFIN_TEMPORAL_SHIFT_STRESS_SEEDS_9_10_DUALGPU_V24__seed_10.zip,json/RB41__early_to_late_transfer__strict_inductive__graphsage__none/dgraphfin__strict_inductive__sage__seed10.json,4234,553533134,ee9350b096a30b0d59f362e2d70c24b8b12d9a74bbe0ce42278b6e1b75ffdf7d,0.0471,0.0238,0.7282,0.0215,0.0235,0.5309,0.0246,126.685,one of three metric-identical label copies retained; stress labels were not passed to harness
elliptic,inductive_isolated,gcn,1,none,deduplicated_v24_rerun_contract,RB41,RB41__early_to_late_transfer__inductive_isolated__gcn__none,128,2,RB41_ELLIPTIC_TEMPORAL_SHIFT_STRESS_FULL10_SEEDS_1_10_V24,kaggleoutputs/v24/rb41_elliptic_full10/DOWNLOAD_ME_RB41_ELLIPTIC_TEMPORAL_SHIFT_STRESS_FULL10_SEEDS_1_10_V24.zip,json/RB41__early_to_late_transfer__inductive_isolated__gcn__none/elliptic__inductive_isolated__gcn__seed1.json,4190,885747882,9d830a8752375f64df96960fcc1319783c8269995e2a6cc4f6bc9dabb8a489d3,0.5042,0.5422,0.8632,0.1496,0.9701,0.5282,0.4823,10.601,one of three metric-identical label copies retained; stress labels were not passed to harness
elliptic,inductive_isolated,gcn,2,none,deduplicated_v24_rerun_contract,RB41,RB41__early_to_late_transfer__inductive_isolated__gcn__none,128,2,RB41_ELLIPTIC_TEMPORAL_SHIFT_STRESS_FULL10_SEEDS_1_10_V24,kaggleoutputs/v24/rb41_elliptic_full10/DOWNLOAD_ME_RB41_ELLIPTIC_TEMPORAL_SHIFT_STRESS_FULL10_SEEDS_1_10_V24.zip,json/RB41__early_to_late_transfer__inductive_isolated__gcn__none/elliptic__inductive_isolated__gcn__seed2.json,4190,3498810905,a503091cae92f33cda0e5098d8270d3e9431dbae99b4aa5dfd15e42f4bb53920,0.4713,0.5224,0.8588,0.145,0.9401,0.5531,0.4106,10.635,one of three metric-identical label copies retained; stress labels were not passed to harness
elliptic,inductive_isolated,gcn,3,none,deduplicated_v24_rerun_contract,RB41,RB41__early_to_late_transfer__inductive_isolated__gcn__none,128,2,RB41_ELLIPTIC_TEMPORAL_SHIFT_STRESS_FULL10_SEEDS_1_10_V24,kaggleoutputs/v24/rb41_elliptic_full10/DOWNLOAD_ME_RB41_ELLIPTIC_TEMPORAL_SHIFT_STRESS_FULL10_SEEDS_1_10_V24.zip,json/RB41__early_to_late_transfer__inductive_isolated__gcn__none/elliptic__inductive_isolated__gcn__seed3.json,4190,3234303485,20b23115803e259ad82bfd2380dfb8dd82b8d1fa126ed283cf44942f6fc0b9ef,0.4599,0.5255,0.8544,0.1496,0.9701,0.5291,0.4067,10.839,one of three metric-identical label copies retained; stress labels were not passed to harness
elliptic,inductive_isolated,gcn,4,none,deduplicated_v24_rerun_contract,RB41,RB41__early_to_late_transfer__inductive_isolated__gcn__none,128,2,RB41_ELLIPTIC_TEMPORAL_SHIFT_STRESS_FULL10_SEEDS_1_10_V24,kaggleoutputs/v24/rb41_elliptic_full10/DOWNLOAD_ME_RB41_ELLIPTIC_TEMPORAL_SHIFT_STRESS_FULL10_SEEDS_1_10_V24.zip,json/RB41__early_to_late_transfer__inductive_isolated__gcn__none/elliptic__inductive_isolated__gcn__seed4.json,4189,1577282720,53581e1644ab7443a6c4c4f68d052c1d9046cda2dceec058976ee847dc22708a,0.4434,0.5488,0.8568,0.144,0.9341,0.5734,0.3615,10.741,one of three metric-identical label copies retained; stress labels were not passed to harness
elliptic,inductive_isolated,gcn,5,none,deduplicated_v24_rerun_contract,RB41,RB41__early_to_late_transfer__inductive_isolated__gcn__none,128,2,RB41_ELLIPTIC_TEMPORAL_SHIFT_STRESS_FULL10_SEEDS_1_10_V24,kaggleoutputs/v24/rb41_elliptic_full10/DOWNLOAD_ME_RB41_ELLIPTIC_TEMPORAL_SHIFT_STRESS_FULL10_SEEDS_1_10_V24.zip,json/RB41__early_to_late_transfer__inductive_isolated__gcn__none/elliptic__inductive_isolated__gcn__seed5.json,4189,3690553683,89fc55e1e0d5585e20bc44d5be353efff9c21f45e3454d6290c0a8f41fc688c9,0.4663,0.5512,0.8562,0.1505,0.976,0.5309,0.4158,10.861,one of three metric-identical label copies retained; stress labels were not passed to harness
elliptic,inductive_isolated,gcn,6,none,deduplicated_v24_rerun_contract,RB41,RB41__early_to_late_transfer__inductive_isolated__gcn__none,128,2,RB41_ELLIPTIC_TEMPORAL_SHIFT_STRESS_FULL10_SEEDS_1_10_V24,kaggleoutputs/v24/rb41_elliptic_full10/DOWNLOAD_ME_RB41_ELLIPTIC_TEMPORAL_SHIFT_STRESS_FULL10_SEEDS_1_10_V24.zip,json/RB41__early_to_late_transfer__inductive_isolated__gcn__none/elliptic__inductive_isolated__gcn__seed6.json,4191,2807044194,a73767eb680793737ee2b44eb3844f7368ac5e8523ea76b3841dcd2a6e8071a6,0.4521,0.5036,0.8517,0.1496,0.9701,0.5402,0.3887,10.713,one of three metric-identical label copies retained; stress labels were not passed to harness
elliptic,inductive_isolated,gcn,7,none,deduplicated_v24_rerun_contract,RB41,RB41__early_to_late_transfer__inductive_isolated__gcn__none,128,2,RB41_ELLIPTIC_TEMPORAL_SHIFT_STRESS_FULL10_SEEDS_1_10_V24,kaggleoutputs/v24/rb41_elliptic_full10/DOWNLOAD_ME_RB41_ELLIPTIC_TEMPORAL_SHIFT_STRESS_FULL10_SEEDS_1_10_V24.zip,json/RB41__early_to_late_transfer__inductive_isolated__gcn__none/elliptic__inductive_isolated__gcn__seed7.json,4189,1474755362,bb12544988392e9bfc7cc23ce516d42ac3efff4400d3272b007bc6e4899f39e1,0.483,0.5385,0.8607,0.1496,0.9701,0.5439,0.4344,10.851,one of three metric-identical label copies retained; stress labels were not passed to harness
elliptic,inductive_isolated,gcn,8,none,deduplicated_v24_rerun_contract,RB41,RB41__early_to_late_transfer__inductive_isolated__gcn__none,128,2,RB41_ELLIPTIC_TEMPORAL_SHIFT_STRESS_FULL10_SEEDS_1_10_V24,kaggleoutputs/v24/rb41_elliptic_full10/DOWNLOAD_ME_RB41_ELLIPTIC_TEMPORAL_SHIFT_STRESS_FULL10_SEEDS_1_10_V24.zip,json/RB41__early_to_late_transfer__inductive_isolated__gcn__none/elliptic__inductive_isolated__gcn__seed8.json,4191,1810360568,fa86e98b75d521330e20d861d78a916f3f976ee5b4660cc59a8fa6a6d7bca699,0.4679,0.5275,0.8556,0.1477,0.9581,0.5291,0.4195,10.722,one of three metric-identical label copies retained; stress labels were not passed to harness
elliptic,inductive_isolated,gcn,9,none,deduplicated_v24_rerun_contract,RB41,RB41__early_to_late_transfer__inductive_isolated__gcn__none,128,2,RB41_ELLIPTIC_TEMPORAL_SHIFT_STRESS_FULL10_SEEDS_1_10_V24,kaggleoutputs/v24/rb41_elliptic_full10/DOWNLOAD_ME_RB41_ELLIPTIC_TEMPORAL_SHIFT_STRESS_FULL10_SEEDS_1_10_V24.zip,json/RB41__early_to_late_transfer__inductive_isolated__gcn__none/elliptic__inductive_isolated__gcn__seed9.json,4189,3904381666,3c66c2ed4032ee6272e62e6949d2067a6588b3057d5fcd928c5fa6334130ed75,0.4953,0.5625,0.8609,0.1496,0.9701,0.5586,0.4449,10.84,one of three metric-identical label copies retained; stress labels were not passed to harness
elliptic,inductive_isolated,gcn,10,none,deduplicated_v24_rerun_contract,RB41,RB41__early_to_late_transfer__inductive_isolated__gcn__none,128,2,RB41_ELLIPTIC_TEMPORAL_SHIFT_STRESS_FULL10_SEEDS_1_10_V24,kaggleoutputs/v24/rb41_elliptic_full10/DOWNLOAD_ME_RB41_ELLIPTIC_TEMPORAL_SHIFT_STRESS_FULL10_SEEDS_1_10_V24.zip,json/RB41__early_to_late_transfer__inductive_isolated__gcn__none/elliptic__inductive_isolated__gcn__seed10.json,4196,483566496,a94981046eb06c6cdf8db95cc9a1bc19a26e86edeff68de764212bccaa7af263,0.537,0.5951,0.8709,0.1496,0.9701,0.5633,0.513,10.732,one of three metric-identical label copies retained; stress labels were not passed to harness
elliptic,inductive_isolated,mlp,1,none,deduplicated_v24_rerun_contract,RB41,RB41__early_to_late_transfer__inductive_isolated__mlp__none,128,2,RB41_ELLIPTIC_TEMPORAL_SHIFT_STRESS_FULL10_SEEDS_1_10_V24,kaggleoutputs/v24/rb41_elliptic_full10/DOWNLOAD_ME_RB41_ELLIPTIC_TEMPORAL_SHIFT_STRESS_FULL10_SEEDS_1_10_V24.zip,json/RB41__early_to_late_transfer__inductive_isolated__mlp__none/elliptic__inductive_isolated__mlp__seed1.json,4188,561301590,52e6d9fa2a48e17b2011dad510718488a10c58862e17002e7e8d7c9dbedfe1e6,0.4026,0.5909,0.8815,0.1385,0.8982,0.6934,0.2836,2.98,one of three metric-identical label copies retained; stress labels were not passed to harness
elliptic,inductive_isolated,mlp,2,none,deduplicated_v24_rerun_contract,RB41,RB41__early_to_late_transfer__inductive_isolated__mlp__none,128,2,RB41_ELLIPTIC_TEMPORAL_SHIFT_STRESS_FULL10_SEEDS_1_10_V24,kaggleoutputs/v24/rb41_elliptic_full10/DOWNLOAD_ME_RB41_ELLIPTIC_TEMPORAL_SHIFT_STRESS_FULL10_SEEDS_1_10_V24.zip,json/RB41__early_to_late_transfer__inductive_isolated__mlp__none/elliptic__inductive_isolated__mlp__seed2.json,4186,1138692772,27f94dbaffbc0eac4b03e60d908a78d4575e25161da5cd7963b0f879ae37813f,0.3928,0.5901,0.881,0.1385,0.8982,0.7027,0.2726,2.931,one of three metric-identical label copies retained; stress labels were not passed to harness
elliptic,inductive_isolated,mlp,3,none,deduplicated_v24_rerun_contract,RB41,RB41__early_to_late_transfer__inductive_isolated__mlp__none,128,2,RB41_ELLIPTIC_TEMPORAL_SHIFT_STRESS_FULL10_SEEDS_1_10_V24,kaggleoutputs/v24/rb41_elliptic_full10/DOWNLOAD_ME_RB41_ELLIPTIC_TEMPORAL_SHIFT_STRESS_FULL10_SEEDS_1_10_V24.zip,json/RB41__early_to_late_transfer__inductive_isolated__mlp__none/elliptic__inductive_isolated__mlp__seed3.json,4190,3261735286,7e32e56cd85a277c93e29dfcd337dcb1c03bbb7c8ff024a7e948b6a5ac3f7d44,0.4036,0.5714,0.8736,0.1348,0.8743,0.6787,0.2872,3.042,one of three metric-identical label copies retained; stress labels were not passed to harness
elliptic,inductive_isolated,mlp,4,none,deduplicated_v24_rerun_contract,RB41,RB41__early_to_late_transfer__inductive_isolated__mlp__none,128,2,RB41_ELLIPTIC_TEMPORAL_SHIFT_STRESS_FULL10_SEEDS_1_10_V24,kaggleoutputs/v24/rb41_elliptic_full10/DOWNLOAD_ME_RB41_ELLIPTIC_TEMPORAL_SHIFT_STRESS_FULL10_SEEDS_1_10_V24.zip,json/RB41__early_to_late_transfer__inductive_isolated__mlp__none/elliptic__inductive_isolated__mlp__seed4.json,4186,3166402133,3ca738e750697dc2e566a20b196d6ecdc35d9671ca01c83a952dce19b0d0684f,0.3998,0.5908,0.877,0.144,0.9341,0.6842,0.2824,3.026,one of three metric-identical label copies retained; stress labels were not passed to harness
elliptic,inductive_isolated,mlp,5,none,deduplicated_v24_rerun_contract,RB41,RB41__early_to_late_transfer__inductive_isolated__mlp__none,128,2,RB41_ELLIPTIC_TEMPORAL_SHIFT_STRESS_FULL10_SEEDS_1_10_V24,kaggleoutputs/v24/rb41_elliptic_full10/DOWNLOAD_ME_RB41_ELLIPTIC_TEMPORAL_SHIFT_STRESS_FULL10_SEEDS_1_10_V24.zip,json/RB41__early_to_late_transfer__inductive_isolated__mlp__none/elliptic__inductive_isolated__mlp__seed5.json,4189,855145740,fdb8b90f5dc95fc23ebb08033aa48cc2e2897eeed16a0b83cbdb5839649a2e6e,0.4121,0.5885,0.8787,0.1376,0.8922,0.6768,0.2963,3.146,one of three metric-identical label copies retained; stress labels were not passed to harness
elliptic,inductive_isolated,mlp,6,none,deduplicated_v24_rerun_contract,RB41,RB41__early_to_late_transfer__inductive_isolated__mlp__none,128,2,RB41_ELLIPTIC_TEMPORAL_SHIFT_STRESS_FULL10_SEEDS_1_10_V24,kaggleoutputs/v24/rb41_elliptic_full10/DOWNLOAD_ME_RB41_ELLIPTIC_TEMPORAL_SHIFT_STRESS_FULL10_SEEDS_1_10_V24.zip,json/RB41__early_to_late_transfer__inductive_isolated__mlp__none/elliptic__inductive_isolated__mlp__seed6.json,4188,2381787787,8b411c8a0cbb535c348bbcf91ef6535046d70fe84e7f73dba37ae58e9500e984,0.4008,0.5826,0.8804,0.1385,0.8982,0.7045,0.2801,3.024,one of three metric-identical label copies retained; stress labels were not passed to harness
elliptic,inductive_isolated,mlp,7,none,deduplicated_v24_rerun_contract,RB41,RB41__early_to_late_transfer__inductive_isolated__mlp__none,128,2,RB41_ELLIPTIC_TEMPORAL_SHIFT_STRESS_FULL10_SEEDS_1_10_V24,kaggleoutputs/v24/rb41_elliptic_full10/DOWNLOAD_ME_RB41_ELLIPTIC_TEMPORAL_SHIFT_STRESS_FULL10_SEEDS_1_10_V24.zip,json/RB41__early_to_late_transfer__inductive_isolated__mlp__none/elliptic__inductive_isolated__mlp__seed7.json,4189,274508560,5efaac3073d9b0bce20f70b8b62bcc8592f616496b3b3c92864d0562034a781d,0.4018,0.5692,0.8749,0.133,0.8623,0.6833,0.2846,3.206,one of three metric-identical label copies retained; stress labels were not passed to harness
elliptic,inductive_isolated,mlp,8,none,deduplicated_v24_rerun_contract,RB41,RB41__early_to_late_transfer__inductive_isolated__mlp__none,128,2,RB41_ELLIPTIC_TEMPORAL_SHIFT_STRESS_FULL10_SEEDS_1_10_V24,kaggleoutputs/v24/rb41_elliptic_full10/DOWNLOAD_ME_RB41_ELLIPTIC_TEMPORAL_SHIFT_STRESS_FULL10_SEEDS_1_10_V24.zip,json/RB41__early_to_late_transfer__inductive_isolated__mlp__none/elliptic__inductive_isolated__mlp__seed8.json,4188,2090840737,b5b267187e7ea6ca686875984439217ed9e9544e8febdbe0b16c525179dfafd3,0.4379,0.5982,0.8791,0.1404,0.9102,0.6704,0.3251,3.054,one of three metric-identical label copies retained; stress labels were not passed to harness
elliptic,inductive_isolated,mlp,9,none,deduplicated_v24_rerun_contract,RB41,RB41__early_to_late_transfer__inductive_isolated__mlp__none,128,2,RB41_ELLIPTIC_TEMPORAL_SHIFT_STRESS_FULL10_SEEDS_1_10_V24,kaggleoutputs/v24/rb41_elliptic_full10/DOWNLOAD_ME_RB41_ELLIPTIC_TEMPORAL_SHIFT_STRESS_FULL10_SEEDS_1_10_V24.zip,json/RB41__early_to_late_transfer__inductive_isolated__mlp__none/elliptic__inductive_isolated__mlp__seed9.json,4186,702246393,b403025cd9cd5e055f000eeafa998a411ba336247a656cfa3944bbf68a9abd47,0.3971,0.577,0.8735,0.1413,0.9162,0.6824,0.28,3.059,one of three metric-identical label copies retained; stress labels were not passed to harness
elliptic,inductive_isolated,mlp,10,none,deduplicated_v24_rerun_contract,RB41,RB41__early_to_late_transfer__inductive_isolated__mlp__none,128,2,RB41_ELLIPTIC_TEMPORAL_SHIFT_STRESS_FULL10_SEEDS_1_10_V24,kaggleoutputs/v24/rb41_elliptic_full10/DOWNLOAD_ME_RB41_ELLIPTIC_TEMPORAL_SHIFT_STRESS_FULL10_SEEDS_1_10_V24.zip,json/RB41__early_to_late_transfer__inductive_isolated__mlp__none/elliptic__inductive_isolated__mlp__seed10.json,4197,1560719984,89e5efca0135a38a0df76981e1ecb35c492d55d0acb45754cad32bcb5c424b7a,0.4215,0.5898,0.8775,0.1367,0.8862,0.6796,0.3055,3.084,one of three metric-identical label copies retained; stress labels were not passed to harness
elliptic,inductive_isolated,sage,1,none,deduplicated_v24_rerun_contract,RB41,RB41__early_to_late_transfer__inductive_isolated__graphsage__none,128,2,RB41_ELLIPTIC_TEMPORAL_SHIFT_STRESS_FULL10_SEEDS_1_10_V24,kaggleoutputs/v24/rb41_elliptic_full10/DOWNLOAD_ME_RB41_ELLIPTIC_TEMPORAL_SHIFT_STRESS_FULL10_SEEDS_1_10_V24.zip,json/RB41__early_to_late_transfer__inductive_isolated__graphsage__none/elliptic__inductive_isolated__sage__seed1.json,4225,751473235,18be79e6f0e14cfa1d5329fecd6c5a629b510937297af1b9691f7945071a8acb,0.4578,0.5661,0.8874,0.133,0.8623,0.6768,0.3459,12.759,one of three metric-identical label copies retained; stress labels were not passed to harness
elliptic,inductive_isolated,sage,2,none,deduplicated_v24_rerun_contract,RB41,RB41__early_to_late_transfer__inductive_isolated__graphsage__none,128,2,RB41_ELLIPTIC_TEMPORAL_SHIFT_STRESS_FULL10_SEEDS_1_10_V24,kaggleoutputs/v24/rb41_elliptic_full10/DOWNLOAD_ME_RB41_ELLIPTIC_TEMPORAL_SHIFT_STRESS_FULL10_SEEDS_1_10_V24.zip,json/RB41__early_to_late_transfer__inductive_isolated__graphsage__none/elliptic__inductive_isolated__sage__seed2.json,4227,3570329119,326fedc3b1cae5b0e83de6a73d0ffc05e6377c6362ffaed7c69aefb7be5ca7e1,0.4602,0.4598,0.872,0.1034,0.6707,0.6159,0.3673,12.459,one of three metric-identical label copies retained; stress labels were not passed to harness
elliptic,inductive_isolated,sage,3,none,deduplicated_v24_rerun_contract,RB41,RB41__early_to_late_transfer__inductive_isolated__graphsage__none,128,2,RB41_ELLIPTIC_TEMPORAL_SHIFT_STRESS_FULL10_SEEDS_1_10_V24,kaggleoutputs/v24/rb41_elliptic_full10/DOWNLOAD_ME_RB41_ELLIPTIC_TEMPORAL_SHIFT_STRESS_FULL10_SEEDS_1_10_V24.zip,json/RB41__early_to_late_transfer__inductive_isolated__graphsage__none/elliptic__inductive_isolated__sage__seed3.json,4226,2140888746,c919683786d322f6a6a03a01207b10d0f7441f552f7ba9eb92e17ee9a051245b,0.459,0.5547,0.885,0.1413,0.9162,0.6334,0.3599,13.489,one of three metric-identical label copies retained; stress labels were not passed to harness
elliptic,inductive_isolated,sage,4,none,deduplicated_v24_rerun_contract,RB41,RB41__early_to_late_transfer__inductive_isolated__graphsage__none,128,2,RB41_ELLIPTIC_TEMPORAL_SHIFT_STRESS_FULL10_SEEDS_1_10_V24,kaggleoutputs/v24/rb41_elliptic_full10/DOWNLOAD_ME_RB41_ELLIPTIC_TEMPORAL_SHIFT_STRESS_FULL10_SEEDS_1_10_V24.zip,json/RB41__early_to_late_transfer__inductive_isolated__graphsage__none/elliptic__inductive_isolated__sage__seed4.json,4228,2017242411,c91ef7ccefa4565c735e0be4c802988f5d35ea6fd212a60f8583c58cc21a34e3,0.4836,0.4885,0.8751,0.1302,0.8443,0.6205,0.3962,12.914,one of three metric-identical label copies retained; stress labels were not passed to harness
elliptic,inductive_isolated,sage,5,none,deduplicated_v24_rerun_contract,RB41,RB41__early_to_late_transfer__inductive_isolated__graphsage__none,128,2,RB41_ELLIPTIC_TEMPORAL_SHIFT_STRESS_FULL10_SEEDS_1_10_V24,kaggleoutputs/v24/rb41_elliptic_full10/DOWNLOAD_ME_RB41_ELLIPTIC_TEMPORAL_SHIFT_STRESS_FULL10_SEEDS_1_10_V24.zip,json/RB41__early_to_late_transfer__inductive_isolated__graphsage__none/elliptic__inductive_isolated__sage__seed5.json,4227,2619120415,51c9ee17c49d1e0fcb9605f1f69c65f462fbdc665730a61b0b72582d1724575d,0.5008,0.4622,0.8652,0.1071,0.6946,0.6094,0.425,13.722,one of three metric-identical label copies retained; stress labels were not passed to harness
elliptic,inductive_isolated,sage,6,none,deduplicated_v24_rerun_contract,RB41,RB41__early_to_late_transfer__inductive_isolated__graphsage__none,128,2,RB41_ELLIPTIC_TEMPORAL_SHIFT_STRESS_FULL10_SEEDS_1_10_V24,kaggleoutputs/v24/rb41_elliptic_full10/DOWNLOAD_ME_RB41_ELLIPTIC_TEMPORAL_SHIFT_STRESS_FULL10_SEEDS_1_10_V24.zip,json/RB41__early_to_late_transfer__inductive_isolated__graphsage__none/elliptic__inductive_isolated__sage__seed6.json,4227,1855414086,f8419e21f2ebb5ee3331fef38f3928becfeabef5066fb1f6a849848cf124a79e,0.4808,0.4876,0.8649,0.1182,0.7665,0.6371,0.3861,12.67,one of three metric-identical label copies retained; stress labels were not passed to harness
elliptic,inductive_isolated,sage,7,none,deduplicated_v24_rerun_contract,RB41,RB41__early_to_late_transfer__inductive_isolated__graphsage__none,128,2,RB41_ELLIPTIC_TEMPORAL_SHIFT_STRESS_FULL10_SEEDS_1_10_V24,kaggleoutputs/v24/rb41_elliptic_full10/DOWNLOAD_ME_RB41_ELLIPTIC_TEMPORAL_SHIFT_STRESS_FULL10_SEEDS_1_10_V24.zip,json/RB41__early_to_late_transfer__inductive_isolated__graphsage__none/elliptic__inductive_isolated__sage__seed7.json,4228,1042584841,730b502561febf2ae9cde912296d46496fd38274e7011cd1cae97328e9b0ab47,0.4538,0.5063,0.8731,0.1293,0.8383,0.6547,0.3472,13.628,one of three metric-identical label copies retained; stress labels were not passed to harness
elliptic,inductive_isolated,sage,8,none,deduplicated_v24_rerun_contract,RB41,RB41__early_to_late_transfer__inductive_isolated__graphsage__none,128,2,RB41_ELLIPTIC_TEMPORAL_SHIFT_STRESS_FULL10_SEEDS_1_10_V24,kaggleoutputs/v24/rb41_elliptic_full10/DOWNLOAD_ME_RB41_ELLIPTIC_TEMPORAL_SHIFT_STRESS_FULL10_SEEDS_1_10_V24.zip,json/RB41__early_to_late_transfer__inductive_isolated__graphsage__none/elliptic__inductive_isolated__sage__seed8.json,4228,830376797,04013a4c91d6d45d082e68113a89e0e2ce640ed662395fab2dd79a77b34e03b9,0.4653,0.4697,0.8682,0.1173,0.7605,0.6223,0.3716,12.803,one of three metric-identical label copies retained; stress labels were not passed to harness
elliptic,inductive_isolated,sage,9,none,deduplicated_v24_rerun_contract,RB41,RB41__early_to_late_transfer__inductive_isolated__graphsage__none,128,2,RB41_ELLIPTIC_TEMPORAL_SHIFT_STRESS_FULL10_SEEDS_1_10_V24,kaggleoutputs/v24/rb41_elliptic_full10/DOWNLOAD_ME_RB41_ELLIPTIC_TEMPORAL_SHIFT_STRESS_FULL10_SEEDS_1_10_V24.zip,json/RB41__early_to_late_transfer__inductive_isolated__graphsage__none/elliptic__inductive_isolated__sage__seed9.json,4224,2109398563,3c94207d0211f9f805ae628999868301f0838f71e0abc7d38c8ea907e2fb4635,0.4614,0.51,0.8675,0.1293,0.8383,0.6371,0.3616,13.51,one of three metric-identical label copies retained; stress labels were not passed to harness
elliptic,inductive_isolated,sage,10,none,deduplicated_v24_rerun_contract,RB41,RB41__early_to_late_transfer__inductive_isolated__graphsage__none,128,2,RB41_ELLIPTIC_TEMPORAL_SHIFT_STRESS_FULL10_SEEDS_1_10_V24,kaggleoutputs/v24/rb41_elliptic_full10/DOWNLOAD_ME_RB41_ELLIPTIC_TEMPORAL_SHIFT_STRESS_FULL10_SEEDS_1_10_V24.zip,json/RB41__early_to_late_transfer__inductive_isolated__graphsage__none/elliptic__inductive_isolated__sage__seed10.json,4234,3034449855,d96716f33a25d5312345bacfc68d060191230edbe1072f9fc10f1b48b2bcd7f3,0.4766,0.4733,0.8721,0.132,0.8563,0.6066,0.3925,12.754,one of three metric-identical label copies retained; stress labels were not passed to harness
elliptic,strict_inductive,gcn,1,none,deduplicated_v24_rerun_contract,RB41,RB41__early_to_late_transfer__strict_inductive__gcn__none,128,2,RB41_ELLIPTIC_TEMPORAL_SHIFT_STRESS_FULL10_SEEDS_1_10_V24,kaggleoutputs/v24/rb41_elliptic_full10/DOWNLOAD_ME_RB41_ELLIPTIC_TEMPORAL_SHIFT_STRESS_FULL10_SEEDS_1_10_V24.zip,json/RB41__early_to_late_transfer__strict_inductive__gcn__none/elliptic__strict_inductive__gcn__seed1.json,4171,3198160484,4395121d09d0793e8bcf0a23501333b9442b1265f02a7fea9f1493aa7b9c39b2,0.4587,0.4223,0.8623,0.1154,0.7485,0.4792,0.4398,10.604,one of three metric-identical label copies retained; stress labels were not passed to harness
elliptic,strict_inductive,gcn,2,none,deduplicated_v24_rerun_contract,RB41,RB41__early_to_late_transfer__strict_inductive__gcn__none,128,2,RB41_ELLIPTIC_TEMPORAL_SHIFT_STRESS_FULL10_SEEDS_1_10_V24,kaggleoutputs/v24/rb41_elliptic_full10/DOWNLOAD_ME_RB41_ELLIPTIC_TEMPORAL_SHIFT_STRESS_FULL10_SEEDS_1_10_V24.zip,json/RB41__early_to_late_transfer__strict_inductive__gcn__none/elliptic__strict_inductive__gcn__seed2.json,4171,2014394219,fb91790f5f5fd1568a0aaf02e418f809b176c26167da1d873a7a53d90ec9b58c,0.4445,0.4176,0.8633,0.109,0.7066,0.5346,0.3804,10.572,one of three metric-identical label copies retained; stress labels were not passed to harness
elliptic,strict_inductive,gcn,3,none,deduplicated_v24_rerun_contract,RB41,RB41__early_to_late_transfer__strict_inductive__gcn__none,128,2,RB41_ELLIPTIC_TEMPORAL_SHIFT_STRESS_FULL10_SEEDS_1_10_V24,kaggleoutputs/v24/rb41_elliptic_full10/DOWNLOAD_ME_RB41_ELLIPTIC_TEMPORAL_SHIFT_STRESS_FULL10_SEEDS_1_10_V24.zip,json/RB41__early_to_late_transfer__strict_inductive__gcn__none/elliptic__strict_inductive__gcn__seed3.json,4172,3921475347,75369f2cb20c8969801ad4b9a8b640496d09a12089eb836f37f0d85dc3e489d2,0.4448,0.4163,0.8638,0.1127,0.7305,0.5152,0.3913,10.871,one of three metric-identical label copies retained; stress labels were not passed to harness
elliptic,strict_inductive,gcn,4,none,deduplicated_v24_rerun_contract,RB41,RB41__early_to_late_transfer__strict_inductive__gcn__none,128,2,RB41_ELLIPTIC_TEMPORAL_SHIFT_STRESS_FULL10_SEEDS_1_10_V24,kaggleoutputs/v24/rb41_elliptic_full10/DOWNLOAD_ME_RB41_ELLIPTIC_TEMPORAL_SHIFT_STRESS_FULL10_SEEDS_1_10_V24.zip,json/RB41__early_to_late_transfer__strict_inductive__gcn__none/elliptic__strict_inductive__gcn__seed4.json,4172,1985602488,acc02342921fb8a3d26becc46bac3a61bc811f81a7ea517eb97d6da2fc8ca44c,0.4225,0.4338,0.8603,0.1127,0.7305,0.5725,0.3348,10.728,one of three metric-identical label copies retained; stress labels were not passed to harness
elliptic,strict_inductive,gcn,5,none,deduplicated_v24_rerun_contract,RB41,RB41__early_to_late_transfer__strict_inductive__gcn__none,128,2,RB41_ELLIPTIC_TEMPORAL_SHIFT_STRESS_FULL10_SEEDS_1_10_V24,kaggleoutputs/v24/rb41_elliptic_full10/DOWNLOAD_ME_RB41_ELLIPTIC_TEMPORAL_SHIFT_STRESS_FULL10_SEEDS_1_10_V24.zip,json/RB41__early_to_late_transfer__strict_inductive__gcn__none/elliptic__strict_inductive__gcn__seed5.json,4171,1461955221,d65044092b432821a290f91eb3ff2336ab70d2fba3a27024426ee1f9f7a367b1,0.4255,0.4288,0.8572,0.132,0.8563,0.4894,0.3764,10.815,one of three metric-identical label copies retained; stress labels were not passed to harness
elliptic,strict_inductive,gcn,6,none,deduplicated_v24_rerun_contract,RB41,RB41__early_to_late_transfer__strict_inductive__gcn__none,128,2,RB41_ELLIPTIC_TEMPORAL_SHIFT_STRESS_FULL10_SEEDS_1_10_V24,kaggleoutputs/v24/rb41_elliptic_full10/DOWNLOAD_ME_RB41_ELLIPTIC_TEMPORAL_SHIFT_STRESS_FULL10_SEEDS_1_10_V24.zip,json/RB41__early_to_late_transfer__strict_inductive__gcn__none/elliptic__strict_inductive__gcn__seed6.json,4172,1846847553,a81c920ed0b88da59e2d92c5c7b568bf7e98ee0d1448d7cd6396d951488d0810,0.4301,0.3873,0.8585,0.1099,0.7126,0.5171,0.3682,10.782,one of three metric-identical label copies retained; stress labels were not passed to harness
elliptic,strict_inductive,gcn,7,none,deduplicated_v24_rerun_contract,RB41,RB41__early_to_late_transfer__strict_inductive__gcn__none,128,2,RB41_ELLIPTIC_TEMPORAL_SHIFT_STRESS_FULL10_SEEDS_1_10_V24,kaggleoutputs/v24/rb41_elliptic_full10/DOWNLOAD_ME_RB41_ELLIPTIC_TEMPORAL_SHIFT_STRESS_FULL10_SEEDS_1_10_V24.zip,json/RB41__early_to_late_transfer__strict_inductive__gcn__none/elliptic__strict_inductive__gcn__seed7.json,4169,1574422308,a2b18549faebdb9fc64d881b8c10fdc045d33ba72831ed3f6bc879e169bebf6e,0.452,0.4458,0.865,0.133,0.8623,0.5106,0.4054,10.881,one of three metric-identical label copies retained; stress labels were not passed to harness
elliptic,strict_inductive,gcn,8,none,deduplicated_v24_rerun_contract,RB41,RB41__early_to_late_transfer__strict_inductive__gcn__none,128,2,RB41_ELLIPTIC_TEMPORAL_SHIFT_STRESS_FULL10_SEEDS_1_10_V24,kaggleoutputs/v24/rb41_elliptic_full10/DOWNLOAD_ME_RB41_ELLIPTIC_TEMPORAL_SHIFT_STRESS_FULL10_SEEDS_1_10_V24.zip,json/RB41__early_to_late_transfer__strict_inductive__gcn__none/elliptic__strict_inductive__gcn__seed8.json,4172,2157544281,d2f6213a933e05e6efd72e2a4acc26274dcb1041ae85ebad0e8cd2ba9861bb70,0.4353,0.3937,0.8563,0.1136,0.7365,0.4922,0.3902,10.671,one of three metric-identical label copies retained; stress labels were not passed to harness
elliptic,strict_inductive,gcn,9,none,deduplicated_v24_rerun_contract,RB41,RB41__early_to_late_transfer__strict_inductive__gcn__none,128,2,RB41_ELLIPTIC_TEMPORAL_SHIFT_STRESS_FULL10_SEEDS_1_10_V24,kaggleoutputs/v24/rb41_elliptic_full10/DOWNLOAD_ME_RB41_ELLIPTIC_TEMPORAL_SHIFT_STRESS_FULL10_SEEDS_1_10_V24.zip,json/RB41__early_to_late_transfer__strict_inductive__gcn__none/elliptic__strict_inductive__gcn__seed9.json,4170,4094274798,ab134763e67accfbaab1c844a257ce9bf16ee23d29fa9ee8ac97a26885e1792a,0.466,0.4688,0.8649,0.1274,0.8263,0.5346,0.413,10.861,one of three metric-identical label copies retained; stress labels were not passed to harness
elliptic,strict_inductive,gcn,10,none,deduplicated_v24_rerun_contract,RB41,RB41__early_to_late_transfer__strict_inductive__gcn__none,128,2,RB41_ELLIPTIC_TEMPORAL_SHIFT_STRESS_FULL10_SEEDS_1_10_V24,kaggleoutputs/v24/rb41_elliptic_full10/DOWNLOAD_ME_RB41_ELLIPTIC_TEMPORAL_SHIFT_STRESS_FULL10_SEEDS_1_10_V24.zip,json/RB41__early_to_late_transfer__strict_inductive__gcn__none/elliptic__strict_inductive__gcn__seed10.json,4178,2176564308,2b75ea109ba1babc742b7a17bdc50258c19bffa35e17673c87b603eb45c2a61b,0.5112,0.5041,0.8792,0.1302,0.8443,0.5466,0.4801,10.732,one of three metric-identical label copies retained; stress labels were not passed to harness
elliptic,strict_inductive,mlp,1,none,deduplicated_v24_rerun_contract,RB41,RB41__early_to_late_transfer__strict_inductive__mlp__none,128,2,RB41_ELLIPTIC_TEMPORAL_SHIFT_STRESS_FULL10_SEEDS_1_10_V24,kaggleoutputs/v24/rb41_elliptic_full10/DOWNLOAD_ME_RB41_ELLIPTIC_TEMPORAL_SHIFT_STRESS_FULL10_SEEDS_1_10_V24.zip,json/RB41__early_to_late_transfer__strict_inductive__mlp__none/elliptic__strict_inductive__mlp__seed1.json,4170,1744353054,6ecda42ca224a70e6b0bf1182312978f22eae7af5c5a27f028e3f517777999c8,0.4026,0.5909,0.8815,0.1385,0.8982,0.6934,0.2836,3.011,one of three metric-identical label copies retained; stress labels were not passed to harness
elliptic,strict_inductive,mlp,2,none,deduplicated_v24_rerun_contract,RB41,RB41__early_to_late_transfer__strict_inductive__mlp__none,128,2,RB41_ELLIPTIC_TEMPORAL_SHIFT_STRESS_FULL10_SEEDS_1_10_V24,kaggleoutputs/v24/rb41_elliptic_full10/DOWNLOAD_ME_RB41_ELLIPTIC_TEMPORAL_SHIFT_STRESS_FULL10_SEEDS_1_10_V24.zip,json/RB41__early_to_late_transfer__strict_inductive__mlp__none/elliptic__strict_inductive__mlp__seed2.json,4167,2001142380,1ee32a55ec1e6f31968814ecbd6ff6246f23ceb702aa7fe02e6d5bdae402beb1,0.3928,0.5901,0.881,0.1385,0.8982,0.7027,0.2726,3.006,one of three metric-identical label copies retained; stress labels were not passed to harness
elliptic,strict_inductive,mlp,3,none,deduplicated_v24_rerun_contract,RB41,RB41__early_to_late_transfer__strict_inductive__mlp__none,128,2,RB41_ELLIPTIC_TEMPORAL_SHIFT_STRESS_FULL10_SEEDS_1_10_V24,kaggleoutputs/v24/rb41_elliptic_full10/DOWNLOAD_ME_RB41_ELLIPTIC_TEMPORAL_SHIFT_STRESS_FULL10_SEEDS_1_10_V24.zip,json/RB41__early_to_late_transfer__strict_inductive__mlp__none/elliptic__strict_inductive__mlp__seed3.json,4170,3629062714,ec5acf2a11dea5c82228cd9315e4c413a64dd35c48ce45406b570c56c8bcb947,0.4036,0.5714,0.8736,0.1348,0.8743,0.6787,0.2872,3.08,one of three metric-identical label copies retained; stress labels were not passed to harness
elliptic,strict_inductive,mlp,4,none,deduplicated_v24_rerun_contract,RB41,RB41__early_to_late_transfer__strict_inductive__mlp__none,128,2,RB41_ELLIPTIC_TEMPORAL_SHIFT_STRESS_FULL10_SEEDS_1_10_V24,kaggleoutputs/v24/rb41_elliptic_full10/DOWNLOAD_ME_RB41_ELLIPTIC_TEMPORAL_SHIFT_STRESS_FULL10_SEEDS_1_10_V24.zip,json/RB41__early_to_late_transfer__strict_inductive__mlp__none/elliptic__strict_inductive__mlp__seed4.json,4166,2761773891,f510a79f26035dc871f97e6bacd483ebdce584df6427c9d11cdf36d2ac6bfd2d,0.3998,0.5908,0.877,0.144,0.9341,0.6842,0.2824,3.05,one of three metric-identical label copies retained; stress labels were not passed to harness
elliptic,strict_inductive,mlp,5,none,deduplicated_v24_rerun_contract,RB41,RB41__early_to_late_transfer__strict_inductive__mlp__none,128,2,RB41_ELLIPTIC_TEMPORAL_SHIFT_STRESS_FULL10_SEEDS_1_10_V24,kaggleoutputs/v24/rb41_elliptic_full10/DOWNLOAD_ME_RB41_ELLIPTIC_TEMPORAL_SHIFT_STRESS_FULL10_SEEDS_1_10_V24.zip,json/RB41__early_to_late_transfer__strict_inductive__mlp__none/elliptic__strict_inductive__mlp__seed5.json,4170,1821747138,c0424ac937f64aae9a9666232d960f0fb1f2304c24811568c414890721e83c0e,0.4121,0.5885,0.8787,0.1376,0.8922,0.6768,0.2963,3.129,one of three metric-identical label copies retained; stress labels were not passed to harness
elliptic,strict_inductive,mlp,6,none,deduplicated_v24_rerun_contract,RB41,RB41__early_to_late_transfer__strict_inductive__mlp__none,128,2,RB41_ELLIPTIC_TEMPORAL_SHIFT_STRESS_FULL10_SEEDS_1_10_V24,kaggleoutputs/v24/rb41_elliptic_full10/DOWNLOAD_ME_RB41_ELLIPTIC_TEMPORAL_SHIFT_STRESS_FULL10_SEEDS_1_10_V24.zip,json/RB41__early_to_late_transfer__strict_inductive__mlp__none/elliptic__strict_inductive__mlp__seed6.json,4169,2575092113,f1ab847888f539c0dc8778ac5885ecf1c2be9c287a914aebc880dd5d708de3b4,0.4008,0.5826,0.8804,0.1385,0.8982,0.7045,0.2801,3.007,one of three metric-identical label copies retained; stress labels were not passed to harness
elliptic,strict_inductive,mlp,7,none,deduplicated_v24_rerun_contract,RB41,RB41__early_to_late_transfer__strict_inductive__mlp__none,128,2,RB41_ELLIPTIC_TEMPORAL_SHIFT_STRESS_FULL10_SEEDS_1_10_V24,kaggleoutputs/v24/rb41_elliptic_full10/DOWNLOAD_ME_RB41_ELLIPTIC_TEMPORAL_SHIFT_STRESS_FULL10_SEEDS_1_10_V24.zip,json/RB41__early_to_late_transfer__strict_inductive__mlp__none/elliptic__strict_inductive__mlp__seed7.json,4170,843384339,9cff9687b809d183d094dd6e2e30f89502f3c01a198da783a9ac37f0611cb421,0.4018,0.5692,0.8749,0.133,0.8623,0.6833,0.2846,3.086,one of three metric-identical label copies retained; stress labels were not passed to harness
elliptic,strict_inductive,mlp,8,none,deduplicated_v24_rerun_contract,RB41,RB41__early_to_late_transfer__strict_inductive__mlp__none,128,2,RB41_ELLIPTIC_TEMPORAL_SHIFT_STRESS_FULL10_SEEDS_1_10_V24,kaggleoutputs/v24/rb41_elliptic_full10/DOWNLOAD_ME_RB41_ELLIPTIC_TEMPORAL_SHIFT_STRESS_FULL10_SEEDS_1_10_V24.zip,json/RB41__early_to_late_transfer__strict_inductive__mlp__none/elliptic__strict_inductive__mlp__seed8.json,4169,3565087980,d0f0c6afc70057a97075903a41722e4c675d276fbeb31bbc341c05912a7acf40,0.4379,0.5982,0.8791,0.1404,0.9102,0.6704,0.3251,2.985,one of three metric-identical label copies retained; stress labels were not passed to harness
elliptic,strict_inductive,mlp,9,none,deduplicated_v24_rerun_contract,RB41,RB41__early_to_late_transfer__strict_inductive__mlp__none,128,2,RB41_ELLIPTIC_TEMPORAL_SHIFT_STRESS_FULL10_SEEDS_1_10_V24,kaggleoutputs/v24/rb41_elliptic_full10/DOWNLOAD_ME_RB41_ELLIPTIC_TEMPORAL_SHIFT_STRESS_FULL10_SEEDS_1_10_V24.zip,json/RB41__early_to_late_transfer__strict_inductive__mlp__none/elliptic__strict_inductive__mlp__seed9.json,4167,368912845,087ccdd5828dbd32994c96e8609ef9613950b780d04582700af9a545493cdfb5,0.3971,0.577,0.8735,0.1413,0.9162,0.6824,0.28,3.112,one of three metric-identical label copies retained; stress labels were not passed to harness
elliptic,strict_inductive,mlp,10,none,deduplicated_v24_rerun_contract,RB41,RB41__early_to_late_transfer__strict_inductive__mlp__none,128,2,RB41_ELLIPTIC_TEMPORAL_SHIFT_STRESS_FULL10_SEEDS_1_10_V24,kaggleoutputs/v24/rb41_elliptic_full10/DOWNLOAD_ME_RB41_ELLIPTIC_TEMPORAL_SHIFT_STRESS_FULL10_SEEDS_1_10_V24.zip,json/RB41__early_to_late_transfer__strict_inductive__mlp__none/elliptic__strict_inductive__mlp__seed10.json,4178,3925130119,efe7bcde8d3afea943962298bf9bcb18d8fec6965e9f05c92e466a8fe3fa8f81,0.4215,0.5898,0.8775,0.1367,0.8862,0.6796,0.3055,3.032,one of three metric-identical label copies retained; stress labels were not passed to harness
elliptic,strict_inductive,sage,1,none,deduplicated_v24_rerun_contract,RB41,RB41__early_to_late_transfer__strict_inductive__graphsage__none,128,2,RB41_ELLIPTIC_TEMPORAL_SHIFT_STRESS_FULL10_SEEDS_1_10_V24,kaggleoutputs/v24/rb41_elliptic_full10/DOWNLOAD_ME_RB41_ELLIPTIC_TEMPORAL_SHIFT_STRESS_FULL10_SEEDS_1_10_V24.zip,json/RB41__early_to_late_transfer__strict_inductive__graphsage__none/elliptic__strict_inductive__sage__seed1.json,4205,1239911254,f91bcc57456d128cc7c2727c38e90c8b0f96f8fe8f1356ca2e5bd1025285d35f,0.4484,0.6328,0.8964,0.1533,0.994,0.6907,0.332,12.452,one of three metric-identical label copies retained; stress labels were not passed to harness
elliptic,strict_inductive,sage,2,none,deduplicated_v24_rerun_contract,RB41,RB41__early_to_late_transfer__strict_inductive__graphsage__none,128,2,RB41_ELLIPTIC_TEMPORAL_SHIFT_STRESS_FULL10_SEEDS_1_10_V24,kaggleoutputs/v24/rb41_elliptic_full10/DOWNLOAD_ME_RB41_ELLIPTIC_TEMPORAL_SHIFT_STRESS_FULL10_SEEDS_1_10_V24.zip,json/RB41__early_to_late_transfer__strict_inductive__graphsage__none/elliptic__strict_inductive__sage__seed2.json,4206,4109519530,769dc2a20c557832463c9016c165c520b1fa3c62c8b054b7dfddf6bb3ec00a23,0.4546,0.584,0.8883,0.1524,0.988,0.6454,0.3509,12.373,one of three metric-identical label copies retained; stress labels were not passed to harness
elliptic,strict_inductive,sage,3,none,deduplicated_v24_rerun_contract,RB41,RB41__early_to_late_transfer__strict_inductive__graphsage__none,128,2,RB41_ELLIPTIC_TEMPORAL_SHIFT_STRESS_FULL10_SEEDS_1_10_V24,kaggleoutputs/v24/rb41_elliptic_full10/DOWNLOAD_ME_RB41_ELLIPTIC_TEMPORAL_SHIFT_STRESS_FULL10_SEEDS_1_10_V24.zip,json/RB41__early_to_late_transfer__strict_inductive__graphsage__none/elliptic__strict_inductive__sage__seed3.json,4208,3853930870,cd8483258a181f4f8a42fe7986d3ffe6d3b2b88a35d74506af90f9bdd510db9f,0.4546,0.6237,0.8943,0.1533,0.994,0.6611,0.3464,13.811,one of three metric-identical label copies retained; stress labels were not passed to harness
elliptic,strict_inductive,sage,4,none,deduplicated_v24_rerun_contract,RB41,RB41__early_to_late_transfer__strict_inductive__graphsage__none,128,2,RB41_ELLIPTIC_TEMPORAL_SHIFT_STRESS_FULL10_SEEDS_1_10_V24,kaggleoutputs/v24/rb41_elliptic_full10/DOWNLOAD_ME_RB41_ELLIPTIC_TEMPORAL_SHIFT_STRESS_FULL10_SEEDS_1_10_V24.zip,json/RB41__early_to_late_transfer__strict_inductive__graphsage__none/elliptic__strict_inductive__sage__seed4.json,4206,713288236,b9dbe00643dd4e001f2180e7fa87d9b3d93b15a2cc57f8ca1e921e249d73032e,0.4768,0.6153,0.8904,0.1533,0.994,0.65,0.3765,12.933,one of three metric-identical label copies retained; stress labels were not passed to harness
elliptic,strict_inductive,sage,5,none,deduplicated_v24_rerun_contract,RB41,RB41__early_to_late_transfer__strict_inductive__graphsage__none,128,2,RB41_ELLIPTIC_TEMPORAL_SHIFT_STRESS_FULL10_SEEDS_1_10_V24,kaggleoutputs/v24/rb41_elliptic_full10/DOWNLOAD_ME_RB41_ELLIPTIC_TEMPORAL_SHIFT_STRESS_FULL10_SEEDS_1_10_V24.zip,json/RB41__early_to_late_transfer__strict_inductive__graphsage__none/elliptic__strict_inductive__sage__seed5.json,4206,3864878376,cd428011d3c3cf12107be4418b26c2f3da611f932c9f6bbfd44626b0cfb24cb5,0.4981,0.5556,0.874,0.1533,0.994,0.6196,0.4165,13.803,one of three metric-identical label copies retained; stress labels were not passed to harness
elliptic,strict_inductive,sage,6,none,deduplicated_v24_rerun_contract,RB41,RB41__early_to_late_transfer__strict_inductive__graphsage__none,128,2,RB41_ELLIPTIC_TEMPORAL_SHIFT_STRESS_FULL10_SEEDS_1_10_V24,kaggleoutputs/v24/rb41_elliptic_full10/DOWNLOAD_ME_RB41_ELLIPTIC_TEMPORAL_SHIFT_STRESS_FULL10_SEEDS_1_10_V24.zip,json/RB41__early_to_late_transfer__strict_inductive__graphsage__none/elliptic__strict_inductive__sage__seed6.json,4206,2945633478,ac93c15030cd48772a3aa7334f8c95f26a66b00c622b791e031f1ad2b5f2f059,0.475,0.612,0.8807,0.1505,0.976,0.6713,0.3675,12.731,one of three metric-identical label copies retained; stress labels were not passed to harness
elliptic,strict_inductive,sage,7,none,deduplicated_v24_rerun_contract,RB41,RB41__early_to_late_transfer__strict_inductive__graphsage__none,128,2,RB41_ELLIPTIC_TEMPORAL_SHIFT_STRESS_FULL10_SEEDS_1_10_V24,kaggleoutputs/v24/rb41_elliptic_full10/DOWNLOAD_ME_RB41_ELLIPTIC_TEMPORAL_SHIFT_STRESS_FULL10_SEEDS_1_10_V24.zip,json/RB41__early_to_late_transfer__strict_inductive__graphsage__none/elliptic__strict_inductive__sage__seed7.json,4205,583347136,1d084dda2cf31745198afd2fdd2e4e7592a10d9b16b1d9a4cd9392c7cf4fad35,0.4508,0.6187,0.8907,0.1542,1.0,0.6833,0.3364,13.536,one of three metric-identical label copies retained; stress labels were not passed to harness
elliptic,strict_inductive,sage,8,none,deduplicated_v24_rerun_contract,RB41,RB41__early_to_late_transfer__strict_inductive__graphsage__none,128,2,RB41_ELLIPTIC_TEMPORAL_SHIFT_STRESS_FULL10_SEEDS_1_10_V24,kaggleoutputs/v24/rb41_elliptic_full10/DOWNLOAD_ME_RB41_ELLIPTIC_TEMPORAL_SHIFT_STRESS_FULL10_SEEDS_1_10_V24.zip,json/RB41__early_to_late_transfer__strict_inductive__graphsage__none/elliptic__strict_inductive__sage__seed8.json,4206,1543595890,0bb61c478942b8141feafbe4e9654f0bde475c1f3cfe4a088496583986ccec44,0.4528,0.5992,0.8843,0.1533,0.994,0.6574,0.3453,12.794,one of three metric-identical label copies retained; stress labels were not passed to harness
elliptic,strict_inductive,sage,9,none,deduplicated_v24_rerun_contract,RB41,RB41__early_to_late_transfer__strict_inductive__graphsage__none,128,2,RB41_ELLIPTIC_TEMPORAL_SHIFT_STRESS_FULL10_SEEDS_1_10_V24,kaggleoutputs/v24/rb41_elliptic_full10/DOWNLOAD_ME_RB41_ELLIPTIC_TEMPORAL_SHIFT_STRESS_FULL10_SEEDS_1_10_V24.zip,json/RB41__early_to_late_transfer__strict_inductive__graphsage__none/elliptic__strict_inductive__sage__seed9.json,4207,1306290162,4c912da1a149dc627e844c69946d74705e34854eda2a1e9806c1a60378d1117b,0.4549,0.6132,0.8809,0.1524,0.988,0.6657,0.3455,13.616,one of three metric-identical label copies retained; stress labels were not passed to harness
elliptic,strict_inductive,sage,10,none,deduplicated_v24_rerun_contract,RB41,RB41__early_to_late_transfer__strict_inductive__graphsage__none,128,2,RB41_ELLIPTIC_TEMPORAL_SHIFT_STRESS_FULL10_SEEDS_1_10_V24,kaggleoutputs/v24/rb41_elliptic_full10/DOWNLOAD_ME_RB41_ELLIPTIC_TEMPORAL_SHIFT_STRESS_FULL10_SEEDS_1_10_V24.zip,json/RB41__early_to_late_transfer__strict_inductive__graphsage__none/elliptic__strict_inductive__sage__seed10.json,4214,1431419052,e611353c7e533cf8577c48ec5f0dc00968df2f7f2de3c5933254e370113fa2d8,0.4778,0.6156,0.8923,0.1533,0.994,0.6565,0.3756,12.789,one of three metric-identical label copies retained; stress labels were not passed to harness
